step,kalman_corrected_offset,ai_corrected_offset,ai_prediction,ai_extra_correction
128,-0.00019215403840388954,-0.000177711456080208,-0.00028885164647363126,-1.4442582323681564e-05
129,-0.0003004137557907086,-0.00026785413617593363,-0.0003763616841752082,-1.8818084208760413e-05
130,-0.0002818018327387222,-0.00023360810294213735,-0.0003496467834338546,-1.748233917169273e-05
131,-6.845808190399194e-05,-1.5798007816689546e-05,-0.00015023283776827157,-7.511641888413579e-06
132,-1.3002718437395152e-05,4.0507002548264934e-05,-9.137963206740096e-05,-4.5689816033700484e-06
133,-0.00016267580650331708,-0.0001011216534130354,-0.0002412493631709367,-1.2062468158546835e-05
134,-0.00030464037594119545,-0.00022916354997874958,-0.0003689056320581585,-1.8445281602907927e-05
135,-0.0002035966087658956,-0.00011974741726753592,-0.00027527028578333557,-1.3763514289166778e-05
136,-0.00014305741799269694,-5.5163041203738514e-05,-0.00020348967518657446,-1.0174483759328724e-05
137,-3.756794497279186e-05,4.926428086327851e-05,-0.00011090900079580024,-5.545450039790013e-06
138,-5.655643358002627e-05,3.0200499839125706e-05,-0.00013331297668628395,-6.665648834314198e-06
139,3.3076873728996464e-07,8.594997339745556e-05,-0.00011333022121107206,-5.6665110605536036e-06
140,-5.8276120704155224e-05,2.998688661251225e-05,-0.0001884223602246493,-9.421118011232466e-06
141,6.231776818961796e-05,0.00014839068097269453,-9.45735810091719e-05,-4.728679050458596e-06
142,-2.3539909275405203e-05,6.436604289106085e-05,-0.00017432498862035573,-8.716249431017786e-06
143,-1.7361885730266812e-05,7.251608444321476e-05,-0.00017890729941427708,-8.945364970713855e-06
144,-0.00012503663650386047,-2.875885051462139e-05,-0.0002698734460864216,-1.3493672304321082e-05
145,-0.00013053021817559035,-2.7080690156192624e-05,-0.000292267621261999,-1.4613381063099951e-05
146,1.888017385511708e-05,0.00012265199956239026,-0.00016535361646674573,-8.267680823337288e-06
147,6.604779533670866e-05,0.00016784739993861125,-0.00012411843636073172,-6.205921818036586e-06
148,8.360474175036874e-05,0.00018401399581945247,-0.00013601464161183685,-6.8007320805918425e-06
149,0.00017507111483524857,0.00027166700726052645,-8.669342059874907e-05,-4.334671029937454e-06
150,0.0002594810292094043,0.00034948799285630037,-2.752627551672049e-05,-1.3763137758360244e-06
151,0.00024776208025491036,0.00033175001798917765,-3.1480889447266236e-05,-1.574044472363312e-06
152,0.0003443920439436006,0.00041823002567178464,5.949801561655477e-05,2.9749007808277383e-06
153,0.0004488127345947459,0.0005081650838727602,0.0001589718012837693,7.948590064188466e-06
154,0.00024969226045556795,0.000305893975879857,-4.9021935410564765e-05,-2.4510967705282386e-06
155,0.0004043775727239215,0.0004503948507029312,0.00010163969272980466,5.081984636490233e-06
156,0.0004024510550812519,0.0004388891544682462,0.00010305707110092044,5.152853555046022e-06
157,0.00038480690973385803,0.00041289776061300147,9.274164767703041e-05,4.637082383851521e-06
158,0.0003913962558402232,0.0004121562424893875,8.587940101278946e-05,4.293970050639473e-06
159,0.0003049327499639036,0.0003230169775323679,4.956865268468391e-06,2.4784326342341955e-07
160,0.00028947654281039786,0.0003048260624278796,1.3315439900907222e-05,6.657719950453612e-07
161,0.00020477584323427185,0.0002207060957241914,-4.7655750677222386e-05,-2.3827875338611194e-06
162,0.0003030898246602057,0.00031518097288879055,4.21541444666218e-05,2.10770722333109e-06
163,0.00027072732909040435,0.0002810402685851496,5.156080987944733e-06,2.5780404939723666e-07
164,0.0002901390976295899,0.0002982238272572926,1.7454189219279215e-05,8.727094609639608e-07
165,0.00022390226420601077,0.00023424156892854994,-6.880998989799991e-05,-3.440499494899996e-06
166,0.0002149478434995326,0.00022756871292281395,-7.0283240347635e-05,-3.51416201738175e-06
167,0.00023554439503543011,0.0002489855588371387,-4.3678348447429016e-05,-2.183917422371451e-06
168,0.00014202014290443175,0.00015914044367615503,-0.00010270468919770792,-5.135234459885396e-06
169,0.0003270053538934786,0.0003378346050719813,9.235439210897312e-05,4.617719605448656e-06
170,0.00035808332228238576,0.0003617032870726672,0.00011512495257193223,5.7562476285966115e-06
171,0.0003199116681866632,0.0003193868334684823,6.250284786801785e-05,3.125142393400893e-06
172,0.0003170331266818237,0.0003141719318889898,3.367063254700042e-05,1.6835316273500212e-06
173,0.00021888175901157118,0.00021882395079829325,-6.40427169855684e-05,-3.2021358492784203e-06
174,0.00029460581829154344,0.00029411355293206784,-6.616892278543673e-08,-3.308446139271837e-09
175,0.00031542821037993133,0.0003134276051248848,2.1537112843361683e-05,1.0768556421680842e-06
176,0.0001182125597467651,0.00012403173623591924,-0.00016350526129826903,-8.175263064913452e-06
177,0.00013536181976451432,0.00014815812924353277,-0.00015368575986940414,-7.684287993470207e-06
178,0.00015536246158544194,0.00017454314772691944,-0.00015134031127672642,-7.567015563836322e-06
179,6.84335735846722e-05,9.762078289400862e-05,-0.0002336880861548707,-1.1684404307743535e-05
180,0.0001629165491661194,0.0001966830905085929,-0.00013875530567020178,-6.9377652835100894e-06
181,0.00019008964630502312,0.00022534358417107645,-8.669231465319172e-05,-4.334615732659586e-06
182,0.00036610572627756525,0.00039454330992231087,7.406783697661012e-05,3.7033918488305065e-06
183,0.0002642162830544216,0.000291624894631459,-3.720297900144942e-05,-1.8601489500724712e-06
184,0.00035732685234044084,0.00037909847003167354,5.755995152867399e-05,2.8779975764337e-06
185,0.0003004696841659103,0.00031969228067667906,2.182442131015705e-06,1.0912210655078526e-07
186,0.0004591880706832185,0.00046905678053073643,0.00014449060836341232,7.224530418170616e-06
187,0.00043689238273043413,0.00043852614650827395,0.00013597795623354614,6.798897811677307e-06
188,0.00046733205106304506,0.0004598980725234591,0.0001678958797128871,8.394793985644355e-06
189,0.00046228375342841744,0.00044618698337853816,0.00017638418648857623,8.819209324428813e-06
190,0.00038755214874267133,0.00036753057465775354,9.540610335534438e-05,4.770305167767219e-06
191,0.00018843079678420747,0.00017458300116779464,-9.757946099853143e-05,-4.878973049926572e-06
192,0.00031115354444247786,0.00029596337667118545,5.018239244236611e-05,2.5091196221183056e-06
193,0.0004453898189749407,0.00042221110295939294,0.00018343082047067583,9.171541023533791e-06
194,0.0002833984156133429,0.00026086326365847826,1.8668004486244172e-05,9.334002243122086e-07
195,0.00023531515025973284,0.00021539785646027416,-1.8432978322380222e-05,-9.216489161190112e-07
196,0.00011504959987678087,0.00010316116847662905,-0.0001282835437450558,-6.41417718725279e-06
197,0.0001505208601939506,0.00014348947268855806,-7.326442573685199e-05,-3.6632212868426e-06
198,0.00019974704170285358,0.00019438132796866298,-1.7367372493026778e-05,-8.683686246513389e-07
199,0.00028101251053340296,0.0002719108305130577,8.601925947004929e-05,4.300962973502464e-06
200,0.0003056990724768349,0.0002918667925373635,0.00010776415001600981,5.388207500800491e-06
201,0.00028590893131576455,0.0002688636136728254,8.271288243122399e-05,4.135644121561199e-06
202,0.00030359829451915237,0.00028246790774748726,0.00010529715655138716,5.264857827569358e-06
203,0.0001647553048141545,0.00014732780947816147,-4.453154906514101e-05,-2.2265774532570506e-06
204,5.630972531031682e-05,4.768605391339224e-05,-0.00014787973486818373,-7.393986743409187e-06
205,8.994101847326128e-05,8.663682077296167e-05,-8.724736835574731e-05,-4.3623684177873654e-06
206,5.237384467685268e-05,5.4851643055790495e-05,-0.0001051205545081757,-5.2560277254087856e-06
207,0.0001641740351988148,0.00016619942957871856,1.0660660336725414e-05,5.330330168362707e-07
208,0.0001541871905162709,0.0001557912037679172,7.07730941940099e-06,3.538654709700495e-07
209,5.674332748946457e-05,6.252981428415215e-05,-8.572242950322106e-05,-4.286121475161054e-06
210,-2.4674124617857176e-05,-1.1218859543695077e-05,-0.00015978491865098476,-7.989245932549239e-06
211,-0.00013112775516354564,-0.00010739713600225213,-0.00022107972472440451,-1.1053986236220226e-05
212,2.7877307168352464e-05,5.1624711155861385e-05,-2.947592656710185e-05,-1.4737963283550927e-06
213,2.2413684530249877e-05,4.556042297154796e-05,-2.241778747702483e-05,-1.1208893738512417e-06
214,2.6908626358189823e-05,4.8583207442196706e-05,-6.362408385029994e-06,-3.1812041925149973e-07
215,1.0659651259952052e-05,3.254952635420296e-05,-3.9100628782762215e-05,-1.955031439138111e-06
216,5.171400363801776e-05,7.181260000683607e-05,1.357776682198164e-06,6.78888341099082e-08
217,9.301804674940946e-05,0.00010959112531702091,3.783300053328276e-05,1.891650026664138e-06
218,5.961151509565577e-05,7.494780171488645e-05,-3.835036295640748e-06,-1.917518147820374e-07
219,1.2490759576304741e-05,2.8909563003802186e-05,-4.7451991122215986e-05,-2.3725995561107996e-06
220,0.0001466349810231455,0.00015640668345704993,0.00010714719974203035,5.357359987101518e-06
221,0.0002644763336158067,0.00026232548059751057,0.0002191119419876486,1.095559709938243e-05
222,0.0003272372942182111,0.0003115854886988555,0.0002647202054504305,1.3236010272521527e-05
223,0.0004506479972358304,0.00041808258066767227,0.00035144310095347464,1.7572155047673733e-05
224,0.0004303246096715494,0.0003844641591735196,0.0003025461919605732,1.512730959802866e-05
225,0.0004410144257702812,0.00038376152630822046,0.00028636789647862315,1.4318394823931159e-05
226,0.000383400766096627,0.0003192613464895436,0.00021566406940110028,1.0783203470055015e-05
227,0.0002692351039835049,0.00020395854976581717,0.00011477760563138872,5.738880281569437e-06
228,0.0003701772186017513,0.0002982367134809792,0.00023180406424216926,1.1590203212108464e-05
229,0.0004945255917694122,0.00041125976582632496,0.0003339798713568598,1.669899356784299e-05
230,0.0005143292295063137,0.0004202683859767764,0.00033778647775761783,1.688932388788089e-05
231,0.00048469888933690565,0.0003832089806148127,0.00028645244310609996,1.4322622155305e-05
232,0.0004548482256241002,0.00034952665233675364,0.00022782234009355307,1.1391117004677655e-05
233,0.0003034469041423941,0.00020315042930284415,5.949387195869349e-05,2.9746935979346746e-06
234,0.00020676698510329269,0.00011552817165328494,-2.2671883925795555e-05,-1.1335941962897778e-06
235,8.67416714039177e-05,9.04824796589451e-06,-0.0001217981698573567,-6.089908492867835e-06
236,-6.516593308271173e-05,-0.00012436082842746327,-0.00023724959464743733,-1.1862479732371867e-05
237,-0.00018151083744347404,-0.0002198174155782243,-0.00030896186945028603,-1.5448093472514304e-05
238,-0.0002919682815396394,-0.0003080045597517106,-0.00036586655187420547,-1.8293327593710276e-05
239,-0.0001158602087205464,-0.00012228220586721255,-0.00014548227773047984,-7.2741138865239925e-06
240,8.625116559841496e-05,7.796325411123021e-05,6.230889266589656e-05,3.1154446332948283e-06
241,-3.98901124077853e-05,-4.34683918650325e-05,-7.569013541797176e-05,-3.784506770898588e-06
242,-9.848555080713095e-05,-9.54619791633791e-05,-0.00012057099229423329,-6.028549614711665e-06
243,-9.158509233160013e-06,-4.585079795584969e-06,-2.86396752926521e-05,-1.431983764632605e-06
244,-0.00015399249215780758,-0.0001406601692206088,-0.00017782191571313888,-8.891095785656945e-06
245,-0.00015431166174145357,-0.00013314320886531579,-0.00016983201203402132,-8.491600601701066e-06
246,-0.0001004886109163377,-7.590714042393645e-05,-9.305674029747024e-05,-4.6528370148735124e-06
247,-0.00015834343598758352,-0.00012798649190225514,-0.00014817871851846576,-7.408935925923288e-06
248,-0.000230260491053373,-0.00019190050125632646,-0.00020146206952631474,-1.0073103476315737e-05
249,-9.267417888534141e-05,-5.417890406778425e-05,-5.53605095774401e-05,-2.768025478872005e-06
250,-8.709060957927682e-05,-4.842781067610107e-05,-6.0584625316550955e-05,-3.0292312658275478e-06
251,2.798919917642409e-06,3.7651924410469344e-05,1.6899824913707562e-05,8.449912456853782e-07
252,-6.182068806353509e-05,-2.8017774418023465e-05,-3.551860208972357e-05,-1.7759301044861786e-06
253,3.441749144943094e-05,6.251488595327813e-05,5.9538335335673764e-05,2.9769167667836883e-06
254,2.2754306639628354e-05,4.57921221822568e-05,5.279358447296545e-05,2.6396792236482725e-06
255,0.00016851377534580098,0.000179846583265646,0.00019288284238427877,9.644142119213939e-06
256,0.00016738648478684597,0.00016821477523655868,0.00018293509492650628,9.146754746325315e-06
257,0.00026550939351431687,0.00025283870492981826,0.00025839018053375185,1.2919509026687593e-05
258,0.00026758167800880467,0.00024214287474411998,0.0002628726069815457,1.3143630349077285e-05
259,0.00025289168125206544,0.00021814496407121056,0.0002134581736754626,1.0672908683773131e-05
260,0.0003008260809313013,0.00025707576336912383,0.0002241019537905231,1.1205097689526157e-05
261,0.00027463914310295274,0.0002242606959055923,0.00019189348677173257,9.594674338586628e-06
262,8.16818608352665e-06,-3.470020816450772e-05,-7.859955803724006e-05,-3.929977901862003e-06
263,-0.0001136203292282691,-0.00014375692223845757,-0.00018539394659455866,-9.269697329727933e-06
264,6.188784732905802e-05,3.456031452371016e-05,-1.586638518347172e-07,-7.933192591735861e-09
265,-2.122947822706517e-05,-4.15288043060608e-05,-9.218806371791288e-05,-4.6094031858956445e-06
266,6.0575749383203015e-05,4.3889931346448584e-05,-3.38144636771176e-05,-1.69072318385588e-06
267,-0.00012974846648118677,-0.00013462040517721687,-0.00020495605713222176,-1.0247802856611088e-05
268,5.6708997408001365e-05,5.135218279936309e-05,2.684397804841865e-05,1.3421989024209325e-06
269,-2.4243738541583363e-05,-2.6612954557855294e-05,-4.7528385039186105e-05,-2.3764192519593053e-06
270,0.0001947534193603183,0.00018440175906031086,0.00016673142090439796,8.336571045219899e-06
271,0.0001482221330244958,0.0001331768582146031,0.00010647597082424909,5.323798541212455e-06
272,0.0001687057046891561,0.00014955368542452966,0.00010155510244658217,5.077755122329109e-06
273,0.00010244282637059208,8.281080414282087e-05,3.561080666258931e-05,1.7805403331294656e-06
274,0.00011993284960628835,9.778584800445369e-05,7.929368439363316e-05,3.964684219681658e-06
275,-4.4643070831396805e-05,-6.120727375693631e-05,-7.908078259788454e-05,-3.954039129894227e-06
276,-1.3813259739218733e-05,-2.7274496232039895e-05,-3.343944626976736e-05,-1.671972313488368e-06
277,9.394721216222175e-05,7.810004151474714e-05,7.168183219619095e-05,3.584091609809548e-06
278,8.39586257203689e-05,6.643847543087234e-05,5.799722202937119e-05,2.8998611014685594e-06
279,8.276770448276434e-07,-1.4153554983696291e-05,-2.4397166271228343e-05,-1.2198583135614173e-06
280,0.00016604389051168156,0.00014466043907672812,0.00015266497211996466,7.633248605998233e-06
281,0.00025394741293428114,0.0002228350580916837,0.00022474146680906415,1.1237073340453208e-05
282,0.0002934390877117846,0.0002524636020980184,0.0002389880537521094,1.1949402687605471e-05
283,0.00022013926204406188,0.00017402004913149208,0.0001585914724273607,7.929573621368036e-06
284,0.00011750727281179519,7.082038382129528e-05,7.740828004898503e-05,3.870414002449252e-06
285,8.579665279747893e-05,3.8462750795319164e-05,8.349482232006267e-05,4.174741116003134e-06
286,-4.563630141589098e-06,-4.960554743696548e-05,2.706176383071579e-05,1.3530881915357897e-06
287,-3.550227964629055e-05,-7.661675973525612e-05,-6.689631845802069e-06,-3.3448159229010346e-07
288,-5.894554386396605e-05,-9.428195353731142e-05,-4.775355773745105e-05,-2.3876778868725524e-06
289,-0.00013602087170329588,-0.00016281020689006405,-0.000110153247078415,-5.507662353920751e-06
290,-0.00010721485492899288,-0.00012850955973415327,-5.997913467581384e-05,-2.998956733790692e-06
291,-0.00013712648930846834,-0.00015249433130190278,-7.802910113241524e-05,-3.901455056620762e-06
292,-0.00013753822483462199,-0.0001488121796913971,-5.065625373390503e-05,-2.5328126866952516e-06
293,-4.0507398656399555e-05,-5.329888778465144e-05,5.409439472714439e-05,2.7047197363572198e-06
294,-4.718819349472551e-05,-5.9963001703486285e-05,2.2076736058807e-05,1.1038368029403502e-06
295,-4.5876591505277084e-05,-5.683865077710091e-05,-1.4320507034426555e-05,-7.160253517213278e-07
296,-7.125867942713193e-05,-7.854764550384454e-05,-5.3426421800395474e-05,-2.6713210900197738e-06
297,-3.212408531722697e-05,-3.8061402827740925e-05,-1.1260448445682414e-05,-5.630224222841208e-07
298,-0.00011941811215210566,-0.00012016648423669882,-9.09238078747876e-05,-4.54619039373938e-06
299,-0.00018522649221691204,-0.00017776094616493772,-0.00015757216897327453,-7.878608448663726e-06
300,-0.0002924394294203796,-0.0002730950646213398,-0.0002412219619145617,-1.2061098095728086e-05
301,-0.0003322971169436148,-0.0003017230597134039,-0.00024380060494877398,-1.2190030247438699e-05
302,-0.0002643941995396944,-0.00022887937469320604,-0.00013498651969712228,-6.749325984856114e-06
303,-0.0002409438776747056,-0.0002019430389470287,-0.0001173057098640129,-5.865285493200645e-06
304,-0.0001964409515993917,-0.00015610788844537697,-8.212547254515812e-05,-4.106273627257906e-06
305,-0.00029941000566556026,-0.0002531414357353492,-0.00017865690460894257,-8.93284523044713e-06
306,-0.00017395190533277656,-0.00012677317142263192,-8.579772111261263e-05,-4.289886055630632e-06
307,-9.941212278165368e-05,-5.433585570124333e-05,-2.9533053748309612e-05,-1.4766526874154807e-06
308,-0.00018218456063744432,-0.0001339513424481502,-0.00013437862799037248,-6.718931399518624e-06
309,-0.0001895294583783118,-0.00013756940919829996,-0.00014889737940393388,-7.444868970196694e-06
310,-0.0001976439647213296,-0.0001421983526182047,-0.00014908399316482246,-7.454199658241123e-06
311,-0.0003358487459966155,-0.00027097837691318535,-0.00027338138897903264,-1.3669069448951632e-05
312,-0.0003689702343006018,-0.00029496909510539775,-0.0002790091384667903,-1.3950456923339517e-05
313,-0.000382122100902849,-0.0002994560661012525,-0.0002832386817317456,-1.4161934086587281e-05
314,-0.0004132517442937779,-0.0003220310419699133,-0.0002949415647890419,-1.4747078239452094e-05
315,-0.00037769489495268437,-0.00028093549816603014,-0.0002485934237483889,-1.2429671187419444e-05
316,-0.0004647659317846979,-0.0003588341363410816,-0.0003323568089399487,-1.6617840446997435e-05
317,-0.00030713967808062957,-0.00019932052012556174,-0.0002002077962970361,-1.0010389814851806e-05
318,-0.00042614328874482767,-0.0003113868047318676,-0.0003086343058384955,-1.5431715291924777e-05
319,-0.0005179639736425461,-0.00039204424549342835,-0.0004031700373161584,-2.0158501865807923e-05
320,-0.0004229412735586699,-0.00029222574164955044,-0.00029097383958287537,-1.4548691979143769e-05
321,-0.0003797871084177478,-0.0002470126190168251,-0.0002471880870871246,-1.235940435435623e-05
322,-0.00020288090912592887,-7.582439069029209e-05,-9.834693628363311e-05,-4.917346814181656e-06
323,-0.00014164821773814546,-2.2138847464257763e-05,-5.926392987021245e-05,-2.9631964935106225e-06
324,-6.91331419361777e-05,4.104853945427852e-05,-1.5835674275876954e-05,-7.917837137938477e-07
325,6.588325075413546e-06,0.00010458884980337607,5.2847190090687945e-05,2.6423595045343973e-06
326,0.00013278068249321902,0.00021399538097285626,0.00016082152433227748,8.041076216613875e-06
327,2.3101825776534227e-05,9.463624726851821e-05,4.075691686011851e-05,2.0378458430059256e-06
328,0.000141305213472866,0.00019949162633114525,0.0001316523994319141,6.582619971595705e-06
329,-3.6200124855171525e-06,4.929987203638216e-05,-1.0544828910497017e-05,-5.272414455248508e-07
330,1.0064018829120499e-05,5.771426055895755e-05,1.847243083830108e-06,9.236215419150541e-08
331,-2.7053464721290648e-05,1.720655431224662e-05,-2.6100839022547007e-05,-1.3050419511273504e-06
332,-0.00016976045041984568,-0.00012215024490138835,-0.0001541073725093156,-7.70536862546578e-06
333,7.510102744958344e-05,0.00011282205961348835,0.00010984056279994547,5.492028139997274e-06
334,8.342958557348282e-06,3.973278922215809e-05,4.7814541176194325e-05,2.3907270588097164e-06
335,2.104033950234121e-06,2.853188840850302e-05,2.9943161280243658e-05,1.497158064012183e-06
336,-0.0001484277171849305,-0.00011946172004830207,-0.00011171103687956929,-5.585551843978465e-06
337,-0.0002784362666742864,-0.00024188502145538833,-0.00021204094809945673,-1.0602047404972837e-05
338,-0.00019531231756154233,-0.00015664586780358235,-0.00010991197632392868,-5.495598816196435e-06
339,-0.00023709315533932825,-0.00019453928323033922,-0.0001503375533502549,-7.516877667512745e-06
340,-0.0001761513164206676,-0.00013202541743193827,-0.00010987147834384814,-5.493573917192407e-06
341,-0.0002670040529501932,-0.00021626724851993593,-0.00021457791444845498,-1.072889572242275e-05
342,-5.74063094353975e-05,-9.78388978640261e-06,-2.8187729185447097e-05,-1.4093864592723549e-06
343,-9.998659994638272e-05,-5.341535584822064e-05,-6.971327093197033e-05,-3.4856635465985165e-06
344,-7.637269481634592e-05,-3.12041158325095e-05,-6.194366869749501e-05,-3.097183434874751e-06
345,3.0258668290919342e-05,6.825727500703398e-05,5.4871372412890196e-05,2.74356862064451e-06
346,3.233609291655898e-05,6.398701750848268e-05,4.579973028739914e-05,2.2899865143699574e-06
347,1.2094603481018687e-05,4.0253856458283806e-05,-2.4643438791827066e-06,-1.2321719395913535e-07
348,8.77115219635225e-05,0.00011043988583790175,4.29831343353726e-05,2.14915671676863e-06
349,3.712407897343222e-05,5.800666527608814e-05,-2.098992990795523e-05,-1.0494964953977615e-06
350,-4.526812645353605e-05,-2.1728002879067525e-05,-0.00010639314859872684,-5.319657429936342e-06
351,-0.00012583072973352234,-9.597140782840192e-05,-0.00018051659571938217,-9.025829785969109e-06
352,-5.43636390059778e-05,-2.212463719414225e-05,-0.00010831692634383217,-5.415846317191608e-06
353,-0.00016376486568054976,-0.00012424826157735768,-0.00021122819453012198,-1.05614097265061e-05
354,-0.00016484726326338822,-0.00011828686666250107,-0.00021566239593084902,-1.0783119796542452e-05
355,-0.00019732004613470764,-0.0001437772751011207,-0.00022493285359814763,-1.1246642679907382e-05
356,-0.00016051945044319636,-0.00010214008326524669,-0.0001930139260366559,-9.650696301832796e-06
357,-8.844987466067964e-05,-2.7943506375014636e-05,-0.0001479444617871195,-7.397223089355976e-06
358,1.3484408244859394e-05,7.1693791847015e-05,-6.524907075800002e-05,-3.262453537900001e-06
359,-0.00016414150452555764,-9.984275311486065e-05,-0.00023318165040109307,-1.1659082520054654e-05
360,-0.00020359388103275225,-0.00013143263542721425,-0.0002748839615378529,-1.3744198076892646e-05
361,-0.00021157864302354218,-0.00013241185237058064,-0.00026804153458215296,-1.3402076729107649e-05
362,-0.0003953560134320412,-0.00030237103100145646,-0.0004153358459006995,-2.0766792295034976e-05
363,-0.0005686905137374776,-0.00045655363230592735,-0.0005397694767452776,-2.6988473837263883e-05
364,-0.0005796763994729486,-0.00045111397674436627,-0.0005074866930954158,-2.537433465477079e-05
365,-0.0007378262099182921,-0.0005893785775421047,-0.0005985311581753194,-2.9926557908765974e-05
366,-0.0006131937715575938,-0.0004528535418731175,-0.00046430816291831434,-2.321540814591572e-05
367,-0.000492712161658211,-0.0003277662511504373,-0.0003384242590982467,-1.6921212954912337e-05
368,-0.0004434395824222857,-0.0002769426128742416,-0.00028813621611334383,-1.4406810805667192e-05
369,-0.00046354375734163685,-0.0002940256704788979,-0.0003218518104404211,-1.6092590522021057e-05
370,-0.0006257121968163511,-0.0004456253611697258,-0.00047541866661049426,-2.3770933330524714e-05
371,-0.0006433671361532633,-0.0004533245756649449,-0.0004743729077745229,-2.3718645388726147e-05
372,-0.0006588997626459539,-0.00046027302371328294,-0.00046131727867759764,-2.3065863933879883e-05
373,-0.000537867894191069,-0.00033830823476085057,-0.000322116567986086,-1.6105828399304302e-05
374,-0.00047234670570625467,-0.0002751175131231452,-0.0002630349772516638,-1.3151748862583191e-05
375,-0.00034980552629485374,-0.00015860632784129244,-0.0001891449064714834,-9.457245323574171e-06
376,-0.0004816892620088982,-0.0002906105799049706,-0.0003015188849531114,-1.507594424765557e-05
377,-0.000366625021759208,-0.00018072455020802148,-0.0001980266533792019,-9.901332668960095e-06
378,-0.00030638859063754456,-0.0001274533577438659,-0.00015636588796041906,-7.818294398020953e-06
379,-0.00018686167263299113,-1.7180085621722167e-05,-0.00010157453652936965,-5.078726826468483e-06
380,-0.00022676349383936125,-6.256285920022865e-05,-0.00016459835751447827,-8.229917875723914e-06
381,-0.00025892303039468453,-9.758708012786064e-05,-0.00020685492199845612,-1.0342746099922807e-05
382,-0.00034763584822922417,-0.00018474843453552514,-0.0002885508874896914,-1.442754437448457e-05
383,-0.0003953039128600965,-0.00022769329338521256,-0.0003509606176521629,-1.7548030882608145e-05
384,-0.0006481736820727522,-0.00046560640145012735,-0.00055982347112149,-2.79911735560745e-05
385,-0.0007040977656758738,-0.0005059022550161287,-0.0005893767229281366,-2.946883614640683e-05
386,-0.0007695568046953421,-0.000555813065136428,-0.0006091066752560437,-3.0455333762802185e-05
387,-0.0008831993921448101,-0.0006518103007359102,-0.0006742907571606338,-3.371453785803169e-05
388,-0.0006788866917776768,-0.0004405284265689331,-0.00048677492304705083,-2.4338746152352544e-05
389,-0.0007689080341122412,-0.0005199909764868399,-0.0005752670695073903,-2.8763353475369514e-05
390,-0.0009058341061244876,-0.0006405513540615369,-0.0007080343784764409,-3.540171892382205e-05
391,-0.0008618158963243409,-0.0005827152502089581,-0.0006793180946260691,-3.3965904731303456e-05
392,-0.0009246125973132797,-0.0006306613248840028,-0.0007218820392154157,-3.609410196077079e-05
393,-0.0008685785491294459,-0.0005636115981806364,-0.0006679687649011612,-3.339843824505806e-05
394,-0.000783048685541959,-0.000472409040756171,-0.0005805065156891942,-2.9025325784459713e-05
395,-0.0007665177402448748,-0.0004524847916645708,-0.0005478349630720913,-2.739174815360457e-05
396,-0.0006547133771750218,-0.00034387591995690996,-0.00042428687447682023,-2.1214343723841013e-05
397,-0.0006094809000779324,-0.00030368297943967064,-0.0003874465182889253,-1.9372325914446266e-05
398,-0.0006150097835854302,-0.00031276775644248475,-0.0004122424579691142,-2.061212289845571e-05
399,-0.0005498598523216626,-0.0002541066507580086,-0.00034826892078854144,-1.7413446039427074e-05
400,-0.0004901725128759038,-0.00020298034383400414,-0.00029849528800696135,-1.4924764400348067e-05
401,-0.0005116764628799152,-0.00023100015137580867,-0.0003279061056673527,-1.6395305283367634e-05
402,-0.0003850380699864412,-0.00011627577239060207,-0.0002092275390168652,-1.0461376950843261e-05
403,-0.0004904662034066574,-0.00022804661269370014,-0.0003049945516977459,-1.5249727584887297e-05
404,-0.00045511399124658166,-0.00019986467544868357,-0.00027630440308712423,-1.3815220154356212e-05
405,-0.00043544193187718925,-0.00018767511594348606,-0.00025846235803328454,-1.2923117901664228e-05
406,-0.0005694594977882168,-0.00032211197275255703,-0.000388032611226663,-1.9401630561333152e-05
407,-0.00042529130886885725,-0.00018461802346297172,-0.00025805991026572883,-1.2902995513286443e-05
408,-0.0003394457227026337,-0.00010863920484024831,-0.00018586836813483387,-9.293418406741695e-06
409,-0.00023133721158975578,-1.3453898025991661e-05,-0.00011197495041415095,-5.598747520707548e-06
410,-0.0003101953772819066,-0.00010019015113850763,-0.00019545569375623018,-9.772784687811509e-06
411,-0.0002085515423954319,-1.1704216154207645e-05,-7.555689808214083e-05,-3.777844904107042e-06
412,-0.00014632226022290418,3.638144203455895e-05,-3.760556865017861e-05,-1.8802784325089306e-06
413,-0.0002782247549328605,-0.00010196708373497172,-0.0001708608615444973,-8.543043077224867e-06
414,-0.0002793183473292129,-0.00010903361965424111,-0.00016615938511677086,-8.307969255838544e-06
415,-0.0003076851331433409,-0.00014133091637007794,-0.00019579959916882217,-9.789979958441109e-06
416,-0.0004255871831028924,-0.0002565099559193998,-0.00032077301875688136,-1.6038650937844067e-05
417,-0.00037427334842259237,-0.000204587401250256,-0.0002780379436444491,-1.3901897182222457e-05
418,-0.0002922893971089661,-0.00012541837957342792,-0.00020998429681640118,-1.049921484082006e-05
419,-0.00026657355389260424,-0.00010361964633715534,-0.0001853681169450283,-9.268405847251415e-06
420,-0.00019274089666325095,-3.544751802256611e-05,-0.00014571435167454183,-7.285717583727092e-06
421,-0.0001744341140176019,-2.2558569999872565e-05,-0.0001432451099390164,-7.16225549695082e-06
422,-0.00023586473953050532,-8.530835841061772e-05,-0.00021716169430874288,-1.0858084715437144e-05
423,-0.00019912017535984736,-5.1514440833627565e-05,-0.00018017392721958458,-9.00869636097923e-06
424,-0.00022462188831445256,-7.898091710379978e-05,-0.0001953624450834468,-9.76812225417234e-06
425,-0.0001736919771023778,-3.1988164854373594e-05,-0.00015227714902721345,-7.613857451360673e-06
426,-0.0001590533975333535,-2.1944304173941015e-05,-0.0001339143782388419,-6.695718911942095e-06
427,-0.0001530156808599647,-2.038948758621063e-05,-0.00012969953240826726,-6.484976620413363e-06
428,-0.00018471762994412444,-5.517937432832532e-05,-0.00015078260912559927,-7.539130456279964e-06
429,-0.00017625341269997074,-5.0649697040354854e-05,-0.0001282492303289473,-6.412461516447365e-06
430,-0.000223339820717524,-9.954536211706308e-05,-0.00016479569603689015,-8.239784801844508e-06
431,-0.0002122077942753437,-8.98432350063992e-05,-0.00016835020505823195,-8.417510252911598e-06
432,-0.00013922696347926512,-2.1496341611012433e-05,-0.00010134095646208152,-5.067047823104076e-06
433,-0.00017294108204967464,-5.841275401706582e-05,-0.00012435659300535917,-6.217829650267959e-06
434,-4.414835243347364e-05,6.232646372720796e-05,-2.2149461074150167e-05,-1.1074730537075084e-06
435,-0.0001271344023030224,-2.315985600275973e-05,-0.00012331728066783398,-6.165864033391699e-06
436,-0.00011324516830988151,-1.1682563897477377e-05,-0.00011890359746757895,-5.945179873378948e-06
437,8.65557419671898e-05,0.00017776146596086591,4.404758146847598e-05,2.202379073423799e-06
438,7.521261719075118e-05,0.00015694667123533604,3.759159881155938e-05,1.879579940577969e-06
439,0.00012321544079905628,0.00019481131408978034,6.40960133750923e-05,3.204800668754615e-06
440,-7.801631547857918e-05,-6.201857625279478e-06,-0.00012844301818404347,-6.422150909202174e-06
441,-0.0001375859376739177,-6.302753915172751e-05,-0.00017386593390256166,-8.693296695128084e-06
442,-0.00016551542538122843,-8.83407062496771e-05,-0.00017167991609312594,-8.583995804656298e-06
443,-7.731660370833364e-05,-3.892320608027498e-06,-4.687569889938459e-05,-2.3437849449692297e-06
444,-7.258278961640258e-05,-2.858783014375673e-06,-4.5171851525083184e-05,-2.2585925762541595e-06
445,-6.144939631874585e-05,5.215452289376157e-06,-5.3368403314379975e-05,-2.6684201657189988e-06
446,-3.023370179639556e-05,3.107485265106885e-05,-2.8066349386790534e-06,-1.4033174693395268e-07
447,1.4396503514393842e-05,6.805097904626499e-05,4.983105100109242e-05,2.491552550054621e-06
448,-9.401537391419514e-05,-4.188646099884186e-05,-6.257124914554879e-05,-3.12856245727744e-06
449,1.729526308865048e-05,6.286691293925161e-05,4.3171046854695305e-05,2.158552342734765e-06
450,-6.034026307170532e-05,-1.708515015601494e-05,-3.324688441352919e-05,-1.6623442206764594e-06
451,-0.00017207590741672276,-0.0001245280015966325,-0.00015942906611599028,-7.971453305799514e-06
452,-0.00028215831444108815,-0.0002259909726208959,-0.00024684463278390467,-1.2342231639195235e-05
453,-0.0004991259370203363,-0.00042620438856008945,-0.00041764849447645247,-2.0882424723822624e-05
454,-0.00040024613639058425,-0.00031619546080989373,-0.0003249119617976248,-1.624559808988124e-05
455,-0.00033476363051146543,-0.00024511190355494555,-0.00023270424571819603,-1.1635212285909803e-05
456,-0.0005999864680757295,-0.0004943568527164511,-0.00045268904068507254,-2.263445203425363e-05
457,-0.0004315174133030455,-0.00031931176795529036,-0.00028491803095676005,-1.4245901547838003e-05
458,-0.00034446831391409606,-0.0002319211430914919,-0.00017435297195333987,-8.717648597666994e-06
459,-0.0002533445850528995,-0.00014485104140044239,-9.217675687978044e-05,-4.608837843989023e-06
460,-0.00012713232671939475,-2.707600985385576e-05,-2.756939238679479e-06,-1.3784696193397394e-07
461,-0.00016166599296925764,-6.60159483867594e-05,-7.45175129850395e-05,-3.725875649251975e-06
462,-0.00019140955725548066,-9.8150709550931e-05,-0.00010715773532865569,-5.357886766432785e-06
463,-8.891970155832416e-05,-2.957431955699366e-06,-3.8023733850423014e-06,-1.9011866925211507e-07
464,-3.320612951693442e-05,4.2296547723870114e-05,6.848220800748095e-05,3.4241104003740476e-06
465,2.5232444597543824e-05,8.855374042069572e-05,0.00011614090180955827,5.807045090477914e-06
466,9.184700865298301e-05,0.00014117913265771515,0.00016888699610717595,8.444349805358798e-06
467,1.5169178919560133e-05,5.5960892287303845e-05,7.963789539644495e-05,3.981894769822248e-06
468,4.3330653532077894e-05,7.481473917391278e-05,0.00011064962018281221,5.532481009140611e-06
469,0.00018892710752808255,0.00020572207426092627,0.00023317748855333775,1.1658874427666888e-05
470,8.884809532698407e-05,9.718051079787791e-05,0.00012853174121119082,6.426587060559541e-06
471,0.00014698403834057262,0.00014532899873226002,0.0001748085778672248,8.740428893361242e-06
472,-6.66407666364858e-05,-6.793966397720616e-05,-1.6334115571225993e-05,-8.167057785612997e-07
473,8.811945393072836e-05,7.91728462309053e-05,0.0001494102762080729,7.470513810403646e-06
474,0.00022206071947026646,0.00020017373028607044,0.00026488761068321764,1.3244380534160883e-05
475,0.00010279309508052748,7.491067090395944e-05,0.00014231227396521717,7.115613698260859e-06
476,-0.00014264651653235114,-0.00016413698849043352,-9.327173756901175e-05,-4.663586878450587e-06
477,-0.00017136793901239954,-0.00018576986861257742,-0.00010867929813684896,-5.433964906842448e-06
478,-0.00022336177786495766,-0.0002304562140199512,-0.00012044767936458811,-6.022383968229406e-06
479,-0.0004070763203806809,-0.000399757468724413,-0.0002724526566453278,-1.3622632832266391e-05
480,-0.0005023988093416647,-0.00047809304379465537,-0.0003402360307518393,-1.7011801537591965e-05
481,-0.000517899157964787,-0.0004781753979241056,-0.0003321461845189333,-1.6607309225946666e-05
482,-0.0006485028173909868,-0.0005887486352180661,-0.00044825804070569575,-2.241290203528479e-05
483,-0.0007024020194337291,-0.0006212894105118508,-0.0005033787456341088,-2.5168937281705442e-05
484,-0.0005346810018368547,-0.0004418344147947905,-0.0003425338363740593,-1.7126691818702967e-05
485,-0.0006771386040818257,-0.0005686493194453953,-0.00044418658944778144,-2.2209329472389072e-05
486,-0.0005241392043105516,-0.0004086971130980951,-0.0002945427258964628,-1.4727136294823141e-05
487,-0.0006368357511161047,-0.0005104275393897243,-0.000390784814953804,-1.9539240747690203e-05
488,-0.0006856758614263007,-0.0005475659855144246,-0.0004222438728902489,-2.1112193644512447e-05
489,-0.0006357857689675314,-0.0004904620081485219,-0.0003502455656416714,-1.7512278282083572e-05
490,-0.0003478259963716076,-0.00020985908746724155,-7.261679274961352e-05,-3.6308396374806765e-06
491,-0.000377760687296688,-0.0002446955002323614,-0.00011984309094259515,-5.992154547129758e-06
492,-0.00035060909585337086,-0.00022073985265492625,-0.0001484833483118564,-7.42416741559282e-06
493,-0.0004543663733231505,-0.0003216026213140795,-0.0002650983806233853,-1.3254919031169267e-05
494,-0.0004952498866239275,-0.0003582892037204657,-0.00029197288677096367,-1.4598644338548184e-05
495,-0.0005012782578339289,-0.0003611770838492756,-0.0002752340224105865,-1.3761701120529324e-05
496,-0.00045916436502460773,-0.0003190132368581131,-0.0002181488962378353,-1.0907444811891765e-05
497,-0.00025056106581507887,-0.00011989596309837577,-2.928282629000023e-05,-1.4641413145000116e-06
498,-0.0002342868954268007,-0.00011350098755688385,-1.2918335414724424e-05,-6.459167707362212e-07
499,-0.0001327092248070949,-2.4449383215810033e-05,5.285700171953067e-05,2.642850085976534e-06
500,8.34259177895726e-05,0.0001720674681731234,0.0002112372894771397,1.0561864473856986e-05
501,0.00013256391703386915,0.0002020187188533409,0.0002275497099617496,1.1377485498087482e-05
502,0.00021484523344175496,0.0002638459201823861,0.0002807814162224531,1.4039070811122657e-05
503,0.000147343733998254,0.00018113945766588783,0.0002061159466393292,1.030579733196646e-05
504,9.0823447400144e-05,0.00011330660873367119,0.00015447803889401257,7.723901944700629e-06
505,6.976351609921523e-05,8.369517343081171e-05,0.00012016323307761922,6.008161653880962e-06
506,0.00013799655273051916,0.00014091820371348135,0.00018556654686108232,9.278327343054116e-06
507,0.0002460809021216309,0.00023393750321909363,0.0002835452032741159,1.4177260163705796e-05
508,0.00032812144154304774,0.00029918264453229374,0.00033927129697985947,1.6963564848992974e-05
509,0.00034888011947107646,0.0003043848580284244,0.0003389768535271287,1.6948842676356436e-05
510,0.00028062774835270677,0.000226388878422152,0.0002473469648975879,1.2367348244879396e-05
511,9.929165911170624e-05,4.6071116226807516e-05,5.118479020893574e-05,2.559239510446787e-06
512,6.150721756976798e-05,1.0601381981554486e-05,3.1761843274580315e-05,1.5880921637290158e-06
513,0.00010434296168747892,5.157234510098468e-05,0.00011578671546885744,5.789335773442872e-06
514,1.6758367834148677e-05,-3.3423937244794756e-05,2.8906320949317887e-05,1.4453160474658944e-06
515,0.0002511731097495533,0.00019274842019815857,0.00024403560382779688,1.2201780191389845e-05
516,0.0002840677302866002,0.00021636996194993244,0.00027231103740632534,1.3615551870316268e-05
517,0.00017995319159201258,0.0001093767366863375,0.00015661488578189164,7.830744289094583e-06
518,0.00027708103051386827,0.0001993661030572066,0.00024953612592071295,1.2476806296035649e-05
519,0.00019679705249208738,0.00011575465104341,0.00018349889433011413,9.174944716505707e-06
520,0.00011919532023276225,3.975343939545857e-05,9.237349877366796e-05,4.618674938683399e-06
521,7.62984532387406e-05,2.169740263862735e-07,5.877029980183579e-05,2.93851499009179e-06
522,8.99413990023088e-07,-6.932926184956602e-05,6.564424438693095e-06,3.282212219346548e-07
523,-0.0001474087283027379,-0.00020577150440887404,-0.00012000733840977773,-6.000366920488887e-06
524,-0.00018731606125910473,-0.00023355616958085172,-0.00013884568761568516,-6.942284380784259e-06
525,-0.00021650805185169253,-0.00025144126051020323,-0.00013935359311290085,-6.967679655645043e-06
526,-0.00018729711415118458,-0.00021379679926550836,-9.915313421515748e-05,-4.957656710757874e-06
527,-0.0001382849869235779,-0.000159519075192004,-5.047443846706301e-05,-2.5237219233531506e-06
528,1.1665980691289674e-05,-1.1557444446562815e-05,8.398762292927131e-05,4.199381146463566e-06
529,8.30737147776443e-05,5.575056539732078e-05,0.00012415398668963462,6.2076993344817316e-06
530,7.706672787622644e-05,4.722569321345152e-05,9.582360507920384e-05,4.7911802539601925e-06
531,-1.375054993487401e-05,-4.1033019373171936e-05,-1.882217247839435e-06,-9.411086239197175e-08
532,-5.835471771391128e-05,-8.060359257535992e-05,-5.230040187598206e-05,-2.615020093799103e-06
533,-0.00014457167270950618,-0.00015775032016281655,-0.0001381837937515229,-6.909189687576145e-06
534,-0.00011675734245832708,-0.0001227376631472745,-0.00011146743781864643,-5.573371890932322e-06
535,-3.566714365374331e-05,-3.9470238343107844e-05,-2.210568345617503e-05,-1.1052841728087515e-06
536,9.430064480066912e-06,6.314358005158543e-06,1.367533741358784e-06,6.837668706793921e-08
537,0.00013952131761565685,0.0001321799692280585,9.655753819970414e-05,4.827876909985208e-06
538,0.000155397616985671,0.00014341345728767518,0.0001078588466043584,5.392942330217921e-06
539,2.9002525286355765e-05,1.910275699948847e-05,-2.1001578716095537e-05,-1.0500789358047768e-06
540,0.0001255948594783663,0.00011316901096046515,7.13937115506269e-05,3.5696855775313454e-06
541,0.00021065967429068376,0.00019084787069002408,0.00017116278468165547,8.558139234082773e-06
542,0.0001753880247320153,0.00015104016836082492,0.00012239425268489867,6.119712634244934e-06
543,0.000152341652539756,0.00012597295539810744,7.973158062668517e-05,3.986579031334259e-06
544,0.00014679189797720592,0.00011851451250939602,8.247158984886482e-05,4.123579492443242e-06
545,0.0001441695151364501,0.00011416605298023494,8.268548845080659e-05,4.134274422540329e-06
546,9.172209126707898e-05,6.155243923838771e-05,5.4756677855039015e-05,2.737833892751951e-06
547,-2.8671888393358976e-05,-5.4190644290814596e-05,-4.0057930164039135e-05,-2.0028965082019567e-06
548,-6.459230892557184e-05,-8.611642148520958e-05,-3.076559005421586e-05,-1.5382795027107933e-06
549,-0.00014929613545190963,-0.00016344556559819566,-0.0001036247776937671,-5.181238884688355e-06
550,-3.346927439996782e-05,-4.61319428902769e-05,5.020668140787166e-06,2.510334070393583e-07
551,-4.710470875582968e-06,-1.7314386622212043e-05,2.8705817385343835e-05,1.4352908692671917e-06
552,-0.0001253752962876765,-0.00013256513560196625,-8.027084550121799e-05,-4.0135422750609e-06
553,-0.00019283781546262254,-0.0001925979854052981,-0.00012652514851652086,-6.326257425826043e-06
554,-0.0002469636905281979,-0.00023908852789094188,-0.0001401219196850434,-7.00609598425217e-06
555,-0.00013963807963072788,-0.00013033377359729278,-2.706351733650081e-05,-1.3531758668250405e-06
556,0.00011998569340911203,0.00011822010984558031,0.00021726699196733534,1.0863349598366768e-05
557,0.000256796135714226,0.00023854740933550368,0.0003341274568811059,1.6706372844055294e-05
558,0.0002450013393377776,0.0002139414539433585,0.0002800437214318663,1.4002186071593315e-05
559,0.0003607083756954159,0.0003144283307629847,0.00034817479900084436,1.7408739950042218e-05
560,0.0003926195914289775,0.0003316556293039644,0.00036002611159347,1.80013055796735e-05
561,0.0003352512967033489,0.0002647268547130486,0.0002806726552080363,1.4033632760401816e-05
562,0.00031077461494413716,0.0002334680983506883,0.00024348903389181942,1.2174451694590972e-05
563,0.00021466308689107805,0.00013609372423657566,0.00014701098552905023,7.350549276452512e-06
564,0.00014021269579687023,6.335462750510515e-05,9.437107655685395e-05,4.718553827842698e-06
565,-2.2784431397659834e-05,-9.109256100303109e-05,-4.1150931792799383e-05,-2.057546589639969e-06
566,-2.75446490411223e-05,-8.798174939004062e-05,-3.513002229738049e-05,-1.7565011148690247e-06
567,-0.00010062513148587211,-0.00015086170844043933,-9.201307693729177e-05,-4.600653846864589e-06
568,-8.700062585704897e-05,-0.00012938920051093602,-5.86019414186012e-05,-2.9300970709300603e-06
569,-7.710993055677214e-05,-0.0001139096630585871,-2.6082761905854568e-05,-1.3041380952927284e-06
570,-0.00015596328071927517,-0.0001847151539648325,-8.5383107943926e-05,-4.2691553971963e-06
571,-0.0001381707400759384,-0.00016114349843132474,-5.1574974349932745e-05,-2.5787487174966374e-06
572,4.250530992185374e-05,1.6327983456978155e-05,0.00011815939069492742,5.907969534746371e-06
573,-7.875472503323741e-05,-0.00010350759779361461,2.499514630471822e-05,1.2497573152359111e-06
574,-0.00017048419233290458,-0.00019036011367826327,-4.556454950943589e-05,-2.2782274754717947e-06
575,-0.0003215838274851902,-0.0003298940967441816,-0.0001845726219471544,-9.228631097357721e-06
576,-0.00050247565729904,-0.0004919414754565895,-0.00034334356314502656,-1.7167178157251328e-05
577,-0.0004191929903314906,-0.00039652294712932187,-0.0002325469977222383,-1.1627349886111915e-05
578,-0.0003415409881811721,-0.0003122000750939933,-0.00014404530520550907,-7.202265260275454e-06
579,-0.0003770622616728511,-0.0003397868319074284,-0.00018385247676633298,-9.19262383831665e-06
580,-0.00044767932245495795,-0.0003994833523551663,-0.0002569721546024084,-1.2848607730120422e-05
581,-0.0004478386929826824,-0.00038951436043816926,-0.0002570355136413127,-1.2851775682065637e-05
582,-0.00039069523945377857,-0.00032552449182722754,-0.0002087135799229145,-1.0435678996145726e-05
583,-0.00038799524509049806,-0.0003157865266523153,-0.00022794242249801755,-1.1397121124900878e-05
584,-0.00014265686426924505,-7.414170760041748e-05,-2.6667788915801793e-05,-1.3333894457900898e-06
585,-0.00017549683217245624,-0.00010813847808321524,-7.967504643602297e-05,-3.983752321801148e-06
586,-5.3231226393383525e-05,9.65953101752428e-06,-1.3455925000016578e-05,-6.727962500008289e-07
587,-8.758056297546705e-05,-2.7527238396663026e-05,-4.210114275338128e-05,-2.1050571376690644e-06
588,-0.00030943887100786044,-0.00024237285532865667,-0.00023612126824446023,-1.1806063412223011e-05
589,-9.855109500147854e-05,-3.43578482041441e-05,-4.4521293602883816e-05,-2.226064680144191e-06
590,-3.20926163285776e-05,2.538702632219683e-05,3.2912932510953397e-05,1.64564662554767e-06
591,-0.00011180649774044216,-5.5316086804614586e-05,-7.473267032764852e-05,-3.736633516382426e-06
592,-0.00016885708658633344,-0.00010978451005281309,-0.00014258691226132214,-7.129345613066107e-06
593,-0.0002470496791712725,-0.00018200457379168237,-0.00021153592388145626,-1.0576796194072813e-05
594,-0.00035002425793517376,-0.00027608952195579464,-0.0002761122304946184,-1.3805611524730921e-05
595,-0.00019940838820267165,-0.00012453844591213268,-0.00012803512800019234,-6.401756400009618e-06
596,-0.00012784490841067657,-5.5409991753764044e-05,-6.574436702067032e-05,-3.2872183510335165e-06
597,-9.958571955769516e-05,-3.0021655438292775e-05,-5.6617220252519473e-05,-2.8308610126259738e-06
598,-0.00010101326200815456,-3.41020432661899e-05,-5.803348540212028e-05,-2.901674270106014e-06
599,4.260450462044126e-06,6.281685153465041e-05,5.957914254395291e-05,2.9789571271976456e-06
600,-2.5639492096186204e-05,2.5736277025633324e-05,4.5462486014002934e-05,2.273124300700147e-06
601,0.00014228125299084498,0.00018033809281775014,0.00017848829156719148,8.924414578359574e-06
602,0.00013757327072600538,0.00016428739637965078,0.0001556652132421732,7.78326066210866e-06
603,0.00039631530630415034,0.0004023579671519845,0.00035952735925093293,1.7976367962546648e-05
604,0.0003598400840130421,0.0003493369323838441,0.00030366191640496254,1.5183095820248127e-05
605,0.0002595024960619041,0.00024023456282686276,0.0001743233297020197,8.716166485100985e-06
606,0.0002749373549784058,0.00024823969740568955,0.00016624474665150046,8.312237332575023e-06
607,0.0002737193546331793,0.00024064943842097648,0.0001595251087564975,7.976255437824875e-06
608,0.00032543145350641536,0.00028508485912839804,0.00018943978648167104,9.471989324083552e-06
609,0.000442617981127489,0.0003913568583642124,0.0002739349438343197,1.3696747191715986e-05
610,0.00040012935833535324,0.00034113874000456744,0.00022551280562765896,1.127564028138295e-05
611,0.00048278451695194196,0.0004139582197778572,0.00028120525530539453,1.4060262765269727e-05
612,0.0003522409730185844,0.0002809927190115652,0.0001479294296586886,7.396471482934431e-06
613,0.0004642328166416846,0.00038573123572113494,0.00025291371275670826,1.2645685637835414e-05
614,0.00046128574251185265,0.0003749757424108131,0.0002745540114119649,1.3727700570598245e-05
615,0.0005289886852133895,0.0004323144123758526,0.00033761202939786017,1.688060146989301e-05
616,0.00041635872365294196,0.00031662349053696975,0.00020654391846619546,1.0327195923309773e-05
617,0.000349656730062746,0.00025118775966895463,0.00012908712960779667,6.4543564803898335e-06
618,0.0003990800940635486,0.000299539917321237,0.00017846077389549464,8.923038694774733e-06
619,0.0004965680792693032,0.00039173857187667886,0.0002652521070558578,1.326260535279289e-05
620,0.0003634814425865665,0.00025948864088679507,0.00014920110697858036,7.460055348929018e-06
621,0.00025210354188619027,0.00015314718331651257,6.726912397425622e-05,3.363456198712811e-06
622,0.0002480826792421531,0.00015371832455240734,7.244067819556221e-05,3.622033909778111e-06
623,0.0002756143886939779,0.00018285464439770038,0.00012667718692682683,6.333859346341342e-06
624,0.0003461729784490875,0.00025194082272383234,0.00018491491209715605,9.245745604857803e-06
625,0.00037710687864179636,0.0002798830189362429,0.00021583458874374628,1.0791729437187314e-05
626,0.00042568028742417507,0.00032416231046901065,0.0002453686611261219,1.2268433056306095e-05
627,0.0004798042330415998,0.00037287809806697396,0.00027354390476830304,1.3677195238415153e-05
628,0.00036553022702347584,0.0002590990023994101,0.00016339949797838926,8.169974898919463e-06
629,0.0003476212980730987,0.00024219639689673485,0.0001561280805617571,7.806404028087854e-06
630,0.00038651719470826244,0.0002786578126608173,0.00022550602443516254,1.1275301221758128e-05
631,0.0004106287441756234,0.0002992196578424046,0.0002508073521312326,1.2540367606561631e-05
632,0.00033117954214131916,0.00022113853147702665,0.000157475151354447,7.87375756772235e-06
633,0.0003315548658327903,0.00022264551947421643,0.00016322132432833314,8.161066216416658e-06
634,0.0003626394156281083,0.00025365214093212983,0.00018527077918406576,9.263538959203289e-06
635,0.0004670611775006568,0.00035289591397488,0.0002847713476512581,1.4238567382562906e-05
636,0.0002961236344505428,0.0001850680871647941,0.00012225918180774897,6.112959090387449e-06
637,0.0002039456017721252,9.980810380868329e-05,4.3856303818756714e-05,2.192815190937836e-06
638,7.636313051572156e-05,-1.613393882509017e-05,-5.8111931139137596e-05,-2.90559655695688e-06
639,-4.8345315984476546e-05,-0.00012463848755456358,-0.0001630264741834253,-8.151323709171266e-06
640,7.457535734786371e-05,6.4008273906889014e-06,-2.2284890292212367e-05,-1.1142445146106184e-06
641,3.463377968122389e-05,-2.5767550270913768e-05,-3.1157695048023015e-05,-1.5578847524011509e-06
642,2.105705630256209e-05,-3.2538120016857976e-05,-2.52567097049905e-05,-1.262835485249525e-06
643,4.53655248553447e-05,-3.3659538326286232e-06,1.8618923149915645e-06,9.309461574957823e-08
644,0.0001178102817946136,6.865414754109619e-05,9.812135976972058e-05,4.90606798848603e-06
645,0.0002619670321921607,0.0002070036699651578,0.00020165530440863222,1.0082765220431612e-05
646,0.00020552724934578192,0.00014829222527089814,0.00013434966967906803,6.717483483953402e-06
647,0.00016190773542106094,0.00010489156869266949,8.757195610087365e-05,4.378597805043683e-06
648,0.00022121010322809678,0.00016069534734809712,0.00016215340292546898,8.107670146273449e-06
649,0.00033050986984674687,0.0002611841970491853,0.0002707358216866851,1.3536791084334255e-05
650,0.00035157400292597273,0.0002734382681842254,0.0002789533755276352,1.394766877638176e-05
651,0.0004417757937727623,0.00035178507235723356,0.00035217954427935183,1.760897721396759e-05
652,0.00045385866862513997,0.000353238806275774,0.0003439028805587441,1.7195144027937204e-05
653,0.00044641888590689805,0.00033640190509827373,0.00033578448346816003,1.6789224173408e-05
654,0.00046088356923049416,0.00034212718409146274,0.0003380638372618705,1.6903191863093525e-05
655,0.0005386159636998082,0.00040901482188782215,0.0003945502685382962,1.9727513426914813e-05
656,0.0003901391838664828,0.00025875521371953957,0.0002293322904733941,1.1466614523669705e-05
657,0.0005279382553513255,0.0003882318563931933,0.0003679743967950344,1.8398719839751722e-05
658,0.0005897078872782748,0.00043953287130971385,0.0004219760885462165,2.1098804427310825e-05
659,0.0005295780641820538,0.0003732276627926915,0.000350505841197446,1.75252920598723e-05
660,0.0005521785408755794,0.00038975289962915594,0.00035999619285576046,1.7999809642788023e-05
661,0.0005760880032854446,0.0004062739601664377,0.00039654734428040683,1.9827367214020342e-05
662,0.0005960633764823065,0.00041911422975797236,0.00040258371154777706,2.0129185577388854e-05
663,0.0005183329326024979,0.00033900020108750315,0.00031872084946371615,1.5936042473185807e-05
664,0.000574498743968622,0.0003899631549480472,0.0003816859098151326,1.908429549075663e-05
665,0.00039194479860120874,0.00021067429324935643,0.00021989124070387334,1.0994562035193667e-05
666,0.0004008423295666558,0.00022213026207666984,0.0002337436453672126,1.168718226836063e-05
667,0.00037675934524964853,0.00020153822442450022,0.0002125025785062462,1.0625128925312311e-05
668,0.0003282091746603195,0.00015887370927388113,0.00016022974159568548,8.011487079784275e-06
669,0.00028923984701873147,0.00012628494956333776,0.0001429451658623293,7.147258293116466e-06
670,0.00026505658672161493,0.00010810328211542422,0.000141509051900357,7.075452595017851e-06
671,0.000273466160196425,0.0001213471911670263,0.0001555841590743512,7.77920795371756e-06
672,1.3437158561059882e-05,-0.00012218511300060992,-8.575118408771232e-05,-4.287559204385616e-06
673,2.261848875526352e-05,-9.787780782187725e-05,-7.703120354562998e-05,-3.851560177281499e-06
674,-8.356633066761565e-05,-0.0001864863441910425,-0.00014722879859618843,-7.361439929809422e-06
675,-9.3789477798928e-05,-0.0001801524119269104,-0.00015160262410063297,-7.580131205031649e-06
676,-0.00013662704022390472,-0.00020601074982367587,-0.0001852405403042212,-9.262027015211061e-06
677,-8.607559265685123e-05,-0.00014260782987624555,-0.00012852322834078223,-6.4261614170391114e-06
678,-2.336652053665514e-05,-7.044079123729832e-05,-8.277899905806407e-05,-4.138949952903204e-06
679,-0.00011295294737303076,-0.00014664116120199718,-0.00017879118968266994,-8.939559484133497e-06
680,-4.015992638896067e-05,-6.323072053759251e-05,-0.0001429483381798491,-7.147416908992454e-06
681,1.1077685498836063e-05,-5.08032427796516e-06,-8.653324766783044e-05,-4.326662383391522e-06
682,-9.019609019756674e-05,-9.639890372494004e-05,-0.00016078195767477155,-8.039097883738577e-06
683,-0.0002782633190805942,-0.00026760505766495893,-0.0003136585291940719,-1.5682926459703594e-05
684,-0.00023198759442012972,-0.00020914450354255507,-0.00024218126782216132,-1.2109063391108066e-05
685,-0.0001899523472648534,-0.00015868243653426018,-0.00018736033234745264,-9.368016617372633e-06
686,-0.00010924736178125828,-7.50923378026037e-05,-9.25973363337107e-05,-4.629866816685535e-06
687,-0.00022735063892173377,-0.00018558186223451058,-0.0001962422684300691,-9.812113421503455e-06
688,-0.00013634241611763638,-9.177031623964795e-05,-0.00011105259909527376,-5.552629954763688e-06
689,8.740646404371719e-05,0.00012446261165816676,8.822949166642502e-05,4.4114745833212515e-06
690,7.806115657634728e-05,0.00010934903052795497,5.7715285947779194e-05,2.88576429738896e-06
691,-4.150925813444545e-05,-9.756983622440584e-06,-5.976413740427233e-05,-2.988206870213617e-06
692,-9.117642228532544e-05,-5.658033862040287e-05,-0.00010518620547372848,-5.2593102736864246e-06
693,-5.7036013832772e-05,-2.0517563442067475e-05,-8.882510883267969e-05,-4.4412554416339844e-06
694,0.00015858427018698877,0.00018649575308039482,0.00011896371142938733,5.948185571469367e-06
695,1.9022233292780034e-05,4.5350785163250535e-05,-1.433840225217864e-05,-7.16920112608932e-07
696,9.06079237013574e-05,0.00011234976807420509,4.991359310224652e-05,2.4956796551123264e-06
697,5.748086410134214e-05,7.529951192620362e-05,4.2607014620443806e-05,2.1303507310221902e-06
698,0.00017657546467311728,0.00018511772881486596,0.00015568813250865787,7.784406625432893e-06
699,6.610113843225989e-05,7.133884222287479e-05,4.7522491513518617e-05,2.376124575675931e-06
700,7.890528185450031e-05,8.074927194607717e-05,5.679837704519741e-05,2.839918852259871e-06
701,7.40150456838276e-05,7.332009893430513e-05,4.5852317271055654e-05,2.292615863552783e-06
702,0.00025352548522274517,0.00024230172851456415,0.00021046618348918855,1.0523309174459428e-05
703,0.0003075627065780161,0.00028421494847097654,0.00025447472580708563,1.2723736290354282e-05
704,0.0002764053809537217,0.00024436610286558496,0.00020230939844623208,1.0115469922311605e-05
705,0.00020141159998958143,0.0001663195483299289,0.00010439310426590964,5.219655213295483e-06
706,0.00034408584245281844,0.0003013571628936495,0.00020383598166517913,1.0191799083258958e-05
707,0.0004860333979030246,0.0004297967903907843,0.0003306701546534896,1.653350773267448e-05
708,0.00034058914447654306,0.0002792631497686569,0.00017949592438526452,8.974796219263226e-06
709,0.0003466268295203444,0.00028063261800329806,0.00018258183263242245,9.129091631621123e-06
710,0.0002785827490960679,0.0002113646305138434,0.00012262373638805002,6.131186819402501e-06
711,0.0002081526425454336,0.00014372349766617425,4.6964527427917346e-05,2.3482263713958675e-06
712,0.00019404024075597113,0.00013253127387103912,4.338932558312081e-05,2.1694662791560403e-06
713,0.0002661592846524053,0.0002038360499762604,0.00011488002201076597,5.7440011005382985e-06
714,0.00042091095119990116,0.0003506942700349854,0.00025603247922845185,1.2801623961422593e-05
715,0.0004757993531523903,0.00039643171680520985,0.000288680981611833,1.443404908059165e-05
716,0.0002773441026052341,0.0001994101591064366,8.873592742020264e-05,4.436796371010132e-06
717,0.00033540476347210956,0.00025591870802423744,0.00015154748689383268,7.577374344691634e-06
718,0.0005218328185545215,0.0004324083878979153,0.00032196191023103893,1.6098095511551946e-05
719,0.0005084266722800271,0.0004104823344660192,0.0003042679454665631,1.5213397273328156e-05
720,0.000729583320290682,0.0006154935686683793,0.00046912688412703574,2.345634420635179e-05
721,0.000789641218110004,0.0006585340119949312,0.0005069585749879479,2.53479287493974e-05
722,0.0008326761361320472,0.0006847346109581723,0.0005276051233522594,2.6380256167612972e-05
723,0.0008501563880542837,0.0006872160449453761,0.0005165232578292489,2.5826162891462447e-05
724,0.000885012833038799,0.0007074947668669026,0.0005324513767845929,2.6622568839229643e-05
725,0.0008624376563522089,0.0006729381374158288,0.0005039789830334485,2.5198949151672424e-05
726,0.0009989726027041452,0.0007917229515796418,0.0006399424746632576,3.199712373316288e-05
727,0.0009994400851304603,0.0007766249014867189,0.0006213470478542149,3.106735239271075e-05
728,0.0008139953840921638,0.0005864331535368099,0.0004296744882594794,2.148372441297397e-05
729,0.0006155944569501964,0.0003934101794967235,0.0002412164321867749,1.2060821609338747e-05
730,0.00044235311992964525,0.00023160259645835265,0.00012024302122881636,6.012151061440818e-06
731,0.0005642161984674622,0.0003554634284044665,0.0002979175478685647,1.4895877393428237e-05
732,0.0005832256788803287,0.00037464072677818156,0.00032835782621987164,1.6417891310993584e-05
733,0.0005684039701003763,0.00036088737597235346,0.0003078317968174815,1.5391589840874076e-05
734,0.0003931061147611555,0.00019582059010781342,0.00012257967318873852,6.128983659436927e-06
735,0.00043022615825484274,0.00024177176616116603,0.00013988290447741747,6.9941452238708735e-06
736,0.0006115293210274145,0.0004225884344998671,0.0003135768056381494,1.567884028190747e-05
737,0.0005329966130172738,0.0003477122361686707,0.00022635384812019765,1.1317692406009883e-05
738,0.0005494835787157587,0.000365870495164461,0.000260841945419088,1.3042097270954402e-05
739,0.0005919655444054578,0.0004084507796020477,0.00028868651133961976,1.4434325566980988e-05
740,0.0004867742463704533,0.0003090770425858448,0.00017282544285990298,8.64127214299515e-06
741,0.00045532718592865024,0.00028532437718950185,0.00012907717609778047,6.453858804889024e-06
742,0.0004136630008950855,0.00025228398358377184,0.00010064687376143411,5.032343688071706e-06
743,0.00044299404007665954,0.0002876003458454176,0.0001412847632309422,7.0642381615471095e-06
744,0.00034759312719629233,0.00020134152715336285,6.770494655938819e-05,3.3852473279694098e-06
745,0.0003511295869629532,0.0002117561075819553,0.00010011981794377789,5.005990897188895e-06
746,0.0004850554119471733,0.0003444474529331879,0.0002507806639187038,1.253903319593519e-05
747,0.00042014317021515376,0.00028104943383724777,0.000192577630514279,9.628881525713951e-06
748,0.0003908672494779262,0.00025489483268583346,0.0001577323128003627,7.886615640018135e-06
749,0.0002454679588320415,0.00011905101797075036,2.498639514669776e-05,1.249319757334888e-06
750,0.00022600024218182615,0.0001089796194135208,1.734119541652035e-05,8.670597708260175e-07
751,0.0002163058844746072,0.00010735980520332181,3.051862586289644e-05,1.5259312931448223e-06
752,0.00017922107739823292,7.891556949370107e-05,6.295128514466342e-06,3.147564257233171e-07
753,0.00015179541267971926,5.981504599531582e-05,-7.130672656785464e-07,-3.565336328392732e-08
754,0.0002834448349466517,0.00019142157070090344,0.00015347904991358519,7.67395249567926e-06
755,0.00025219305865703756,0.00016110798571161386,0.00012886893819086254,6.4434469095431275e-06
756,0.00017415972182760776,8.782703735651432e-05,4.976881973561831e-05,2.4884409867809157e-06
757,0.00022126234538264375,0.0001363363076575975,0.00011099432595074177,5.549716297537089e-06
758,0.00011388739713409302,3.401873222442904e-05,3.444109461270273e-05,1.7220547306351365e-06
759,8.174777764516937e-05,7.1229531729782445e-06,2.4450349883409217e-05,1.222517494170461e-06
760,7.503242249480656e-05,4.53891375907591e-06,3.92184556403663e-05,1.960922782018315e-06
761,5.288820189875288e-05,-1.3404162635304383e-05,3.095316424150951e-05,1.5476582120754758e-06
762,-0.00018784861078197253,-0.0002395233929047051,-0.000183644617209211,-9.182230860460551e-06
763,-0.00013861473621930038,-0.00017948110137527837,-0.0001238460245076567,-6.192301225382835e-06
764,-0.0001820858498319802,-0.0002129186639200297,-0.00012494128895923495,-6.247064447961748e-06
765,-6.22803475055398e-05,-9.017704463427761e-05,1.0486949122423539e-06,5.24347456121177e-08
766,-6.311603150341167e-05,-8.872825864343408e-05,5.243884515948594e-06,2.621942257974297e-07
767,-0.00013267718128695037,-0.00015241746200372373,-7.199968240456656e-05,-3.599984120228328e-06
768,-7.770983095238817e-05,-9.43802213914733e-05,-2.3680957383476198e-05,-1.18404786917381e-06
769,-0.00017997811071641625,-0.0001903357152648648,-9.440409485250711e-05,-4.720204742625356e-06
770,-0.00035469566930712993,-0.00035281178150688315,-0.00022130680736154318,-1.106534036807716e-05
771,-0.0002477459958276715,-0.0002402080794465332,-0.00010463019134476781,-5.231509567238391e-06
772,-0.0003829760457034266,-0.0003646574820144294,-0.00021843804279342294,-1.0921902139671147e-05
773,-0.0004485391335415716,-0.0004179595319951016,-0.0002628897491376847,-1.3144487456884236e-05
774,-0.0004903347545341819,-0.0004483241912334119,-0.00026397992041893303,-1.3198996020946653e-05
775,-0.000428507965881013,-0.00037872406305249794,-0.00020884547848254442,-1.0442273924127222e-05
776,-0.0003333936221199854,-0.0002804012023274765,-0.00013217101513873786,-6.608550756936893e-06
777,-0.0003235293443428507,-0.00026850908784220253,-0.00011746313975891098,-5.8731569879455495e-06
778,-0.0002687748266172062,-0.00021396526762515607,-7.827643275959417e-05,-3.913821637979709e-06
779,-0.00035337574942483866,-0.00029382522210432137,-0.0001794509298633784,-8.972546493168921e-06
780,-0.0004605223152630535,-0.0003914147056216886,-0.00028142487281002104,-1.4071243640501052e-05
781,-0.00035204874405181527,-0.00027859903965282755,-0.00018883029406424612,-9.441514703212307e-06
782,-8.478527319537525e-05,-1.8688671606788095e-05,3.610212661442347e-05,1.8051063307211736e-06
783,6.018549294737475e-05,0.00011420338624373253,0.00013406918151304126,6.703459075652063e-06
784,4.0769494007588026e-05,8.619081601759265e-05,7.726242620265111e-05,3.8631213101325555e-06
785,7.12656563395193e-05,0.00010834028074766338,8.533708023605868e-05,4.266854011802935e-06
786,0.00014551267873404763,0.00017297531952218314,0.00012359496031422168,6.179748015711085e-06
787,3.708477225602756e-05,6.071300103684064e-05,2.221553586423397e-05,1.1107767932116985e-06
788,5.9642160381165226e-05,7.840274393299122e-05,5.1924140279879794e-05,2.59620701399399e-06
789,7.040691816023772e-05,8.37188743604499e-05,7.165094575611874e-05,3.5825472878059376e-06
790,5.7077906542919226e-05,6.63924309163752e-05,5.096156019135378e-05,2.5480780095676895e-06
791,-1.6069911908770563e-05,-6.745105683449751e-06,-2.2164649635669775e-05,-1.1082324817834888e-06
792,-0.00020000333045829457,-0.00018247656711734586,-0.0001833598653320223,-9.167993266601116e-06
793,-4.909739899532594e-05,-3.123404391623213e-05,-3.307538645458408e-05,-1.653769322729204e-06
794,-0.00011346183198337255,-9.256180968410249e-05,-9.015551040647551e-05,-4.507775520323776e-06
795,-0.00023999536260877938,-0.00021119371147642393,-0.0001916598412208259,-9.582992061041297e-06
796,-0.00018113414537655653,-0.0001491036321303424,-0.00010759349970612675,-5.379674985306338e-06
797,-0.0001259927211528137,-9.330249140452353e-05,-6.305584247456864e-05,-3.152792123728432e-06
798,-0.0001589497052862793,-0.00012462595143010748,-8.59140491229482e-05,-4.29570245614741e-06
799,-0.0001079569724009564,-7.411464485654143e-05,-4.662599167204462e-05,-2.331299583602231e-06
800,-0.00015125483242117488,-0.00011548764658100988,-9.556581062497571e-05,-4.7782905312487856e-06
801,-9.54185988700879e-05,-6.172863728131834e-05,-1.7842683519120328e-05,-8.921341759560164e-07
802,-9.858964513816182e-05,-6.663535019413048e-05,-2.3673677787883207e-05,-1.1836838893941605e-06
803,-3.0130476652649345e-05,-3.611675707938141e-06,5.226580469752662e-05,2.613290234876331e-06
804,-8.667501960829971e-06,1.1705449773665702e-05,7.238887337734923e-05,3.6194436688674617e-06
805,3.187827452949915e-05,4.628883173575162e-05,7.686678873142228e-05,3.843339436571114e-06
806,-3.663149372781727e-05,-2.389419752020698e-05,-7.163521331676748e-08,-3.581760665838374e-09
807,-0.00012219605246199518,-0.000107228006367542,-7.319870201172307e-05,-3.6599351005861537e-06
808,-6.951801115605692e-05,-5.502023483906771e-05,-1.9510122001520358e-05,-9.75506100076018e-07
809,-2.790549958241164e-05,-1.5053953478936796e-05,4.282587724446785e-06,2.1412938622233924e-07
810,-1.339047797735332e-05,-2.0366683479339427e-06,2.9654449917870807e-06,1.4827224958935403e-07
811,0.00010023356986694094,0.00010571840567810953,9.243140084436163e-05,4.621570042218082e-06
812,0.00016262036655977514,0.00015988830310761733,0.0001458459155401215,7.292295777006075e-06
813,0.00020285508904326988,0.00019178398379752495,0.00015874236123636365,7.937118061818182e-06
814,0.0002552285031141136,0.00023516668503519237,0.000183907279279083,9.195363963954152e-06
815,0.00024402587975279458,0.00021613193366487991,0.0001741755404509604,8.70877702254802e-06
816,0.00016761426499237514,0.00013659727511540273,9.283925464842469e-05,4.641962732421234e-06
817,0.00028203649356876387,0.00024327151115875994,0.00019339704886078835,9.669852443039418e-06
818,0.0002726539336729208,0.00022801041580749595,0.0001667584292590618,8.33792146295309e-06
819,0.0004785323109496283,0.0004209628148991942,0.00031769389170221984,1.5884694585110994e-05
820,0.00029253254246772165,0.00023196135885228872,0.00013579479127656668,6.789739563828335e-06
821,0.00033905444105232594,0.00027327762649102913,0.00018935848493129015,9.467924246564508e-06
822,0.00040740784150159034,0.00033215693634544455,0.0002836596395354718,1.4182981976773591e-05
823,0.0004466114774778363,0.00036066159380439484,0.0003210588183719665,1.6052940918598323e-05
824,0.0003754403332253804,0.00028358552428535974,0.0002408260479569435,1.2041302397847176e-05
825,0.00030257385122278626,0.00020905573608062664,0.00016806001076474786,8.403000538237394e-06
826,0.000287288774146093,0.00019289308029479886,0.0001589322928339243,7.946614641696216e-06
827,0.00038091544192286105,0.0002812589537309313,0.00025033106794580817,1.2516553397290409e-05
828,0.0003145123307371231,0.00021367153981810885,0.00017572187061887234,8.786093530943617e-06
829,0.00030199916909685626,0.0002010720848834238,0.00015794644423294812,7.897322211647406e-06
830,0.00013887692997030434,4.486629582326085e-05,1.9965711544500664e-05,9.982855772250333e-07
831,0.00012615660757253982,3.901081083816979e-05,1.5440749848494306e-05,7.720374924247154e-07
832,0.00010861453125912388,2.7046483555902475e-05,3.273383481428027e-05,1.6366917407140137e-06
833,1.5369699911244265e-05,-5.685840997180873e-05,-5.083521318738349e-05,-2.5417606593691747e-06
834,7.930431157131016e-05,1.300350761963694e-05,5.450668140838388e-06,2.7253340704191944e-07
835,0.00021100168489472293,0.00014439725963768212,0.00012000151764368638,6.000075882184319e-06
836,0.00018252398441924238,0.00011825393612955047,6.394943193299696e-05,3.197471596649848e-06
837,0.0003176437963320309,0.000249155385210392,0.00019173009786754847,9.586504893377425e-06
838,0.0003588163217791307,0.00028505926887878924,0.00021440837008412927,1.0720418504206464e-05
839,0.0004582205764723189,0.00037625947918025764,0.0002769495768006891,1.3847478840034455e-05
840,0.0003644992466356354,0.0002811967346001691,0.0001492004084866494,7.46002042433247e-06
841,0.0002868276896511831,0.0002058760627810155,8.059482206590474e-05,4.029741103295237e-06
842,0.0002703441255231006,0.000190911381193933,9.695428161649033e-05,4.847714080824517e-06
843,0.00028433083403906504,0.00020481780754356258,0.0001273558591492474,6.367792957462371e-06
844,0.0004319826096041424,0.00034400173713042324,0.00029458091012202203,1.4729045506101102e-05
845,0.0006038829627646751,0.0005003973416632975,0.0004433385911397636,2.216692955698818e-05
846,0.000656349696586214,0.0005374976305923957,0.0004586878349073231,2.2934391745366158e-05
847,0.0007708192041809008,0.0006333062598189798,0.0005464137648232281,2.7320688241161408e-05
848,0.0008195628509433853,0.0006637528049507009,0.0005655954009853303,2.8279770049266517e-05
849,0.0008005705166038032,0.0006307768536288552,0.0005071943742223084,2.535971871111542e-05
850,0.0007778763429277486,0.0005977526627453164,0.0004583426343742758,2.291713171871379e-05
851,0.0007321670237430367,0.0005461660309408017,0.00038856829633004963,1.9428414816502482e-05
852,0.0008160713394573509,0.0006204618669180397,0.0004762615717481822,2.381307858740911e-05
853,0.000824868439969856,0.00061974677260646,0.0004886561073362827,2.4432805366814138e-05
854,0.0007589744683063525,0.0005481073056003454,0.0004280264547560364,2.1401322737801823e-05
855,0.0006219485037674877,0.0004113112841187481,0.00031971200951375067,1.5985600475687535e-05
856,0.0005737525895430395,0.000364966787861842,0.00029133513453416526,1.4566756726708263e-05
857,0.000701407224082802,0.00048806593533433644,0.00041922382661141455,2.096119133057073e-05
858,0.0008434202785127891,0.0006195900539195058,0.0005422200192697346,2.7111000963486732e-05
859,0.0007669249804986151,0.000537759094330841,0.0004509901045821607,2.2549505229108038e-05
860,0.0007761758684122872,0.0005415000056585765,0.0004641770792659372,2.320885396329686e-05
861,0.0006934895914623291,0.0004579200350658078,0.00038090586895123124,1.9045293447561563e-05
862,0.0006705268254573808,0.0004347612153596939,0.000371279165847227,1.856395829236135e-05
863,0.0006801617996279647,0.0004431047352347303,0.00039502992876805365,1.9751496438402683e-05
864,0.000648855236920187,0.00041254829714234653,0.0003561559715308249,1.7807798576541246e-05
865,0.0005506498016783221,0.00031991057538471683,0.0002598237188067287,1.2991185940336436e-05
866,0.000489760634176077,0.0002663603109590706,0.00021900222054682672,1.0950111027341336e-05
867,0.0006583373099583463,0.00043182992385786705,0.00041873514419421554,2.0936757209710777e-05
868,0.0005551098983428342,0.000330527296059404,0.0003176056779921055,1.5880283899605275e-05
869,0.00034449159637110847,0.00013207498597541867,0.00011072480265283957,5.536240132641979e-06
870,0.0003668661229100402,0.0001641021907246061,0.00014839466894045472,7.419733447022736e-06
871,0.0003335740170950322,0.00014102183366004417,0.0001230309862876311,6.151549314381555e-06
872,0.0002518109124665727,7.24960363327383e-05,4.718904892797582e-05,2.3594524463987913e-06
873,0.0002805065661094224,0.00011206714997131546,7.571931200800464e-05,3.785965600400232e-06
874,0.00036805768608268906,0.0002048604686881562,0.0001706812618067488,8.53406309033744e-06
875,0.00020673459921448736,5.5107372905227225e-05,3.2274212571792305e-05,1.6137106285896153e-06
876,-1.0229945717838103e-05,-0.000141910316868758,-0.0001507093256805092,-7.535466284025461e-06
877,0.00018788851046532847,6.464149133044273e-05,5.401939051807858e-05,2.7009695259039294e-06
878,0.00015484745708622212,4.0580847376204654e-05,2.5040037144208327e-05,1.2520018572104164e-06
879,0.00017476637364343973,6.903210701977209e-05,1.84524596988922e-05,9.2262298494461e-07
880,0.00019849208863509783,0.00010017667851578013,2.649979251145851e-05,1.3249896255729254e-06
881,0.0001932080445583249,0.00010126020596017989,3.489075243123807e-05,1.7445376215619036e-06
882,0.00031342740168838245,0.00022151905512964064,0.00015044462634250522,7.5222313171252615e-06
883,0.000443961810101271,0.00034613089851404127,0.0002654428535606712,1.3272142678033562e-05
884,0.0003505689928184261,0.00025206400892917747,0.00016460201004520059,8.23010050226003e-06
885,0.00044797402211970664,0.0003454435083757421,0.00023386269458569586,1.1693134729284794e-05
886,0.0004933496609002216,0.0003854743672359032,0.00026500807143747807,1.3250403571873904e-05
887,0.0004638316624105721,0.0003527274797836251,0.00022969729616306722,1.1484864808153361e-05
888,0.0005236688516719819,0.0004078303306061804,0.0002656173601280898,1.328086800640449e-05
889,0.0005293063509373606,0.0004098378807209982,0.00025034532882273197,1.2517266441136599e-05
890,0.00040422075340745654,0.0002871515572138433,0.00013588822912424803,6.794411456212402e-06
891,0.00030933009842971026,0.00019842934540755468,6.0516063967952505e-05,3.0258031983976255e-06
892,0.0005285832169973891,0.00041291825227951555,0.00027318508364260197,1.3659254182130099e-05
893,0.0005409983076194546,0.000420333642585637,0.0002802342642098665,1.4011713210493328e-05
894,0.0005698814545894527,0.0004428850986983381,0.0003126213850919157,1.563106925459579e-05
895,0.0005793006414293645,0.00044532057568109006,0.0003340038820169866,1.6700194100849332e-05
896,0.0006053973617564892,0.0004634629937603503,0.0003633819578681141,1.8169097893405708e-05
897,0.0006023146131503554,0.000453264585708589,0.00035813794238492846,1.7906897119246425e-05
898,0.0005140638666700981,0.0003628537339167007,0.0002703384088817984,1.351692044408992e-05
899,0.0006546519519993848,0.0004954559423899704,0.00039327150443568826,1.9663575221784414e-05
900,0.00047911385859396164,0.00032142545772815065,0.0002136058610631153,1.0680293053155765e-05
901,0.00030094113753821876,0.0001531429526065992,4.838773384108208e-05,2.4193866920541043e-06
902,0.0004261664922348889,0.00028091185311380536,0.00018664936942514032,9.332468471257017e-06
903,0.0003752581616336944,0.00023427194828254156,0.00014637016283813864,7.318508141906933e-06
904,0.00044590198514179427,0.0003058423893801683,0.0002068541361950338,1.034270680975169e-05
905,0.00032173163691249373,0.00018826929636460874,9.011549991555512e-05,4.505774995777756e-06
906,0.00019389481823699293,7.243414946581823e-05,-2.5647856091381982e-05,-1.2823928045690991e-06
907,0.0002843052921243897,0.00016952938566430512,6.610744458157569e-05,3.3053722290787848e-06
908,0.00031943657767185825,0.00020915418193844293,9.787270391825587e-05,4.893635195912794e-06
909,0.00040964410266864087,0.0003004298461404639,0.0001574113848619163,7.870569243095816e-06
910,0.0004003258083217952,0.00029282569105345955,0.00014002867101226002,7.0014335506130015e-06
911,0.00048034169018933197,0.000370809080457263,0.00021159260359127074,1.0579630179563538e-05
912,0.0006183452244399794,0.000500231953606513,0.00034324239823035896,1.716211991151795e-05
913,0.0006522573997712448,0.000525252724203325,0.0003580496122594923,1.7902480612974615e-05
914,0.0006315843491473253,0.0004980742173057672,0.0003222444502171129,1.6112222510855645e-05
915,0.0005931406781080016,0.00045556081560533873,0.0002843961410690099,1.4219807053450496e-05
916,0.0005875248030204493,0.00044720306959490717,0.0002659403835423291,1.3297019177116455e-05
917,0.0005193639243188121,0.0003792097250234847,0.00021350858150981367,1.0675429075490684e-05
918,0.0005382255561734784,0.00039752928247707454,0.00022973681916482747,1.1486840958241374e-05
919,0.000597532773350953,0.00045341337241554,0.00028866183129139245,1.4433091564569622e-05
920,0.0006581958015962938,0.0005075333738294129,0.0003548810782376677,1.7744053911883385e-05
921,0.0007008768213364964,0.0005422187775696566,0.0003917444555554539,1.9587222777772698e-05
922,0.0006896419780597022,0.000525119818920802,0.00035986039438284934,1.799301971914247e-05
923,0.0006696127437560589,0.0005016927390164996,0.00032033250317908823,1.6016625158954413e-05
924,0.0007969986802082534,0.0006187931164148445,0.00046512772678397596,2.32563863391988e-05
925,0.0006493880051802329,0.00046870337658762193,0.0003216725308448076,1.6083626542240383e-05
926,0.0006543797100946075,0.0004714994575095827,0.00032325170468539,1.6162585234269502e-05
927,0.0004478907520122998,0.00027327366078663226,0.00011897601507371292,5.948800753685646e-06
928,0.0003024045573703198,0.00014249385526277672,-1.6038819012464955e-05,-8.019409506232478e-07
929,0.0004328933966445017,0.00027928351541494045,0.00013544630201067775,6.772315100533888e-06
930,0.00032827023954016545,0.00018470679389476642,4.806647848454304e-05,2.403323924227152e-06
931,0.00022253923535947996,9.303538523138605e-05,-4.671202623285353e-05,-2.335601311642677e-06
932,0.00020630724962146326,9.006292883148252e-05,-4.990418892703019e-05,-2.49520944635151e-06
933,4.780535410516576e-05,-4.964308427147161e-05,-0.00018083493341691792,-9.041746670845896e-06
934,0.0001488081292011661,6.1878805412929e-05,-4.126384374103509e-05,-2.0631921870517547e-06
935,-8.536048650208205e-05,-0.00015324868799594942,-0.0002312820142833516,-1.1564100714167581e-05
936,6.845649663664057e-05,1.0686966378175406e-05,-7.882115460233763e-05,-3.941057730116881e-06
937,0.0002381322596639011,0.00018109357304703887,8.842386159813032e-05,4.421193079906516e-06
938,0.0001657137206072236,0.000113557470628629,-2.9350082968448987e-06,-1.4675041484224494e-07
939,0.0002708836623651557,0.00021935883444568416,7.418255700031295e-05,3.709127850015648e-06
940,0.0003006434474805934,0.00024770704732838736,0.00011141088180011138,5.570544090005569e-06
941,0.0003584881910448124,0.0003018651496713263,0.00015689549036324024,7.844774518162013e-06
942,0.00038909503895142125,0.0003283984053339045,0.00016820711607579142,8.410355803789571e-06
943,0.0004083410845546281,0.00034384298684981304,0.0001680838322499767,8.404191612498835e-06
944,0.0005424986286833828,0.000468356385627732,0.00029065972194075584,1.4532986097037793e-05
945,0.00024736918764434765,0.00017894657443138443,-5.0674789235927165e-06,-2.5337394617963585e-07
946,0.00033712191224752124,0.00027003123725944755,8.154476381605491e-05,4.077238190802745e-06
947,0.00030733490586710494,0.00024261568158486508,5.90254130656831e-05,2.951270653284155e-06
948,0.0003020768682033655,0.0002394826175677924,6.099227903177962e-05,3.049613951588981e-06
949,0.00026934791665458554,0.00021002599475851427,3.48506000591442e-05,1.74253000295721e-06
950,0.00028177882309949676,0.00022559141089960357,3.320996620459482e-05,1.6604983102297412e-06
951,0.00035445225994089417,0.00029833320020315605,8.981060091173276e-05,4.490530045586638e-06
952,0.0002861699752822969,0.00023399517622652244,1.0422241757623851e-05,5.211120878811926e-07
953,0.00030473227729971585,0.0002544201492924523,4.7510573494946584e-05,2.3755286747473295e-06
954,0.00033914250477213,0.000289150987430327,7.480804197257385e-05,3.7404020986286924e-06
955,0.00035321014137989793,0.00030306096502644224,8.270859689218923e-05,4.135429844609462e-06
956,0.00040627925457845565,0.00035402087524373684,0.00012125662033213302,6.062831016606651e-06
957,0.0003516400946603466,0.0003002546749376952,6.347656017169356e-05,3.1738280085846784e-06
958,0.00018653887588943177,0.00014277496948675588,-7.163031114032492e-05,-3.581515557016246e-06
959,1.4435727925366919e-05,-1.5552291936072853e-05,-0.00020216865232214332,-1.0108432616107167e-05
960,-6.020710143247608e-05,-7.520556134580531e-05,-0.0002425077836960554,-1.2125389184802771e-05
961,-3.928543864653234e-05,-4.329323122097724e-05,-0.00018313172040507197,-9.1565860202536e-06
962,-0.00015136047018853366,-0.0001407454663156471,-0.0002742977230809629,-1.3714886154048145e-05
963,-0.00012195463820124929,-9.987284631471888e-05,-0.00023248998331837356,-1.1624499165918678e-05
964,-0.0003229004614053009,-0.00028224631271134797,-0.0003939597518183291,-1.9697987590916457e-05
965,-0.00032526734166553225,-0.00026859514384291994,-0.00036845586146228015,-1.842279307311401e-05
966,-0.00034231027206259627,-0.00027196547322267707,-0.0003470889350865036,-1.735444675432518e-05
967,-0.0004315860588742492,-0.0003451417891768537,-0.00041892912122420967,-2.0946456061210483e-05
968,-0.0004623931209402349,-0.0003608447599047542,-0.0004238875408191234,-2.119437704095617e-05
969,-0.00041340992265571593,-0.0003001548906949319,-0.0003804945736192167,-1.9024728680960836e-05
970,-0.00029640623806560914,-0.0001778868122478261,-0.00027283307281322777,-1.364165364066139e-05
971,-0.00029218766579871267,-0.00016872159989448946,-0.0002801405207719654,-1.400702603859827e-05
972,-0.0001456872937405852,-2.320417059294718e-05,-0.00017204915639013052,-8.602457819506526e-06
973,-0.000272073653217825,-0.0001451332863126623,-0.00028438502340577543,-1.4219251170288771e-05
974,-0.00023071997046569974,-0.00010267829699476326,-0.00022343549062497914,-1.1171774531248957e-05
975,-0.000324613969588469,-0.00019129319182440858,-0.0003109142417088151,-1.5545712085440754e-05
976,-0.0003343829542687406,-0.00019616999800728445,-0.00031031679827719927,-1.5515839913859965e-05
977,-0.0003556419522400144,-0.0002125777026129736,-0.00031751280766911805,-1.58756403834559e-05
978,-0.0003481318746789713,-0.0002016985873092755,-0.00029619387350976467,-1.4809693675488234e-05
979,-0.0002619782868122924,-0.00011569089927900524,-0.0002329147537238896,-1.164573768619448e-05
980,-0.00023498060026638424,-9.05238450090623e-05,-0.00020232779206708074,-1.0116389603354037e-05
981,-0.0004008142530083188,-0.0002506251062377366,-0.000353559065843001,-1.767795329215005e-05
982,-0.00024382637752014735,-9.493638254441655e-05,-0.0002190653030993417,-1.0953265154967085e-05
983,-0.0002872537894809379,-0.0001378418584043579,-0.00025714817456901073,-1.2857408728450537e-05
984,-0.00024449370508549463,-9.61232286369504e-05,-0.00022760174761060625,-1.1380087380530313e-05
985,-0.00024724003285286347,-9.908214058665902e-05,-0.00024440177367068827,-1.2220088683534415e-05
986,-0.00010387908689681276,3.6441582852591616e-05,-9.236299229087308e-05,-4.618149614543654e-06
987,-6.5617831569667245e-06,0.00012172838686604072,-1.607332478670287e-06,-8.036662393351435e-08
988,-5.452370395917068e-05,6.546631398292096e-05,-6.240139919100329e-05,-3.120069959550165e-06
989,-5.387881059943959e-06,0.00010577616463161914,-3.9017057133605704e-05,-1.950852856680285e-06
990,0.00018931957963579696,0.00028341321842590713,0.00013892338029108942,6.946169014554471e-06
991,0.00029375407667352687,0.0003692926173567999,0.00018980918684974313,9.490459342487157e-06
992,0.00047203699116635435,0.0005243787636063037,0.0003084572672378272,1.542286336189136e-05
993,0.0003772265314833832,0.00041423517289876567,0.0001833611459005624,9.168057295028122e-06
994,0.0003573280636206734,0.00038286435885003786,0.00013317760021891445,6.6588800109457225e-06
995,0.00031047104667621556,0.0003292406109157157,6.0428912547649816e-05,3.021445627382491e-06
996,0.00023388014149794694,0.00025002880204326797,-7.831165021343622e-06,-3.9155825106718115e-07
997,0.0002714586846070422,0.0002823870459316127,5.223669722909108e-05,2.611834861454554e-06
998,0.00029029368524249557,0.0002951266973849394,7.784942135913298e-05,3.892471067956649e-06
999,0.00011661872131359349,0.00012449145926532186,-9.585504449205473e-05,-4.792752224602737e-06
1000,0.00021177675642821407,0.0002182111483819085,-5.838601282448508e-06,-2.919300641224254e-07
1001,0.00017173948820971242,0.00017788334254361242,-2.7249603590462357e-05,-1.3624801795231179e-06
1002,6.347504917968186e-06,2.0046694802516903e-05,-0.0001833186688600108,-9.16593344300054e-06
1003,7.510691233201378e-05,9.183563100141075e-05,-9.986643271986395e-05,-4.993321635993198e-06
1004,1.9494828610135428e-05,4.137863459387849e-05,-0.00014808181731496006,-7.404090865748003e-06
1005,-6.58060395041681e-05,-3.4629141370769485e-05,-0.00023811029677744955,-1.1905514838872477e-05
1006,-0.00031787515229972206,-0.00026742189998349756,-0.00044969466398470104,-2.2484733199235053e-05
1007,-0.00018386378065587917,-0.00012359226643969968,-0.0002839950320776552,-1.419975160388276e-05
1008,-0.00031272368172345405,-0.00023804316906205468,-0.00039453720091842115,-1.9726860045921057e-05
1009,-0.0002902653656354996,-0.00020218260479527535,-0.00039583377656526864,-1.9791688828263432e-05
1010,-0.0001386513216504747,-4.598677535140265e-05,-0.0002409636799711734,-1.204818399855867e-05
1011,-8.277766107051462e-05,1.1626599215473717e-05,-0.00019715733651537448,-9.857866825768725e-06
1012,-7.396611968666049e-05,2.2038916143415506e-05,-0.00020141304412391037,-1.007065220619552e-05
1013,-0.00016870544743137023,-6.655440181981923e-05,-0.0002969315100926906,-1.484657550463453e-05
1014,-0.00012064462640973313,-1.4945355969376617e-05,-0.0002531013742554933,-1.2655068712774665e-05
1015,-0.0001449351463331096,-3.562372132968834e-05,-0.00026133874780498445,-1.3066937390249224e-05
1016,-0.00011638914460826271,-5.6281835070677255e-06,-0.0002246755757369101,-1.1233778786845506e-05
1017,-0.0001894816161137883,-7.447166271925034e-05,-0.00028501887572929263,-1.4250943786464632e-05
1018,-4.604953528315522e-05,6.713914338458827e-05,-0.00016984823741950095,-8.492411870975047e-06
1019,-1.1136297753557738e-05,9.914364797324575e-05,-0.00014915195060893893,-7.457597530446947e-06
1020,-2.156109314526005e-05,8.708513300637699e-05,-0.00017265880887862295,-8.632940443931148e-06
1021,-8.442876435549544e-05,2.5552210818353055e-05,-0.00023010263976175338,-1.150513198808767e-05
1022,-0.00013949989813563524,-2.58800284912678e-05,-0.0002771729195956141,-1.3858645979780704e-05
1023,-0.00012969899503215162,-1.4115927087188602e-05,-0.0002480100083630532,-1.240050041815266e-05
1024,-4.9259541415207816e-05,6.440082752221324e-05,-0.0001743087195791304,-8.715435978956522e-06
1025,-1.6134099178431484e-05,9.454124065871636e-05,-0.00015317114593926817,-7.65855729696341e-06
1026,0.00014642782982497878,0.0002466890459820329,-2.1627927253575763e-06,-1.0813963626787882e-07
1027,6.32923802864473e-05,0.00015878843527863213,-0.00010449446563143283,-5.2247232815716416e-06
1028,4.5794882912702194e-05,0.00013894224300327898,-0.00014450156595557928,-7.2250782977789646e-06
1029,3.9506789512060516e-05,0.00013066659858036085,-0.00014662722242064774,-7.331361121032388e-06
1030,5.7531336173779774e-05,0.00014582524218133253,-0.00012553768465295434,-6.276884232647717e-06
1031,0.00022090345082878817,0.0002977205487957432,5.046525984653272e-05,2.523262992326636e-06
1032,0.00013266573892094932,0.00020350248220499869,-4.7174675273709e-05,-2.35873376368545e-06
1033,0.00013461034458025058,0.00020048379543514586,-5.7291203120257705e-05,-2.8645601560128854e-06
1034,6.803538377333193e-05,0.00013199742210040673,-0.00010983381798723713,-5.491690899361856e-06
1035,0.00013634791871950687,0.00019588739764544956,-5.3535150073003024e-05,-2.676757503650151e-06
1036,0.00012036239821778549,0.00017733506127206347,-8.35281316540204e-05,-4.1764065827010205e-06
1037,6.518625380746998e-05,0.00012132891221624479,-0.00011276947770966217,-5.638473885483109e-06
1038,9.486145267179214e-05,0.00014815497500672418,-6.908267096150666e-05,-3.4541335480753332e-06
1039,0.00011326100560946686,0.00016220452899982858,-3.456197737250477e-05,-1.7280988686252386e-06
1040,0.0002014861987857449,0.00024305340636651102,3.27449306496419e-05,1.6372465324820951e-06
1041,0.00021218553839234225,0.0002478803025193253,1.3307449989952147e-05,6.653724994976074e-07
1042,0.00017018167756689735,0.00020377797797418025,-5.168521965970285e-05,-2.5842609829851426e-06
1043,0.00018802824885935461,0.00021948601594854676,-4.4047814299119636e-05,-2.202390714955982e-06
1044,0.0001082853952963021,0.0001408267220659139,-0.00010333382670069113,-5.166691335034557e-06
1045,0.00019441182121760983,0.00022329953818216243,-6.858678716525901e-06,-3.429339358262951e-07
1046,0.00022211590845304654,0.00024587461579924296,2.7789837986347266e-05,1.3894918993173633e-06
1047,0.0002915196469456835,0.0003066046312634895,0.00010684658627724275,5.342329313862138e-06
1048,0.0002467156834120514,0.0002563882210434617,5.4203668696573004e-05,2.7101834348286504e-06
1049,0.00031329024560160506,0.0003147878648647344,0.00012082940520485863,6.041470260242932e-06
1050,0.0003145720938315241,0.0003081578116149093,0.00012917710409965366,6.458855204982683e-06
1051,0.00030279990758204877,0.0002886942317277922,0.00013892659626435488,6.9463298132177446e-06
1052,0.00016938378102681373,0.000155411914082646,-3.965456016885582e-06,-1.9827280084427912e-07
1053,0.00022013578555785116,0.00020397353540678578,4.8521262215217575e-05,2.426063110760879e-06
1054,0.0001967677961150327,0.00017937367387723405,3.4608518035383895e-05,1.7304259017691949e-06
1055,0.00026611503786430515,0.00024409766748906023,0.00010675969679141417,5.337984839570709e-06
1056,6.807475153700414e-05,5.168057437146718e-05,-9.171312558464706e-05,-4.585656279232353e-06
1057,-8.824259917154369e-05,-9.267743441600173e-05,-0.0002216809953097254,-1.1084049765486272e-05
1058,-5.43102585736424e-05,-5.1040254416519684e-05,-0.0001494233583798632,-7.47116791899316e-06
1059,-7.047499459492475e-06,-1.4287505101398333e-06,-5.4695610742783174e-05,-2.7347805371391587e-06
1060,0.00012837181013734784,0.0001285940407816291,9.321624384028837e-05,4.660812192014419e-06
1061,4.73501862231444e-05,4.5805200883804524e-05,2.3583730580867268e-05,1.1791865290433634e-06
1062,0.00021514021603751224,0.00020347635981045686,0.0001943527313414961,9.717636567074806e-06
1063,0.00010517179616150516,8.946422177658711e-05,8.455623174086213e-05,4.2278115870431066e-06
1064,0.0002020367305558264,0.00017972796600204555,0.0001449508563382551,7.247542816912756e-06
1065,0.0002531081824750628,0.00022343440252098066,0.00017123017460107803,8.561508730053902e-06
1066,0.00038901451407403516,0.0003467161032737706,0.00028939987532794476,1.4469993766397238e-05
1067,0.00040037155611458066,0.0003458849458102532,0.0002995692484546453,1.4978462422732265e-05
1068,0.00027443785812610944,0.00021512612636095095,0.00017091211338993162,8.545605669496582e-06
1069,0.000272464805903183,0.00021004161861867764,0.00014823123638052493,7.411561819026247e-06
1070,0.00019877575321601998,0.00013660559731507504,8.839003567118198e-05,4.419501783559099e-06
1071,0.00014224953216843754,8.298782981785882e-05,3.7881036405451596e-05,1.8940518202725798e-06
1072,0.00022412063559683112,0.00016386913506472693,0.00011401542724343017,5.700771362171509e-06
1073,0.00017864531368855458,0.0001193887667019667,7.458205072907731e-05,3.7291025364538656e-06
1074,0.00038076001823047676,0.00031276791484131125,0.00026832628645934165,1.3416314322967084e-05
1075,0.00044691456105320983,0.0003685695919639289,0.0003088222292717546,1.5441111463587732e-05
1076,0.0005177891853614211,0.00042815786566940283,0.0003406554751563817,1.7032773757819087e-05
1077,0.0006091603445413929,0.0005059122056700608,0.00040324972360394895,2.0162486180197448e-05
1078,0.0006798541150113218,0.0005625722788924009,0.00043091224506497383,2.1545612253248694e-05
1079,0.0007782732463565427,0.0006456834210578104,0.0004774035478476435,2.3870177392382176e-05
1080,0.0007794027869379011,0.000634886483634833,0.0004326577764004469,2.1632888820022345e-05
1081,0.0006864944223040735,0.000537022880709513,0.0003135523584205657,1.5677617921028286e-05
1082,0.0007363800666687078,0.0005812596982004987,0.0003399960114620626,1.6999800573103132e-05
1083,0.0007488817017806639,0.0005875916894615258,0.0003606982936616987,1.8034914683084937e-05
1084,0.0005328392392974835,0.00037606183570459327,0.00015697165508754551,7.848582754377276e-06
1085,0.0005761622557718625,0.00042141500067947196,0.0002060284896288067,1.0301424481440336e-05
1086,0.0004695538833746564,0.0003205173800477522,0.00013021928316447884,6.510964158223943e-06
1087,0.00028135639655746695,0.0001454122659321857,-2.3796394089004025e-05,-1.1898197044502013e-06
1088,0.00018473302255387044,6.404425777483936e-05,-8.220459130825475e-05,-4.110229565412738e-06
1089,0.00016231427153805153,5.506916927157149e-05,-6.656666664639488e-05,-3.328333332319744e-06
1090,7.621524483583561e-05,-1.641282108564429e-05,-0.00011095235095126554,-5.547617547563277e-06
1091,4.920923236897955e-05,-2.9529745058863446e-05,-0.0001184985158033669,-5.924925790168346e-06
1092,0.00010441157567274282,3.444980663212821e-05,-3.829187699011527e-05,-1.9145938495057637e-06
1093,0.00014756562537785944,8.343446152802463e-05,3.7328775306377793e-06,1.8664387653188898e-07
1094,0.00018854762219913633,0.0001271635686831324,5.328437327989377e-05,2.664218663994689e-06
1095,0.00015084452603305953,9.386267172079357e-05,1.2886868717032485e-05,6.443434358516243e-07
1096,4.494720579849084e-05,-3.4746262809269033e-06,-7.732999074505642e-05,-3.866499537252821e-06
1097,0.00011038978150541896,6.529311684512343e-05,1.6360156223527156e-05,8.180078111763579e-07
1098,0.00017756763790044417,0.00013238728080432926,7.71049817558378e-05,3.85524908779189e-06
1099,0.00013622158409884647,9.362340370085026e-05,2.1029934941907413e-05,1.0514967470953708e-06
1100,0.0001583887003741829,0.00011715941303962139,4.173548222752288e-05,2.086774111376144e-06
1101,8.793032179370386e-05,5.1641428444669895e-05,-3.238331191823818e-05,-1.619165595911909e-06
1102,-2.6352008032251636e-05,-5.251365714306877e-05,-0.00014191748050507158,-7.095874025253579e-06
1103,-1.2005128250255508e-05,-2.9278491599928967e-05,-0.0001290460058953613,-6.452300294768065e-06
1104,-6.444179179045476e-05,-7.243793000918716e-05,-0.0001499172649346292,-7.495863246731461e-06
1105,-1.2727231950978476e-05,-1.5736519179988155e-05,-7.808599184500054e-05,-3.904299592250027e-06
1106,-0.0001628800681677834,-0.00015488973531866827,-0.00020850938744843006,-1.0425469372421504e-05
1107,-0.0002356453741336556,-0.00021478950898295906,-0.0002604209876153618,-1.3021049380768092e-05
1108,-0.00035421557776270043,-0.00031698957898793295,-0.0003486580972094089,-1.7432904860470445e-05
1109,-0.0003388271254510903,-0.0002877375283743654,-0.0003214949683751911,-1.6074748418759555e-05
1110,-0.00016668974372180571,-0.00011210891972507993,-0.00013647762534674257,-6.823881267337129e-06
1111,-9.517753468535334e-05,-4.102071354343195e-05,-7.034181180642918e-05,-3.517090590321459e-06
1112,-7.983637911280122e-05,-2.599309296704017e-05,-7.699790876358747e-05,-3.8498954381793736e-06
1113,7.604623755103106e-05,0.00012348379678102375,4.3242722313152626e-05,2.1621361156576316e-06
1114,0.0001112603924683828,0.000151911667242832,5.627600694424473e-05,2.8138003472122365e-06
1115,0.00017014810735513722,0.00020259390273090795,9.316128125647083e-05,4.658064062823542e-06
1116,0.00013062163235213548,0.00015835012066150076,3.448500137892552e-05,1.7242500689462759e-06
1117,0.00014619976063871273,0.000169842045886134,3.056975401705131e-05,1.5284877008525655e-06
1118,0.00014352908101305527,0.0001637181088985731,2.5111654395004734e-05,1.2555827197502368e-06
1119,0.00013743631069371997,0.00015437239187098375,2.712995046749711e-05,1.3564975233748556e-06
1120,0.00015167071547087904,0.00016489969034025592,4.160651224083267e-05,2.0803256120416337e-06
1121,0.00029986382080587226,0.00030245136806062735,0.00018668758275453,9.334379137726501e-06
1122,0.0001557857132049178,0.0001556152408010476,4.283070666133426e-05,2.141535333066713e-06
1123,0.00022606883593088122,0.00021990200391656294,0.00011558701953617856,5.7793509768089285e-06
1124,0.00016417427786873372,0.00015499718744483123,6.453416426666081e-05,3.2267082133330406e-06
1125,0.0003861433770999792,0.0003654201984355954,0.0002414844639133662,1.207422319566831e-05
1126,0.00045146442264419324,0.0004176086290924081,0.00028680506511591375,1.4340253255795688e-05
1127,0.00019343659781045444,0.00016093834092028672,1.4942193956812844e-05,7.471096978406422e-07
1128,-7.4019676847868e-05,-9.323009053924553e-05,-0.0002181293093599379,-1.0906465467996897e-05
1129,-0.00013101163256560083,-0.00013797654547884942,-0.00020792096620425582,-1.0396048310212791e-05
1130,-0.0003407415073676919,-0.000328213216886311,-0.00036879951949231327,-1.8439975974615663e-05
1131,-0.00029984999324960397,-0.0002722325174944504,-0.0003057745343539864,-1.528872671769932e-05
1132,-0.00031647880369324463,-0.00027581580528149096,-0.0002892274933401495,-1.4461374667007477e-05
1133,-0.000277985885784478,-0.0002279717859524126,-0.00023745342332404107,-1.1872671166202053e-05
1134,-0.00028763590482112314,-0.00022877649793168577,-0.0002450567844789475,-1.2252839223947377e-05
1135,-0.0003382873381924873,-0.00026907442570022654,-0.00029080454260110855,-1.4540227130055428e-05
1136,-0.00037869154284071683,-0.0002987029523802993,-0.0003155204758513719,-1.5776023792568596e-05
1137,-0.0004189027807400664,-0.0003274043158236153,-0.00034719164250418544,-1.7359582125209274e-05
1138,-0.0005593649788017502,-0.00045222737130826986,-0.00044779470772482455,-2.238973538624123e-05
1139,-0.0003514533192224599,-0.00024137513640822456,-0.00021630412084050477,-1.0815206042025239e-05
1140,-0.00012356863637537937,-2.1310448986977728e-05,-1.296177833864931e-05,-6.480889169324656e-07
1141,-0.00014354986402545825,-4.734528938660051e-05,-4.562841058941558e-05,-2.281420529470779e-06
1142,-0.00011276026975812819,-2.287763663164004e-05,-3.3742118830559775e-05,-1.6871059415279888e-06
1143,-2.12921003311919e-05,5.764883902856856e-05,6.693157774861902e-05,3.3465788874309513e-06
1144,-4.716962007374458e-05,2.2296778546400113e-05,5.106639218865894e-05,2.553319609432947e-06
1145,-3.057604679487658e-05,2.7832067124499193e-05,9.681754454504699e-05,4.84087722725235e-06
1146,-1.8495883571348135e-05,2.8470754661768454e-05,0.00012036665430059657,6.018332715029829e-06
1147,-0.00022683173454415397,-0.00018096336464255033,-6.950478564249352e-05,-3.475239282124676e-06
1148,-0.000392157827778925,-0.0003393301083576586,-0.00022327841725200415,-1.1163920862600208e-05
1149,-0.00028730140443666125,-0.00023381617667811701,-0.00010138448851648718,-5.069224425824359e-06
1150,-0.00018966744399826513,-0.0001399773375123032,-1.4760349586140364e-05,-7.380174793070183e-07
1151,-0.00013614448175833222,-9.272831079862055e-05,3.7379715649876744e-05,1.8689857824938373e-06
1152,-0.00010486296626685203,-6.82574871273091e-05,5.50162949366495e-05,2.7508147468324753e-06
1153,0.00013056197228032606,0.000149009345578006,0.0002910704060923308,1.4553520304616541e-05
1154,0.00013608959329084006,0.0001382720764877594,0.00027424056315794587,1.3712028157897294e-05
1155,0.00024257833410060205,0.0002255911383861446,0.00035615236265584826,1.7807618132792413e-05
1156,0.00025670272022479835,0.00022175941245627554,0.00035965393180958927,1.7982696590479463e-05
1157,0.00020108608216527226,0.0001536163038909865,0.0002792369923554361,1.3961849617771804e-05
1158,0.0003396617422627717,0.0002757917022976795,0.0003798201505560428,1.899100752780214e-05
1159,0.00040858499942766533,0.00032684909546600163,0.0004341278981883079,2.1706394909415395e-05
1160,0.0004023068512142436,0.0003057731952575611,0.00039997484418563545,1.9998742209281774e-05
1161,0.00031832123044104314,0.00021247377495323415,0.0003154293808620423,1.5771469043102117e-05
1162,0.00024426019411260516,0.00013388965413179286,0.00023866817355155945,1.1933408677577974e-05
1163,0.0003976203992404419,0.00027547892521873475,0.00039572242530994117,1.978612126549706e-05
1164,0.0003192728802845005,0.00018995608501125422,0.00032033250317908823,1.6016625158954413e-05
1165,0.0002465478228909077,0.0001146514719787523,0.00024219616898335516,1.210980844916776e-05
1166,0.00027641691193274365,0.00014068368135162256,0.00027562218019738793,1.3781109009869398e-05
1167,0.0001497102246458554,1.662563081553804e-05,0.00015332629845943302,7.666314922971651e-06
1168,-5.422743916845238e-05,-0.00017535349780159392,-3.2094118068926036e-05,-1.6047059034463019e-06
1169,-0.00011035259711750075,-0.00021881053136968537,-5.712795609724708e-05,-2.856397804862354e-06
1170,-2.7925627866217098e-05,-0.000130141155913318,5.5367992899846286e-05,2.7683996449923144e-06
1171,7.621267591158065e-05,-2.5061129907637405e-05,0.00014959994587115943,7.479997293557972e-06
1172,5.362087805111934e-05,-4.5994894666102135e-05,0.00013025254884269089,6.512627442134545e-06
1173,0.00016620769331751904,6.32924177865208e-05,0.00022626254940405488,1.1313127470202745e-05
1174,4.386737561598871e-06,-9.430236308405602e-05,7.815216667950153e-05,3.9076083339750765e-06
1175,2.814343828490762e-05,-6.777045291492889e-05,0.0001043698430294171,5.2184921514708556e-06
1176,0.00013732669671027365,3.758842381419511e-05,0.0002329698036191985,1.1648490180959925e-05
1177,0.0002378187320046071,0.00013017497970699244,0.00031739621772430837,1.586981088621542e-05
1178,0.0003813093665708015,0.0002599187007065318,0.00044338879524730146,2.2169439762365074e-05
1179,0.000454621984285974,0.0003169890912581348,0.0005106123280711472,2.553061640355736e-05
1180,0.0004265198123279724,0.00027587598116913614,0.00046800929703749716,2.340046485187486e-05
1181,0.0004202538422082027,0.0002587107532380257,0.00044488601270131767,2.2244300635065886e-05
1182,0.0003806279459824589,0.0002111957670182961,0.00040157316834665835,2.007865841733292e-05
1183,0.0005212823929753535,0.00033862332929978414,0.0005215495475567877,2.6077477377839388e-05
1184,0.0005272375424731726,0.00033243833360175945,0.0005182991153560579,2.5914955767802897e-05
1185,0.0004888681111783152,0.000285900834309344,0.00045770368888042867,2.2885184444021436e-05
1186,0.00038839909812586295,0.00018309328174352868,0.00035624130396172404,1.7812065198086203e-05
1187,0.00043089672346661827,0.00022185708752626252,0.0003921956231351942,1.960978115675971e-05
1188,0.00031034079528383964,0.00010327642011094098,0.0002847131690941751,1.4235658454708755e-05
1189,0.00012766177969551933,-6.82093262745382e-05,0.00010099425708176568,5.049712854088284e-06
1190,-4.0505418520780673e-05,-0.00021859771321422608,-4.053296652273275e-05,-2.0266483261366374e-06
1191,-0.0002492880805547602,-0.00040298109660499837,-0.00019308747141622007,-9.654373570811003e-06
1192,-0.00021344321846154644,-0.00034673286801053827,-0.00014395412290468812,-7.1977061452344065e-06
1193,-0.00022190341427519498,-0.0003375009585118449,-0.00012077778956154361,-6.038889478077181e-06
1194,-7.621282773401105e-05,-0.00018235966039482698,1.546376370242797e-05,7.731881851213984e-07
1195,-1.7599971189121235e-05,-0.00011795093309159089,6.887896597618237e-05,3.4439482988091187e-06
1196,-1.0611476461396145e-05,-0.0001050684928528935,5.416278509073891e-05,2.7081392545369455e-06
1197,-7.556991051813078e-05,-0.0001616759762227016,-5.2042523748241365e-06,-2.602126187412068e-07
1198,-1.4692731233386746e-05,-9.606300116654455e-05,5.541972495848313e-05,2.7709862479241566e-06
1199,-0.00021371801368906944,-0.0002821119979684169,-0.00011813265882665291,-5.906632941332646e-06
1200,-0.0003289303792740275,-0.0003810630873616543,-0.00019950370187871158,-9.975185093935579e-06
1201,-0.0002696323324365265,-0.0003108149097053951,-0.00011485076538519934,-5.742538269259967e-06
1202,-0.0001927501391043274,-0.0002282507767018458,-2.8196463972562924e-05,-1.4098231986281462e-06
1203,-0.0003255694485526052,-0.00035019443291966584,-0.00014459533849731088,-7.2297669248655445e-06
1204,-0.0003923539094314518,-0.0004043630941669855,-0.00019464475917629898,-9.73223795881495e-06
1205,-0.0003725303099014752,-0.0003747311013280825,-0.00015652112779207528,-7.826056389603764e-06
1206,-0.0002990753570675928,-0.00029656679866527997,-7.093849853845313e-05,-3.5469249269226568e-06
1207,-0.00023694015523443245,-0.0002340631427258333,5.034241439716425e-06,2.5171207198582127e-07
1208,-0.0002732136454202973,-0.0002681012131422869,-3.68164292012807e-05,-1.840821460064035e-06
1209,-5.1362663377586994e-05,-5.2207953254199816e-05,0.00012313321349211037,6.156660674605519e-06
1210,-5.2257898112513346e-05,-5.86477365070076e-05,0.00011916210496565327,5.9581052482826635e-06
1211,-0.00012305737924228705,-0.00013132896369132737,5.295308437780477e-05,2.6476542188902386e-06
1212,-6.635850347958179e-05,-7.858701902109732e-05,9.900744043989107e-05,4.950372021994554e-06
1213,-0.0001221690910029004,-0.000135794192848837,5.342763688531704e-05,2.6713818442658525e-06
1214,-8.846267597765575e-05,-0.00010409178492573456,6.913413380971178e-05,3.4567066904855894e-06
1215,-0.00018861838678223427,-0.0002018828164876354,-1.4874334738124162e-05,-7.437167369062082e-07
1216,-0.0004254791887300018,-0.0004270512628909717,-0.00020238658180460334,-1.0119329090230167e-05
1217,-0.00048003833963485606,-0.000469064943094411,-0.00023115998192224652,-1.1557999096112326e-05
1218,-0.0005731562951765442,-0.000548841012596779,-0.00026378335314802825,-1.3189167657401414e-05
1219,-0.0005129912608877181,-0.00047987782708547994,-0.00019233240163885057,-9.61662008194253e-06
1220,-0.00037998866133094985,-0.00034563388747327345,-5.728526957682334e-05,-2.864263478841167e-06
1221,-0.0003856064004023634,-0.0003507912194436764,-4.9150603445013985e-05,-2.4575301722506993e-06
1222,-0.00033264898072041233,-0.00030063748369174196,1.2690425137407146e-05,6.345212568703573e-07
1223,-0.00032937916973936946,-0.00030003193799113445,1.1185310540895443e-05,5.592655270447722e-07
1224,-0.00016892549471927878,-0.00014774935302956066,0.00012428448826540262,6.214224413270131e-06
1225,3.8373607292820164e-05,4.338501394718611e-05,0.0002931393391918391,1.4656966959591956e-05
1226,-9.400184875051393e-05,-9.748529593568578e-05,0.00015884586900938302,7.942293450469151e-06
1227,-9.484512408269272e-05,-0.00010469907808483162,0.0001319164439337328,6.5958221966866406e-06
1228,-9.371606383991578e-05,-0.0001086704725960111,0.00011868063302244991,5.934031651122496e-06
1229,7.914066540987387e-05,5.224096706138352e-05,0.0002652336552273482,1.326168276136741e-05
1230,2.977525322105885e-05,-4.484311689295782e-06,0.00018891459330916405,9.445729665458204e-06
1231,-3.97176033332894e-05,-7.589601690292498e-05,9.325049904873595e-05,4.662524952436798e-06
1232,0.0001520686340379991,0.00010747184668105735,0.00023026956478133798,1.15134782390669e-05
1233,0.00015969464323167267,0.00010740368150925459,0.0002268160314997658,1.1340801574988292e-05
1234,0.00017913470678437656,0.00012045638019695435,0.00021256570471450686,1.0628285235725344e-05
1235,0.0002675009328331566,0.00020064602988139,0.000259318680036813,1.2965934001840652e-05
1236,0.0002449513816903947,0.00017346847898419668,0.00020073431369382888,1.0036715684691445e-05
1237,0.00019946454292442287,0.00012756739556428256,0.00012596115993801504,6.298057996900752e-06
1238,2.070905880436952e-05,-4.423607629659562e-05,-1.705321301415097e-05,-8.526606507075485e-07
1239,-2.999377237048203e-05,-8.683134071736556e-05,-4.501459261518903e-05,-2.2507296307594515e-06
1240,-6.762607009468984e-05,-0.00011616065124262526,-5.842580503667705e-05,-2.9212902518338525e-06
1241,5.637874939635581e-05,9.649301099440135e-06,6.002941881888546e-05,3.001470940944273e-06
1242,-0.00012411860455534043,-0.00016198862687302203,-8.702073682798073e-05,-4.351036841399037e-06
1243,-0.00019060996936633856,-0.00021820903911797467,-0.0001259831478819251,-6.299157394096256e-06
1244,-0.00022018102119369967,-0.0002384339489604753,-0.00012145007349317893,-6.072503674658947e-06
1245,-7.652190580457509e-05,-9.383318230059886e-05,3.230389120290056e-05,1.615194560145028e-06
1246,-0.00010887726571265382,-0.00012426993090032214,6.441946425184142e-06,3.220973212592071e-07
1247,-0.00010570981723796643,-0.00012006205944589302,1.978781438083388e-05,9.89390719041694e-07
1248,-0.0001365768030302424,-0.0001482386787897812,-1.5776464351802133e-05,-7.888232175901067e-07
1249,-3.200769053166107e-05,-4.642157837999496e-05,8.952467032941058e-05,4.476233516470529e-06
1250,7.609889199276844e-05,5.347974906897186e-05,0.00019996255286969244,9.998127643484624e-06
1251,3.403419488117066e-05,5.982873143478324e-06,0.00015307901776395738,7.653950888197869e-06
1252,0.0001065637056279921,7.175757951935637e-05,0.00018819054821506143,9.409527410753072e-06
1253,3.217809197512582e-05,-4.903992654848655e-06,0.00010861384362215176,5.430692181107588e-06
1254,-8.60358870970081e-05,-0.00011982668856304184,3.4422621411067666e-06,1.7211310705533835e-07
1255,-4.514176164735575e-05,-7.960692307927964e-05,8.204911864595488e-05,4.102455932297744e-06
1256,-4.774995212602256e-05,-8.443080054666039e-05,0.00011339449702063575,5.669724851031788e-06
1257,1.6379906654012846e-05,-2.514894413532958e-05,0.00016853242414072156,8.426621207036078e-06
1258,-0.00010235938042178351,-0.00014262367459021562,5.2100691391387954e-05,2.605034569569398e-06
1259,-0.00014295414495045644,-0.00017981532553756275,1.0481099707249086e-05,5.240549853624544e-07
1260,-0.0003052945374872024,-0.00033270136931240387,-0.0001132643737946637,-5.6632186897331856e-06
1261,-0.0001328441130804904,-0.00015889978506746587,3.8688256609020755e-05,1.9344128304510377e-06
1262,7.95682035225197e-05,4.488060387445717e-05,0.00023327735834755003,1.1663867917377502e-05
1263,0.0001309681635313704,8.60400594943134e-05,0.0002720259362831712,1.3601296814158559e-05
1264,0.00030372158119643046,0.0002437840351234885,0.0003800328995566815,1.9001644977834077e-05
1265,0.00014757410513666875,8.200816547131425e-05,0.00021203947835601866,1.0601973917800934e-05
1266,0.00037594466811769324,0.0002962777663799462,0.00039470658521167934,1.9735329260583967e-05
1267,0.0004767196211070405,0.00038063433535945676,0.00046010164078325033,2.300508203916252e-05
1268,0.00025519009453325425,0.00015542997184510058,0.00022881804034113884,1.1440902017056943e-05
1269,0.00019909658301026328,9.899897857133513e-05,0.00017503544222563505,8.751772111281754e-06
1270,0.0002865729796874642,0.00018147989432340802,0.00027386375586502254,1.3693187793251128e-05
1271,0.0002998797643550876,0.00018937831972797538,0.00028954417211934924,1.4477208605967463e-05
1272,0.00026372857002284936,0.00014964293716124085,0.00026157559477724135,1.3078779738862068e-05
1273,0.00034848084118341077,0.00022737734489729932,0.0003374240477569401,1.6871202387847006e-05
1274,0.0002866625677474163,0.00016285877803733594,0.0002610964875202626,1.3054824376013131e-05
1275,0.0003225072384920072,0.00019530534410924417,0.0002819836954586208,1.409918477293104e-05
1276,0.00031219662234794026,0.00018225753690110193,0.0002752056752797216,1.3760283763986081e-05
1277,0.0002515836060649862,0.00012249929925907234,0.00020898810180369765,1.0449405090184883e-05
1278,0.0004249562875539639,0.0002898843445631919,0.00034765517921186984,1.7382758960593493e-05
1279,0.0003837788203997628,0.0002453794356120323,0.00030148334917612374,1.5074167458806187e-05
1280,0.00032027804305953517,0.0001830307804205846,0.00021834581275470555,1.0917290637735277e-05
1281,0.00038776135103848737,0.0002498954578629256,0.00025564045063219965,1.2782022531609983e-05
1282,0.0004267729899349093,0.00028750632478432366,0.0002731371496338397,1.3656857481691988e-05
1283,0.0005477141135150372,0.0004029316413267127,0.0003580466436687857,1.7902332183439287e-05
1284,0.0004002672103263989,0.0002568326170828404,0.00022768639610148966,1.1384319805074483e-05
1285,0.00034131729222645457,0.0002018219400288893,0.00017774832667782903,8.887416333891451e-06
1286,0.00043148564936137024,0.0002904354124304162,0.0002850698947440833,1.4253494737204165e-05
1287,0.0002901835898127047,0.00015299253820022447,0.00017786752141546458,8.89337607077323e-06
1288,0.00027120243263298007,0.0001371771893639912,0.00018893343803938478,9.44667190196924e-06
1289,0.0002991739996843446,0.00016581704305680914,0.0002347346453461796,1.1736732267308982e-05
1290,0.00043379081226628476,0.00029466034588827405,0.0003594539302866906,1.797269651433453e-05
1291,0.00047205857599973036,0.0003261608286805234,0.00038191667408682406,1.9095833704341206e-05
1292,0.0003680355940667839,0.00022148660888501008,0.0002661520557012409,1.3307602785062045e-05
1293,0.0004587343590180968,0.00030736567430051455,0.0003512937109917402,1.756468554958701e-05
1294,0.00030766735619796784,0.00015726487835773957,0.00024019771080929786,1.2009885540464894e-05
1295,0.00034832195865380333,0.00019689700428644305,0.00027990530361421406,1.3995265180710704e-05
1296,0.00022710942706498832,8.036982389651556e-05,0.0001663220173213631,8.316100866068154e-06
1297,0.0001795047305668209,3.837780353582615e-05,0.00014323784853331745,7.161892426665872e-06
1298,0.00010064306753671987,-3.234584810230856e-05,8.564886229578406e-05,4.282443114789203e-06
1299,0.00017460536862750568,4.556248307434427e-05,0.0001586585713084787,7.932928565423937e-06
1300,-3.373890841262373e-05,-0.00015033613687171187,-1.869286825240124e-05,-9.34643412620062e-07
1301,9.582221897297732e-05,-1.6614811186484094e-05,0.00013217034575063735,6.608517287531868e-06
1302,0.0001891510276114982,7.546797424787622e-05,0.00023023152607493103,1.1511576303746551e-05
1303,0.0001223122007664571,1.0809097462831287e-05,0.00015899263962637633,7.949631981318817e-06
1304,-2.2545075106681787e-05,-0.00012503501893701237,1.96726068679709e-05,9.83630343398545e-07
1305,8.926497503361254e-05,-1.0922026022758653e-05,0.0001441325293853879,7.206626469269395e-06
1306,0.0002010345293965896,9.649550080264368e-05,0.0002708251413423568,1.3541257067117841e-05
1307,0.00017713493516466496,6.876015040270063e-05,0.0002619324077386409,1.3096620386932046e-05
1308,0.00030579431462939016,0.0001886537351449258,0.00036394657217897475,1.819732860894874e-05
1309,0.00014736208476646935,2.930196158563507e-05,0.00021664710948243737,1.083235547412187e-05
1310,0.00014490663713225666,2.7466136808199417e-05,0.00019026669906452298,9.51333495322615e-06
1311,0.00014806393704579665,3.130667527653222e-05,0.00018989636737387627,9.494818368693815e-06
1312,0.00015472356245036298,3.869548346958037e-05,0.00018845176964532584,9.422588482266293e-06
1313,0.00015373133861259106,3.887013708194349e-05,0.00017858337378129363,8.929168689064682e-06
1314,0.00020523260327758068,8.987783339503497e-05,0.00020981329726055264,1.0490664863027632e-05
1315,0.00013609635032386656,2.3949796615987155e-05,0.00013536038750316948,6.768019375158474e-06
1316,0.00012161532708225025,1.4569049769265722e-05,9.415530075784773e-05,4.707765037892387e-06
1317,-6.706004821752505e-05,-0.0001610448897524591,-7.064117380650714e-05,-3.532058690325357e-06
1318,-9.123490879954956e-05,-0.00017225899474056496,-8.302943751914427e-05,-4.151471875957214e-06
1319,-3.2880197153805905e-05,-0.00010630825546644703,6.496359674201813e-06,3.2481798371009065e-07
1320,-6.923958674669547e-05,-0.00013423350572816728,-2.4142065740306862e-05,-1.2071032870153432e-06
1321,3.513065213641711e-05,-2.6740532105358234e-05,6.885026959935203e-05,3.4425134799676017e-06
1322,-8.058802667221379e-05,-0.00013495580142004388,-2.661014332261402e-05,-1.3305071661307012e-06
1323,-0.0003022639016798788,-0.0003399953566374751,-0.0002193388354498893,-1.0966941772494465e-05
1324,-0.00021308105207166193,-0.0002406047808718874,-0.0001106176569010131,-5.530882845050655e-06
1325,-0.0001928222536734705,-0.00021373120043076746,-5.6143901019822806e-05,-2.8071950509911404e-06
1326,-0.00017458470896492903,-0.00019024931996710964,-4.1715975385159254e-05,-2.0857987692579627e-06
1327,-0.00011901942059944527,-0.0001313801426119125,-1.2895741747342981e-05,-6.447870873671491e-07
1328,-0.00011384630498327676,-0.00012344234250568823,-9.08643050934188e-06,-4.543215254670941e-07
1329,-4.574921916703746e-05,-5.4920808192365024e-05,3.240745354560204e-05,1.620372677280102e-06
1330,-3.387487179034362e-05,-4.2347626675371385e-05,2.4514740289305337e-05,1.225737014465267e-06
1331,4.792993834068844e-05,3.775556745427465e-05,7.095958426361904e-05,3.547979213180952e-06
1332,0.00017877536488679417,0.00016150513513158492,0.00017993843357544392,8.996921678772196e-06
1333,0.00034422735823806834,0.0003137249256163537,0.00031003894400782883,1.550194720039144e-05
1334,0.0002889106936243384,0.00024989788953033227,0.00023138313554227352,1.1569156777113676e-05
1335,0.0002377408850099558,0.0001952609937083967,0.0001449585979571566,7.24792989785783e-06
1336,0.00014750326454037707,0.00010617453356575425,6.164050137158483e-05,3.082025068579242e-06
1337,0.0001722662192706393,0.00013129229137888812,8.006617281353101e-05,4.003308640676551e-06
1338,-2.310837810443895e-05,-5.569650058773464e-05,-7.978485518833622e-05,-3.989242759416811e-06
1339,-6.888047122074114e-05,-9.264598162895327e-05,-9.624168887967244e-05,-4.8120844439836226e-06
1340,-0.00019127338058953216,-0.0002025130817436712,-0.00018172743148170412,-9.086371574085207e-06
1341,-0.00027457242714076736,-0.00027207382014289176,-0.00022245662694331259,-1.112283134716563e-05
1342,-0.0002762742873844488,-0.0002630212626121244,-0.00018242024816572666,-9.121012408286334e-06
1343,-0.0001619458515811598,-0.0001442800364620706,-7.35819703550078e-05,-3.67909851775039e-06
1344,-0.000276315029774158,-0.0002492373422459907,-0.00018478937272448093,-9.239468636224047e-06
1345,-0.00012828469723827706,-9.781624636665692e-05,-7.78972971602343e-05,-3.894864858011715e-06
1346,-0.00034837585273932907,-0.00030621749786171926,-0.0002524582378100604,-1.262291189050302e-05
1347,-0.00024997902987761996,-0.0002011500594828364,-0.00016686135495547205,-8.343067747773603e-06
1348,-0.0001702683645321369,-0.00011948832362317038,-8.478479139739648e-05,-4.239239569869824e-06
1349,-0.00028908668807008374,-0.00023186374415706172,-0.000181416398845613,-9.07081994228065e-06
1350,-0.00023620824629427175,-0.00017586349319423898,-0.00012406698078848422,-6.203349039424211e-06
1351,-0.00015318712252067134,-9.449639908811695e-05,-3.5280576412333176e-05,-1.764028820616659e-06
1352,-9.878778955790896e-05,-4.491875403158485e-05,2.687964661163278e-05,1.3439823305816391e-06
1353,-1.162182405587093e-05,3.3444728666593115e-05,0.000110511617094744,5.5255808547372e-06
1354,-7.188596441583583e-05,-3.291634823606901e-05,6.630519055761397e-05,3.3152595278806988e-06
1355,-1.8532100565799833e-05,1.2407868671287994e-05,0.00011451019236119464,5.725509618059732e-06
1356,8.388874132098358e-05,0.00010349024473369367,0.00019200972747057676,9.600486373528838e-06
1357,0.0001858506868254837,0.0001907190486166864,0.00027515963301993906,1.3757981650996954e-05
1358,5.666434483034415e-05,5.533561586957764e-05,0.00012455014802981168,6.227507401490585e-06
1359,0.00011590120713426039,0.00010783431030226919,0.00014907494187355042,7.453747093677521e-06
1360,0.00028560354672924846,0.00026464751521187925,0.00028390123043209314,1.4195061521604658e-05
1361,0.00021946709612470435,0.0001903696341780872,0.00020605121972039342,1.0302560986019672e-05
1362,0.0001575138726491704,0.0001242611590424231,0.0001408775569871068,7.0438778493553405e-06
1363,0.00017457053829767947,0.00013722819151685991,0.0001492858282290399,7.4642914114519955e-06
1364,0.00016399695610458992,0.00012346061591041117,0.00013920123456045985,6.960061728022993e-06
1365,0.00015035803809185341,0.0001066799062063291,0.00014440546510741115,7.220273255370558e-06
1366,0.0002454644763362239,0.00019539534972567519,0.00021499583090189844,1.0749791545094923e-05
1367,0.00020430664821314242,0.00015096639728696607,0.00016113868332467973,8.056934166233987e-06
1368,0.00019139674973923555,0.00013564885560782373,0.00015051390801090747,7.525695400545374e-06
1369,0.00034862274064441167,0.00028335952288917603,0.00029775945586152375,1.4887972793076188e-05
1370,0.00036901237069330737,0.0002964664507897091,0.00026454293401911855,1.3227146700955929e-05
1371,0.00044977250396439027,0.00036925040918105764,0.0002890412288252264,1.4452061441261323e-05
1372,0.0004217278104335063,0.00033453771156671645,0.0002725690428633243,1.3628452143166216e-05
1373,0.0003959162400724843,0.00030346186155984814,0.0002533287915866822,1.2666439579334111e-05
1374,0.0004162314235569865,0.0003186688114621488,0.00025729104527272284,1.2864552263636143e-05
1375,0.0003812146090081016,0.00028096641595786115,0.0002152625675080344,1.0763128375401721e-05
1376,0.00042781086687603275,0.0003232445246633801,0.0002515576488804072,1.257788244402036e-05
1377,0.00023916882000793072,0.0001393142050980792,7.591048051835969e-05,3.795524025917985e-06
1378,0.00023657697262946038,0.0001412227524994432,7.682650903007016e-05,3.841325451503508e-06
1379,0.00011444506622759209,2.7908140780468193e-05,-1.5285591871361248e-05,-7.642795935680625e-07
1380,1.2569819748983332e-05,-6.121537915016504e-05,-0.00010448658576933667,-5.224329288466834e-06
1381,-0.00010045988894241327,-0.00015827801911843533,-0.00018469372298568487,-9.234686149284244e-06
1382,-3.0099193493116926e-05,-7.787252826945265e-05,-8.759802585700527e-05,-4.379901292850264e-06
1383,3.175968158169495e-05,-1.1436151025775794e-05,4.026924216304906e-06,2.0134621081524529e-07
1384,-5.6194285406259415e-05,-9.158809695214108e-05,-7.15083660907112e-05,-3.5754183045355603e-06
1385,7.653042505219601e-05,4.159492713059691e-05,6.371019844664261e-05,3.1855099223321305e-06
1386,-3.084715768154171e-05,-6.049733607441215e-05,-3.7591227737721056e-05,-1.8795613868860529e-06
1387,-0.00016823621320903725,-0.00018676707197519982,-0.00016110576689243317,-8.05528834462166e-06
1388,-0.00020676911336035695,-0.00021385302724866254,-0.00018099157023243606,-9.049578511621804e-06
1389,-0.0002815481411468668,-0.0002757655487345416,-0.00022556091425940394,-1.1278045712970198e-05
1390,-0.00014837933324335045,-0.00013884931542402126,-6.187211693031713e-05,-3.0936058465158568e-06
1391,3.1346533304090045e-05,3.477397201990821e-05,0.00012431292270775884,6.215646135387942e-06
1392,3.169965907353282e-05,3.0265386577139585e-05,0.0001012756911222823,5.063784556114115e-06
1393,-0.00018819157690983746,-0.00018326830396412876,-0.0001177041485789232,-5.88520742894616e-06
1394,-0.00014191918745836443,-0.00013494636256318262,-3.567069870769046e-05,-1.7835349353845233e-06
1395,-0.00011368315415360397,-0.00010695673326526084,6.655474862782285e-06,3.3277374313911426e-07
1396,-0.0002776642337370411,-0.00026478662102646017,-0.00012245573452673852,-6.122786726336926e-06
1397,-0.0001055290542543605,-9.453384470285622e-05,3.1751736969454214e-05,1.5875868484727109e-06
1398,-5.478002777711379e-05,-4.7879490994048337e-05,7.531268784077838e-05,3.7656343920389193e-06
1399,-9.670818146583731e-05,-9.094157100711569e-05,1.978466025320813e-05,9.892330126604065e-07
1400,1.2480167740223423e-05,1.279735314877829e-05,0.00010858133464353159,5.4290667321765795e-06
1401,-0.00013215264768639588,-0.00012994606118225529,-3.195625322405249e-05,-1.5978126612026245e-06
1402,-6.890075520185807e-05,-6.669279475849983e-05,6.344541361613665e-06,3.1722706808068327e-07
1403,-0.00021615129664534112,-0.00020731557049695574,-0.0001259868440683931,-6.2993422034196556e-06
1404,-0.00027284692674284916,-0.0002551527740514097,-0.000176993606146425,-8.84968030732125e-06
1405,-0.0002474336030732966,-0.00022376137765028453,-0.00013049716653767973,-6.524858326883987e-06
1406,-9.012379004252878e-05,-6.882230600956689e-05,2.6339759642723948e-05,1.3169879821361975e-06
1407,-9.98198879411142e-05,-7.99710093565229e-05,6.3229617808246985e-06,3.161480890412349e-07
1408,-0.00020845812299920751,-0.00018489153449908411,-9.638202755013481e-05,-4.81910137750674e-06
1409,-0.00018844650548213758,-0.00016346978740568443,-5.3663228754885495e-05,-2.683161437744275e-06
1410,-0.00016405847454611277,-0.00014006406031010301,-8.59172814671183e-06,-4.295864073355915e-07
1411,-9.6637799192373e-05,-7.825737669117357e-05,8.384169632336125e-05,4.192084816168062e-06
1412,-0.00025540144462411464,-0.00023572908157302796,-4.8974750825436786e-05,-2.4487375412718396e-06
1413,-0.00012916001078187603,-0.00011450433471293074,7.789244409650564e-05,3.8946222048252824e-06
1414,-7.800469664456687e-05,-7.009658479553267e-05,0.00011758863547584042,5.8794317737920215e-06
1415,-5.009517895252682e-05,-4.894087991972053e-05,0.00012617334141395986,6.308667070697994e-06
1416,-0.0002640359801854118,-0.000258589989590667,-8.495325891999528e-05,-4.247662945999764e-06
1417,-0.00012428173394519435,-0.00012149816054737736,5.367833000491373e-05,2.683916500245687e-06
1418,-0.00011996799952558375,-0.00012063070099141807,7.175725477281958e-05,3.587862738640979e-06
1419,-0.00020574820999661394,-0.00020533287005254522,-1.4463439583778381e-05,-7.231719791889191e-07
1420,-6.731254183612274e-05,-7.169316514842401e-05,0.00010359779844293371,5.179889922146686e-06
1421,6.66934661694577e-05,5.129864682185849e-05,0.00023285739007405937,1.1642869503702969e-05
1422,6.150095256720981e-05,3.6611590553975085e-05,0.00021508644567802548,1.0754322283901275e-05
1423,-1.8877454236037095e-05,-4.835541467208697e-05,0.0001311027881456539,6.555139407282695e-06
1424,-1.7673924991595186e-05,-5.0673342313820106e-05,0.00011972823995165527,5.986411997582764e-06
1425,4.667533660370544e-05,7.725370358356101e-06,0.00017566441965755075,8.783220982877537e-06
1426,9.345705103856869e-05,4.7913310478138526e-05,0.00019726611208170652,9.863305604085327e-06
1427,9.034892766215011e-05,3.989742577599359e-05,0.00017346128879580647,8.673064439790324e-06
1428,0.00032804152333916416,0.00026082848836412687,0.0004192844789940864,2.096422394970432e-05
1429,0.00017267920018159628,9.749249285715714e-05,0.0002634018019307405,1.3170090096537025e-05
1430,0.0001217797626194785,4.1687117506954283e-05,0.0002176713605877012,1.0883568029385061e-05
1431,8.074184631123444e-05,-2.759091890030912e-06,0.0001987601281143725,9.938006405718626e-06
1432,0.0001686733572531683,7.781019732357648e-05,0.0002856892824638635,1.4284464123193175e-05
1433,0.00016036850670922922,6.302952793790982e-05,0.00027846000739373267,1.3923000369686634e-05
1434,0.00023400264185608263,0.00012846395263205163,0.00032361276680603623,1.6180638340301812e-05
1435,0.00021516077871112504,0.00010405479976745391,0.000283411965938285,1.4170598296914251e-05
1436,0.0003448889701707545,0.00022326166355507757,0.00039308349369093776,1.965417468454689e-05
1437,0.0003134045151505132,0.00018403004517888376,0.0003523319901432842,1.761659950716421e-05
1438,0.00036036289554054914,0.00022298155970982165,0.00037117645842954516,1.855882292147726e-05
1439,0.0002998614705524649,0.00015887216277941176,0.00029671916854567826,1.4835958427283914e-05
1440,0.0004115127456505321,0.0002634639481147516,0.00037496406002901495,1.874820300145075e-05
1441,0.0004815366991692113,0.000324369860387337,0.0004270830249879509,2.1354151249397547e-05
1442,0.000390686903587667,0.000230448620564712,0.0003197949845343828,1.598974922671914e-05
1443,0.00035370634054207,0.00019322488575627313,0.00027204505749978125,1.3602252874989064e-05
1444,0.0002035619730357652,4.984810118180753e-05,0.0001359812158625573,6.799060793127865e-06
1445,0.0002694417438333995,0.00011872821190321784,0.00020510732429102063,1.0255366214551032e-05
1446,0.0002805343156903402,0.00013201526312715716,0.0002153323293896392,1.076661646948196e-05
1447,0.00024291660585333875,9.8911509178756e-05,0.00016410188982263207,8.205094491131604e-06
1448,0.0003571543052603879,0.0002110872864103003,0.00028844724874943495,1.4422362437471748e-05
1449,0.00045158265571370237,0.0003004305317401891,0.0003468467330094427,1.7342336650472135e-05
1450,0.000483767710057231,0.0003269505293625071,0.0003611452702898532,1.805726351449266e-05
1451,0.00036855275997768134,0.00021257633949150196,0.0002365963882766664,1.182981941383332e-05
1452,0.0003241505439729315,0.00017046012543592311,0.0002082229475490749,1.0411147377453746e-05
1453,0.0003236106778664915,0.00017118812998487816,0.00022578974312637,1.1289487156318501e-05
1454,0.00036255978188746144,0.00020796447033932564,0.00029136272496543825,1.4568136248271913e-05
1455,0.00040398826291159704,0.00024512287722221285,0.00033307712874375284,1.6653856437187643e-05
1456,0.00033128786613410724,0.0001724846330513414,0.00024969494552351534,1.2484747276175768e-05
1457,0.00023599121682656683,8.151229685012334e-05,0.00016523580416105688,8.261790208052844e-06
1458,0.00029559656435814195,0.00014189117672894599,0.000231700309086591,1.1585015454329551e-05
1459,0.0004683699454794727,0.00030715218809678385,0.0003935673157684505,1.9678365788422525e-05
1460,0.00048289764801664136,0.00031456341810745205,0.0003915585402864963,1.9577927014324816e-05
1461,0.00048080047296774036,0.0003072303806807808,0.0003633340820670128,1.816670410335064e-05
1462,0.00041110103989710253,0.00023719849696192077,0.00027393465279601514,1.3696732639800758e-05
1463,0.0003096767638746935,0.00014041409365146495,0.0001781221217243001,8.906106086215005e-06
1464,0.000292672894669254,0.00012861327187496853,0.00016374225378967822,8.18711268948391e-06
1465,4.411001147831214e-05,-0.00010481881291511573,-4.1054259781958535e-05,-2.052712989097927e-06
1466,0.00018519989262644616,4.336011021593483e-05,0.00010270776692777872,5.135388346388936e-06
1467,0.00019780046890369488,5.992533012066953e-05,0.00015179230831563473,7.589615415781737e-06
1468,0.00032388957567289466,0.00018410087057113198,0.0002603879547677934,1.3019397738389672e-05
1469,0.0001974989238911672,6.216845465190272e-05,0.00013138393114786595,6.5691965573932976e-06
1470,1.975128183611684e-05,-0.00010344610299176878,-2.6891295419773087e-05,-1.3445647709886544e-06
1471,0.00015262605798261635,3.3998419648775164e-05,0.0001106048803194426,5.5302440159721305e-06
1472,4.657199513053291e-05,-6.311069999332461e-05,1.3649254469783045e-05,6.824627234891523e-07
1473,-4.707420280641354e-06,-0.00010417083268995964,-2.3705630155745894e-05,-1.1852815077872947e-06
1474,1.3254011597781377e-05,-7.931518813407484e-05,2.866139038815163e-05,1.4330695194075816e-06
1475,8.06870794415025e-05,-8.687547064513173e-06,9.058147406904027e-05,4.529073703452014e-06
1476,9.561054525608941e-08,-8.175090996076208e-05,-3.4710881209321087e-06,-1.7355440604660546e-07
1477,-9.239966918252468e-06,-8.309298408685962e-05,-2.25628973566927e-05,-1.1281448678346352e-06
1478,-2.3833602758086834e-05,-8.934757027293605e-05,-4.066979090566747e-05,-2.0334895452833734e-06
1479,-0.00013862997967955846,-0.00019156578686610443,-0.00013756967382505536,-6.878483691252769e-06
1480,-0.00012077883364286496,-0.00016329865101849867,-0.00011096018715761602,-5.548009357880802e-06
1481,-9.126383403016043e-05,-0.0001257006479814593,-8.060083928285167e-05,-4.030041964142583e-06
1482,-0.00011244628617294777,-0.0001370060201265021,-0.00013042186037637293,-6.521093018818647e-06
1483,-2.434757311461554e-05,-4.3289911891438437e-05,-6.004592796671204e-05,-3.0022963983356024e-06
1484,-0.00014901632877984306,-0.00015747111724820391,-0.00016848875384312123,-8.424437692156063e-06
1485,-0.00011373344145479583,-0.00011456083859559031,-0.00012565091310534626,-6.282545655267313e-06
1486,-0.00023843366441302744,-0.00022738768250447132,-0.00022345923935063183,-1.1172961967531593e-05
1487,-0.0002738707896410747,-0.0002515403163508288,-0.0002281741180922836,-1.1408705904614181e-05
1488,-0.00044559863370965535,-0.00040633210453506813,-0.00035854679299518466,-1.7927339649759235e-05
1489,-0.00047610021884730836,-0.00042036606942006814,-0.0003723959962371737,-1.8619799811858686e-05
1490,-0.0003066464226816613,-0.0002452397969508676,-0.0001815648574847728,-9.07824287423864e-06
1491,-0.0004763371611237999,-0.0004026630637486575,-0.00032878664205782115,-1.643933210289106e-05
1492,-0.00038050424342249856,-0.00029887457819573627,-0.000260596425505355,-1.302982127526775e-05
1493,-0.0002845589261895057,-0.00020008560504085782,-0.00017329215188510716,-8.664607594255359e-06
1494,-0.00018207433413586544,-9.964406793260175e-05,-8.43508678372018e-05,-4.21754339186009e-06
1495,-0.00011622451912873143,-3.779430221896253e-05,-4.690626883530058e-05,-2.3453134417650293e-06
1496,-1.723683819678749e-05,5.538307032514339e-05,-7.769921467115637e-06,-3.8849607335578186e-07
1497,0.00010391512498868365,0.00016855304567393208,4.214195359963924e-05,2.1070976799819618e-06
1498,0.00016481678173290955,0.0002206431981838048,6.87047213432379e-05,3.4352360671618953e-06
1499,5.100397021784076e-05,0.00010552791277331346,-6.93292822688818e-05,-3.46646411344409e-06
1500,0.00021743700836900927,0.0002650425526793356,4.8681515181669965e-05,2.4340757590834984e-06
1501,0.00031387344536036355,0.0003511119345277051,0.00012636047904379666,6.318023952189834e-06
1502,0.00023716822492975394,0.00026960426173561544,2.831354140653275e-05,1.4156770703266376e-06
1503,0.0003282368106175297,0.00035303558291183325,9.460526052862406e-05,4.730263026431203e-06
1504,0.00030830845748168885,0.00032701191273592736,7.474945596186444e-05,3.7374727980932223e-06
1505,5.2591271893377575e-05,7.682894999038709e-05,-0.00014780141646042466,-7.390070823021234e-06
1506,0.00020977732939286077,0.00023069643821819084,2.7622561901807785e-05,1.3811280950903894e-06
1507,0.0001791992754985231,0.0001972770150710121,2.059569669654593e-05,1.0297848348272966e-06
1508,0.00022437741542175255,0.00023838634144748182,4.8794259782880545e-05,2.4397129891440275e-06
1509,0.00012930603805333954,0.00014430608246737513,-4.7114699555095285e-05,-2.3557349777547643e-06
1510,0.00028702013666324775,0.00029546146764363016,0.00010488198313396424,5.244099156698212e-06
1511,0.00031052413235707117,0.000311376638151769,0.00013220065739005804,6.610032869502902e-06
1512,0.0003262907465570901,0.0003199210424071962,0.00013479776680469513,6.739888340234757e-06
1513,0.00035966188117768686,0.00034595151093688443,0.00014799568452872336,7.399784226436169e-06
1514,0.00021480528660655117,0.00020067970451237763,2.235001011285931e-05,1.1175005056429655e-06
1515,-3.291419738837701e-05,-3.692501768112496e-05,-0.0001830134860938415,-9.150674304692075e-06
1516,-3.17600195771488e-05,-2.8391488028011876e-05,-0.00013632833724841475,-6.816416862420738e-06
1517,9.315265251492185e-05,9.690512914284728e-05,-6.6486500145401806e-06,-3.3243250072700905e-07
1518,6.000892782795078e-05,6.627933647167853e-05,-5.360804425436072e-05,-2.6804022127180364e-06
1519,-1.5973291472458105e-05,-3.36240913935946e-06,-0.00013413798296824098,-6.706899148412049e-06
1520,-0.00012447388268833825,-0.00010105126859479071,-0.00023133675858844072,-1.1566837929422036e-05
1521,-7.257257646588975e-05,-4.1966760043463866e-05,-0.0001723224704619497,-8.616123523097485e-06
1522,2.125504591816059e-05,5.2623617519267384e-05,-5.618391514872201e-05,-2.8091957574361007e-06
1523,3.211628679033653e-05,6.354177092325065e-05,-4.761623131344095e-05,-2.3808115656720474e-06
1524,-9.713290865984384e-06,2.3666157354455576e-05,-8.785413956502452e-05,-4.392706978251227e-06
1525,8.664109797689277e-05,0.00011750274527413993,-9.499087809672346e-07,-4.749543904836174e-08
1526,9.695994715395728e-05,0.00012532538621261213,5.737213086831616e-07,2.8686065434158083e-08
1527,0.0002002261028217327,0.00022250338262618075,7.537566852988675e-05,3.7687834264943378e-06
1528,0.00019958105143348543,0.00021673077066139938,6.320585089270025e-05,3.160292544635013e-06
1529,0.00016262965958002332,0.00017791078414466737,5.694260835298337e-06,2.8471304176491684e-07
1530,0.00028504771065706046,0.0002937614577285792,0.00010441277117934078,5.22063855896704e-06
1531,-5.40228892187679e-06,1.012087261536128e-05,-0.00015493581304326653,-7.746790652163327e-06
1532,-4.561312907437472e-05,-2.2042898095194902e-05,-0.00018317227659281343,-9.158613829640672e-06
1533,-0.00010711112599217738,-7.404664205725952e-05,-0.00022138410713523626,-1.1069205356761813e-05
1534,1.4493610776064231e-05,4.954569806744505e-05,-8.413670730078593e-05,-4.206835365039297e-06
1535,5.08576557311665e-05,8.595644263800356e-05,-5.2110695833107457e-05,-2.605534791655373e-06
1536,-6.078423521405879e-05,-2.0140737529112442e-05,-0.0001648758043302223,-8.243790216511116e-06
1537,-7.201048884058227e-05,-2.467045373160376e-05,-0.00019454184803180397,-9.7270924015902e-06
1538,-0.0001929427226681926,-0.0001346291205597288,-0.0002892995544243604,-1.446497772121802e-05
1539,-0.00014151158395931497,-7.632404366459764e-05,-0.00022170724696479738,-1.108536234823987e-05
1540,-2.1499577149569424e-05,4.400899472711832e-05,-0.00010307592310709879,-5.15379615535494e-06
1541,-6.019606936183972e-05,7.907289152086295e-06,-0.00015386368613690138,-7.693184306845069e-06
1542,-9.048770812459335e-05,-1.7704212152028548e-05,-0.00020038345246575773,-1.0019172623287887e-05
1543,-0.00012389530631341157,-4.5396952505481495e-05,-0.00022774230455979705,-1.1387115227989854e-05
1544,-0.0002030697667803158,-0.00011640204133908336,-0.00028523101354949176,-1.4261550677474589e-05
1545,-0.000290665394072872,-0.00019248711549556925,-0.00036352997994981706,-1.8176498997490853e-05
1546,-8.140214537106403e-05,1.7052283249252902e-05,-0.00015478086424991488,-7.739043212495744e-06
1547,-7.559315388686077e-05,2.2928609722804738e-05,-0.0001573431072756648,-7.867155363783241e-06
1548,-0.0001365718220850811,-3.457940424874417e-05,-0.00022843133774586022,-1.1421566887293012e-05
1549,-0.0001662303180158261,-5.942179516409586e-05,-0.00026025998522527516,-1.3012999261263758e-05
1550,-0.00015596686922265406,-4.514292058669732e-05,-0.0002512157952878624,-1.2560789764393121e-05
1551,-0.00019704130939048425,-8.06436751170488e-05,-0.00028937161550857127,-1.4468580775428564e-05
1552,-0.00019423395673226522,-7.27327620016753e-05,-0.0002885022549889982,-1.442511274944991e-05
1553,-0.00015234865206510372,-2.8777975792886894e-05,-0.00023650642833672464,-1.1825321416836232e-05
1554,-0.00013482208554513553,-1.0226553725971342e-05,-0.00022142048692330718,-1.1071024346165359e-05
1555,3.703028058747337e-06,0.00012240520817902875,-8.675302524352446e-05,-4.337651262176223e-06
1556,-9.31079068566874e-05,2.460191034339373e-05,-0.00018092445679940283,-9.046222839970143e-06
1557,-5.2260583091626745e-05,6.322924237668658e-05,-0.00015439564594998956,-7.719782297499478e-06
1558,0.00017027097232546622,0.0002733617557953904,5.16469226568006e-05,2.58234613284003e-06
1559,0.00012795415991962217,0.00022226926745787338,-8.243431693699677e-06,-4.1217158468498384e-07
1560,1.5390114636610954e-05,0.000107212536668929,-0.00012094603880541399,-6.0473019402707e-06
1561,7.565851280125277e-05,0.00016314347991796426,-7.703809387749061e-05,-3.8519046938745305e-06
1562,0.000165472099763111,0.00024462658782372336,9.712631253933068e-06,4.856315626966535e-07
1563,0.00020856899394215792,0.0002784556702524661,4.046887261210941e-05,2.0234436306054706e-06
1564,-6.258325678423264e-05,1.1434567816196611e-05,-0.00021415241644717753,-1.0707620822358878e-05
1565,-4.6519912647335166e-05,2.9364174929382105e-05,-0.00016794294060673565,-8.397147030336783e-06
1566,-3.12909651078782e-05,4.353975612789831e-05,-0.00011113801883766428,-5.556900941883214e-06
1567,0.00018584400204295945,0.00024802690388362023,0.00012192808935651556,6.096404467825778e-06
1568,8.313145152517917e-05,0.00013866388658091472,1.5067731510498561e-05,7.533865755249281e-07
1569,9.595267047270167e-05,0.0001462487414502676,-1.3497963209374575e-06,-6.748981604687288e-08
1570,0.00020381904636526568,0.000245481378012789,7.706349424552172e-05,3.8531747122760866e-06
1571,0.0002806682746904417,0.0003121357443770805,0.00012183838407509029,6.0919192037545145e-06
1572,0.00022220374814529759,0.0002481856220705585,4.367137808003463e-05,2.1835689040017313e-06
1573,0.0001257680591791924,0.00015216789375752313,-6.240545917535201e-05,-3.1202729587676007e-06
1574,0.00013430690830313195,0.00016048236272691766,-4.480551797314547e-05,-2.2402758986572734e-06
1575,0.0002468733816787781,0.0002676115214684729,6.252119783312082e-05,3.1260598916560413e-06
1576,0.0003204853666430046,0.00033353479616515395,0.00011534299846971408,5.767149923485704e-06
1577,0.00026954922037545975,0.00027796984791124364,6.573105201823637e-05,3.2865526009118187e-06
1578,0.00012404977060952228,0.00013593239186500213,-8.753893052926287e-05,-4.376946526463144e-06
1579,0.00012851664249997804,0.00014378173741355578,-8.61748048919253e-05,-4.308740244596265e-06
1580,6.791252962177899e-05,8.860097396380621e-05,-0.00013036247401032597,-6.518123700516299e-06
1581,3.76399348651468e-05,6.452388109042025e-05,-0.00015235782484523952,-7.617891242261976e-06
1582,0.00012373379964240115,0.00015299055008709196,-8.442125545116141e-05,-4.221062772558071e-06
1583,0.00018912405331579667,0.0002184612389150108,-4.413075657794252e-05,-2.206537828897126e-06
1584,0.0001510113243472655,0.00018226888420632922,-8.313016587635502e-05,-4.156508293817751e-06
1585,0.0001525762932205549,0.00018671432590864,-0.00010503701196284965,-5.251850598142483e-06
1586,9.876298521103709e-08,4.490991724131371e-05,-0.00026471953606233,-1.32359768031165e-05
1587,-3.522019832245401e-05,2.1375434522607482e-05,-0.00029877095948904753,-1.4938547974452377e-05
1588,-8.198348797151427e-05,-1.3544778702890314e-05,-0.00031621131347492337,-1.581056567374617e-05
1589,-5.9612758317973436e-05,1.7561438086621585e-05,-0.00027201217017136514,-1.3600608508568258e-05
1590,-0.00016767475989946657,-7.824907070797763e-05,-0.00035797973396256566,-1.7898986698128283e-05
1591,-0.0002640888640195959,-0.00015977871708223787,-0.00042885690345428884,-2.1442845172714443e-05
1592,-0.00037386517688981234,-0.0002525115538271297,-0.0004938508500345051,-2.4692542501725258e-05
1593,-0.0005196796498256155,-0.0003776310435050699,-0.0005922301788814366,-2.961150894407183e-05
1594,-0.0005319647924981283,-0.00037136320538698855,-0.0005797150661237538,-2.898575330618769e-05
1595,-0.00044516928651283487,-0.00027294838386726996,-0.00047125984565354884,-2.3562992282677442e-05
1596,-0.00038532701740856616,-0.00020614243679689705,-0.0004016382445115596,-2.008191222557798e-05
1597,-0.000422143527533815,-0.0002347124979863248,-0.0004437226743903011,-2.2186133719515055e-05
1598,-0.00034086692920055027,-0.00014935311818807694,-0.00037545818486250937,-1.877290924312547e-05
1599,-0.00025609547221732066,-6.46657434464781e-05,-0.0003025610640179366,-1.512805320089683e-05
1600,-0.0002425340787200497,-5.17610010298143e-05,-0.00029575920780189335,-1.4787960390094668e-05
1601,-0.00014594191354752787,3.9876454969598016e-05,-0.00021167733939364552,-1.0583866969682277e-05
1602,-0.0002707650255423299,-8.339430705124619e-05,-0.0003384478623047471,-1.6922393115237355e-05
1603,-0.00017481379954257482,1.0785086137483418e-05,-0.0002729113621171564,-1.364556810585782e-05
1604,-3.837044024619926e-06,0.00017078261785371572,-8.812594023765996e-05,-4.406297011882998e-06
1605,0.00018552732057881008,0.00034203108699543903,6.48316417937167e-05,3.241582089685835e-06
1606,0.000280744313617205,0.0004170980894442175,0.000126398095744662,6.3199047872331e-06
1607,0.00035992460706075433,0.00047532186128069765,0.00016953813610598445,8.476906805299222e-06
1608,0.00021794475971681845,0.0003220226176252803,7.0089008659124374e-06,3.504450432956219e-07
1609,0.0001934458683336387,0.0002900578481250345,-4.793624611920677e-05,-2.3968123059603386e-06
1610,0.00024724563794409143,0.00033447538860728826,5.714605322282296e-06,2.857302661141148e-07
1611,0.0002989741264258715,0.0003749186678390645,5.8436442486708984e-05,2.9218221243354495e-06
1612,0.00032827716439022255,0.0003918051215983153,9.992307604989037e-05,4.996153802494519e-06
1613,0.0003073803858027429,0.0003604584127363457,8.114772936096415e-05,4.057386468048208e-06
1614,0.0002594718669770945,0.0003054729288231251,3.2790696423035115e-05,1.6395348211517558e-06
1615,0.00042319569974760596,0.00045504297127914973,0.00019026400696020573,9.513200348010287e-06
1616,0.000344465488763899,0.00036729889130259294,0.00010875419684452936,5.437709842226468e-06
1617,0.0002839955073883003,0.0003025856694498841,3.14366006932687e-05,1.5718300346634352e-06
1618,0.0002963520126089901,0.0003104146493516163,4.941145743941888e-05,2.470572871970944e-06
1619,0.0004354944712044422,0.00043816978941100014,0.00019752206571865827,9.876103285932914e-06
1620,0.0003836825684091511,0.00037922727144654877,0.00012923695612698793,6.461847806349397e-06
1621,0.0005090286022136178,0.0004922329451146456,0.000246169394813478,1.2308469740673901e-05
1622,0.000341273351395972,0.00032228710794421394,5.987342228763737e-05,2.9936711143818686e-06
1623,0.0003377952773568991,0.0003185512218252948,2.97232127195457e-05,1.4861606359772851e-06
1624,0.00029506427538219496,0.00027845329098466574,-2.459543975419365e-05,-1.2297719877096825e-06
1625,0.00032352622886554374,0.0003085809463238131,-6.467750608862843e-06,-3.233875304431422e-07
1626,0.0001912438199278528,0.00018332223368769195,-0.00011571059440029785,-5.785529720014893e-06
1627,0.00012576134692826723,0.00012749952440455452,-0.00017604620370548218,-8.80231018527411e-06
1628,0.0002102093011638819,0.00021565769496871792,-6.934139673830941e-05,-3.4670698369154707e-06
1629,0.00028610155956098487,0.0002902319440930944,2.2928328689886257e-05,1.146416434494313e-06
1630,0.00028823170725696194,0.0002906900758439889,2.8119666239945218e-05,1.405983311997261e-06
1631,0.00033567179181788226,0.0003339566984589421,7.905033271526918e-05,3.952516635763459e-06
1632,0.00023500468694734092,0.00023451365359783923,-2.4504050088580698e-05,-1.225202504429035e-06
1633,0.00018107979832083831,0.00018401928160014257,-6.814236257923767e-05,-3.4071181289618835e-06
1634,0.0002819215986167898,0.00028376145071760234,1.931770566443447e-05,9.658852832217236e-07
1635,0.00020967522397932563,0.00021391831443809802,-5.087263343739323e-05,-2.5436316718696617e-06
1636,8.949732827303537e-05,0.0001017668385264953,-0.00016572012100368738,-8.286006050184369e-06
1637,0.00012141691860139867,0.0001388431482076035,-0.00011702875781338662,-5.851437890669331e-06
1638,1.2359210194643823e-05,3.854370365435547e-05,-0.0001973899343283847,-9.869496716419235e-06
1639,8.820243800373594e-05,0.00011799080996879111,-0.0001059866845025681,-5.299334225128405e-06
1640,3.679041565706669e-05,7.257003626630398e-05,-0.00016169581795111299,-8.084790897555649e-06
1641,8.683770249168931e-05,0.00012629471159839606,-0.0001242760627064854,-6.21380313532427e-06
1642,6.555813731399299e-05,0.00010973898985616347,-0.00015215843450278044,-7.607921725139022e-06
1643,8.280966084359703e-05,0.00013128584733720856,-0.00015083009202498943,-7.541504601249471e-06
1644,0.00013515075738131346,0.00018472350432569576,-9.379069524584338e-05,-4.689534762292169e-06
1645,2.2935848114421076e-05,7.777176525236763e-05,-0.00018083678151015192,-9.041839075507597e-06
1646,-1.0685287329895672e-05,5.0588612300292755e-05,-0.00021086112246848643,-1.0543056123424322e-05
1647,4.624534324603617e-05,0.00011007029862168883,-0.00014186612679623067,-7.093306339811534e-06
1648,3.132159070057386e-05,9.741829160163998e-05,-0.00014209623623173684,-7.104811811586842e-06
1649,-6.305486181812222e-05,8.366047316762874e-06,-0.0002077269891742617,-1.0386349458713084e-05
1650,-8.212471533543433e-05,-6.308353932554371e-06,-0.00019640075333882123,-9.820037666941063e-06
1651,-0.0001248607457610063,-4.4610410230149595e-05,-0.00020451785530894995,-1.0225892765447497e-05
1652,-8.854009654979189e-05,-6.8876601098700665e-06,-0.00015130272367969155,-7.565136183984578e-06
1653,-0.00021553063585238414,-0.0001273358898356644,-0.00025862021720968187,-1.2931010860484094e-05
1654,-0.00016425099425427522,-7.263838596002747e-05,-0.00020454899640753865,-1.0227449820376933e-05
1655,-7.726243079020157e-05,1.1672724157292704e-05,-8.953180076787248e-05,-4.476590038393624e-06
1656,-7.314140225352047e-05,1.2676363649280954e-05,-8.11105637694709e-05,-4.055528188473545e-06
1657,-4.885373774959032e-06,7.515467066331493e-05,-2.5354969693580642e-05,-1.2677484846790323e-06
1658,0.00010285547174179315,0.0001730483381028125,6.230600411072373e-05,3.115300205536187e-06
1659,0.00010508582569726199,0.00016670535002288536,4.8936624807538465e-05,2.4468312403769236e-06
1660,3.9037262801256335e-05,9.685062497766972e-05,-3.304739584564231e-05,-1.6523697922821157e-06
1661,0.000170449196480591,0.00021884343550225907,8.872056059772149e-05,4.436028029886075e-06
1662,0.00023723259975706658,0.00027415347601774005,0.00014357423060573637,7.178711530286819e-06
1663,0.00012942911076066135,0.00016187082033895263,2.064988984784577e-05,1.0324944923922885e-06
1664,0.0001875597938651467,0.0002130469218319764,8.169307693606243e-05,4.084653846803122e-06
1665,0.00025504157255171444,0.000270898374514707,0.0001459391787648201,7.296958938241005e-06
1666,0.00030330235992152274,0.00030877533526075125,0.0001744573237374425,8.722866186872125e-06
1667,0.00019998581032328332,0.00020019040845338425,8.736574091017246e-05,4.3682870455086235e-06
1668,0.0002042920795116896,0.00019997607583177276,8.333733421750367e-05,4.166866710875184e-06
1669,0.0003203598376268284,0.0003074770969085917,0.00017282244516536593,8.641122258268297e-06
1670,0.00041129695475311567,0.000387258828198338,0.0002361826045671478,1.180913022835739e-05
1671,0.0004312556369882736,0.0003975506285217088,0.00022166814596857876,1.1083407298428939e-05
1672,0.00020975484373306831,0.00017718011917587835,2.093662078550551e-05,1.0468310392752757e-06
1673,0.0001510921736240935,0.00012191216286840876,-1.9638875528471544e-05,-9.819437764235773e-07
1674,0.00017233618812613886,0.00014450026364209236,1.9878312741639093e-05,9.939156370819547e-07
1675,0.00023853105271724205,0.00020748304248336926,0.00010912572906818241,5.456286453409121e-06
1676,0.00033837381419672864,0.000299618109051397,0.00020143964502494782,1.0071982251247392e-05
1677,0.00016129550756391887,0.00012414363961797253,2.3609056370332837e-05,1.180452818516642e-06
1678,0.00022239862695151258,0.00018384169316003847,8.543863805243745e-05,4.2719319026218726e-06
1679,0.0002083584758911362,0.00016959488028493359,6.346542795654386e-05,3.1732713978271934e-06
1680,0.0001930104983808832,0.00015576210766285472,2.9990695111337118e-05,1.499534755566856e-06
1681,0.00017032105283051,0.00013553703716913932,9.90400349110132e-06,4.95200174555066e-07
1682,0.0002575170475734837,0.00022054843406299978,0.00010006961383624002,5.003480691812001e-06
1683,0.0003371306442167359,0.00029499586896826506,0.00016074691666290164,8.037345833145083e-06
1684,0.00030951894224495356,0.00026408677241403407,0.00012878645793534815,6.439322896767408e-06
1685,0.0003405259966020881,0.0002901582310506958,0.00016681991110090166,8.340995555045083e-06
1686,0.00039398563256423874,0.0003352308998798181,0.00024265158572234213,1.2132579286117107e-05
1687,0.00039436754841337034,0.0003281965327093184,0.0002339790080441162,1.169895040220581e-05
1688,0.00046528081737242375,0.0003890556690989783,0.0002980385033879429,1.4901925169397146e-05
1689,0.0003637350148735089,0.0002829010015776555,0.0002032109332503751,1.0160546662518756e-05
1690,0.00043831139585010187,0.0003501730531572109,0.0002669717650860548,1.334858825430274e-05
1691,0.0005338860738156849,0.0004348985767932025,0.00034872230025939643,1.743611501296982e-05
1692,0.000548142930769629,0.0004398487012930075,0.0003325521538499743,1.6627607692498714e-05
1693,0.00047364418079911435,0.00036167127366510115,0.00023463269462808967,1.1731634731404484e-05
1694,0.0005076227331920313,0.00039151171790967494,0.00025298519176431,1.26492595882155e-05
1695,0.0005252022747549687,0.0004036820363847035,0.00028592508169822395,1.4296254084911199e-05
1696,0.0003538421876348715,0.00023545954663229266,0.00012311144382692873,6.155572191346437e-06
1697,0.00033302835666016415,0.00021786530638523695,0.00012152820272604004,6.076410136302002e-06
1698,0.0004538930305591509,0.0003359385665390898,0.00023864432296250015,1.1932216148125008e-05
1699,0.00047799179153173446,0.0003555592454251103,0.0002739019982982427,1.3695099914912136e-05
1700,0.0004617830169515148,0.00033500366029766095,0.0002762061485555023,1.3810307427775116e-05
1701,0.00046405037391976725,0.0003340074468971877,0.0002606441848911345,1.3032209244556726e-05
1702,0.0004618220010802605,0.00032962307454578006,0.00024399213725700974,1.2199606862850489e-05
1703,0.00034046372612495964,0.0002124989299459879,0.00012038317072438076,6.019158536219039e-06
1704,0.00015722790034896857,4.136645069205539e-05,-3.950984319089912e-05,-1.975492159544956e-06
1705,0.00011615755615655598,1.2847627155636483e-05,-6.118155579315498e-05,-3.0590777896577493e-06
1706,0.00011256547903922324,1.963935084181622e-05,-3.486635614535771e-05,-1.7433178072678858e-06
1707,0.00020462655312070903,0.00011609130989689943,6.840291462140158e-05,3.420145731070079e-06
1708,0.00018474498474739775,9.98237617129197e-05,7.334106339840218e-05,3.6670531699201093e-06
1709,0.0002980211522822154,0.00021039834449698428,0.0001920961367432028,9.604806837160141e-06
1710,0.0002553736653298178,0.00016683462464394506,0.00015612528659403324,7.806264329701662e-06
1711,0.0003056740405093266,0.00021382282037493794,0.00020483293337747455,1.0241646668873729e-05
1712,0.00023436213715980806,0.00014268337041096782,0.0001386570220347494,6.93285110173747e-06
1713,0.00035979040140873673,0.00026281292610956053,0.0002492561179678887,1.2462805898394436e-05
1714,0.0002919264173297874,0.00019376052714338085,0.0001726433984003961,8.632169920019806e-06
1715,0.0002010227657384842,0.00010732352154387759,6.283229595283046e-05,3.141614797641523e-06
1716,0.00026003707456860126,0.00016696869673162246,0.0001364683557767421,6.823417788837105e-06
1717,9.42599332899936e-05,9.476489233583157e-06,-1.8401717170490883e-05,-9.200858585245442e-07
1718,0.0002292489627899706,0.00014649175082958376,9.804602450458333e-05,4.902301225229167e-06
1719,0.00016576842148406735,8.707334197208994e-05,5.202779357205145e-05,2.6013896786025727e-06
1720,0.00016463330184912363,8.963001618599464e-05,5.346651960280724e-05,2.673325980140362e-06
1721,0.00021668205936117233,0.00014239691415282924,0.00010707598266890272,5.353799133445137e-06
1722,0.0001168906339578603,4.801019378709885e-05,1.0407818990643136e-05,5.203909495321568e-07
1723,0.00033555633835782964,0.00026233711217205525,0.00019890893599949777,9.945446799974889e-06
1724,0.00028457524611501554,0.00021020826197525548,0.00013686786405742168,6.8433932028710846e-06
1725,0.00037017288801380853,0.00029142240936030575,0.00020337654859758914,1.0168827429879457e-05
1726,0.0004186053520801764,0.00033372261828725977,0.00024329251027666032,1.2164625513833017e-05
1727,0.00040951775739081963,0.0003194227855962206,0.0002327325928490609,1.1636629642453046e-05
1728,0.000409576265337754,0.0003145339336878293,0.00023548987519461662,1.1774493759730831e-05
1729,0.00046988437145505167,0.0003684024356175996,0.00027321436209604144,1.3660718104802072e-05
1730,0.00041728095816091944,0.0003129090229267753,0.00021148360974621028,1.0574180487310514e-05
1731,0.00039195913660315434,0.0002870589186485765,0.00017059242236427963,8.529621118213981e-06
1732,0.0003873378910719371,0.0002822090081908666,0.00016753579257056117,8.376789628528058e-06
1733,0.00033819778660853486,0.00023451690206860193,0.00013534586469177157,6.767293234588579e-06
1734,8.156691355699248e-05,-9.696073144861595e-06,-8.494473877362907e-05,-4.247236938681454e-06
1735,0.00017419851919395188,8.874229163757097e-05,3.488172296783887e-05,1.7440861483919434e-06
1736,0.00016472485883758776,8.453521357783809e-05,3.531305628712289e-05,1.7656528143561446e-06
1737,0.00019953349675940922,0.00012225733242243392,7.330042717512697e-05,3.6650213587563486e-06
1738,0.0002352043416882943,0.0001593806631189421,9.622569632483646e-05,4.811284816241824e-06
1739,0.00015469555785822697,8.418301470723545e-05,1.5238286323437933e-05,7.619143161718967e-07
1740,0.0002332172198514232,0.00016379528136762744,9.303584374720231e-05,4.651792187360116e-06
1741,0.00011245836948784714,4.825637463767467e-05,6.8643366830656305e-06,3.4321683415328155e-07
1742,8.68390437694539e-05,2.8320269506633034e-05,-8.837996574584395e-06,-4.4189982872921973e-07
1743,-1.3200903937092847e-05,-6.291445484305303e-05,-7.913597073638812e-05,-3.956798536819406e-06
1744,0.00014812736054277943,9.750789548476624e-05,0.00010337406274629757,5.1687031373148786e-06
1745,3.8739893205462674e-05,-8.300511766751273e-06,1.0125264452653937e-05,5.062632226326969e-07
1746,0.00014383636287610075,9.566523858246294e-05,9.949056402547285e-05,4.974528201273643e-06
1747,0.0002386972828056059,0.00018473202008343747,0.0001920116483233869,9.600582416169345e-06
1748,0.00018641846321985824,0.000129925807222293,0.00013201628462411463,6.600814231205732e-06
1749,0.00025097848033704304,0.00019092331514475468,0.0001572117325849831,7.860586629249156e-06
1750,7.01986159671628e-05,1.5052712127224042e-05,-7.04895137459971e-06,-3.524475687299855e-07
1751,-6.104792613172288e-05,-0.00010563050835310087,-0.00012269322178326547,-6.134661089163274e-06
1752,-4.908041890088388e-05,-8.524675408697325e-05,-9.076399874174967e-05,-4.538199937087484e-06
1753,0.00014745334558684245,0.00010927479578143822,0.00010515668691368774,5.257834345684387e-06
1754,0.0002209110177391949,0.00017812240472434636,0.00015391423949040473,7.695711974520237e-06
1755,0.0002159920812442745,0.00017094450756342165,0.00011029089364456013,5.514544682228006e-06
1756,8.374427393258369e-05,4.356049849101159e-05,-2.8673082852037624e-05,-1.4336541426018813e-06
1757,0.00011422090492383345,7.868580970070046e-05,-2.775900429696776e-05,-1.3879502148483881e-06
1758,0.00020080241272336629,0.0001660834678833958,4.308441930334084e-05,2.154220965167042e-06
1759,9.866614078918727e-05,6.897263086716371e-05,-4.4111737224739045e-05,-2.205586861236952e-06
1760,0.0002888372657977531,0.00025486752593429507,0.00013589294394478202,6.7946471972391014e-06
1761,0.00040430083453068985,0.0003610600973478663,0.00023763695207890123,1.1881847603945063e-05
1762,0.0005932677636227362,0.0005341029238731334,0.0003804055158980191,1.9020275794900956e-05
1763,0.0005616207507473305,0.000489957619277218,0.0003310560423415154,1.6552802117075773e-05
1764,0.0005281938895976995,0.00044790256715131704,0.00027310848236083984,1.3655424118041994e-05
1765,0.0006088923485473559,0.0005176463875877205,0.0003354446671437472,1.6772233357187362e-05
1766,0.000504568305421051,0.000409081492415396,0.00021784158889204264,1.0892079444602132e-05
1767,0.0003535482379893787,0.00026111098775343926,8.25187235022895e-05,4.125936175114475e-06
1768,0.00020899437621011078,0.00012617300838756935,-4.776312198373489e-05,-2.388156099186745e-06
1769,4.274660894217625e-05,-2.472998363104571e-05,-0.0001712771481834352,-8.56385740917176e-06
1770,0.00017265791584001745,0.00011268168150874523,-3.2698913855711e-05,-1.63494569278555e-06
1771,0.0003029048253142467,0.00024340494351053247,9.350597247248515e-05,4.675298623624258e-06
1772,0.0001763716595414186,0.00012298400828141237,-2.5126684704446234e-05,-1.2563342352223118e-06
1773,0.0003370273165015867,0.0002832575481849143,9.65671133599244e-05,4.8283556679962205e-06
1774,0.0003468448874317154,0.00029249234331667846,9.782174311112612e-05,4.891087155556306e-06
1775,0.0004900464151622044,0.00042924726792296176,0.00021461037977132946,1.0730518988566473e-05
1776,0.00038011440225765316,0.00031892583530155797,9.953874541679397e-05,4.976937270839699e-06
1777,0.00032741281012758336,0.0002682270402959918,5.439177039079368e-05,2.7195885195396842e-06
1778,0.0004973639798287475,0.0004309687421995452,0.00023772304120939225,1.1886152060469613e-05
1779,0.0004635079299112714,0.00039128272869965456,0.00021678282064385712,1.0839141032192857e-05
1780,0.000577436107576379,0.0004948835719866515,0.00031493001733906567,1.5746500866953284e-05
1781,0.0007582105537536593,0.0006577749493536291,0.00047920257202349603,2.39601286011748e-05
1782,0.0007345483424122307,0.0006202559759174147,0.0004210632760077715,2.1053163800388577e-05
1783,0.0007640566810827592,0.000637096671311814,0.0004192841297481209,2.0964206487406046e-05
1784,0.0007066599308187091,0.0005711826350170423,0.00035697928979061544,1.7848964489530772e-05
1785,0.0007301525383987864,0.0005857518200669399,0.0003812782233580947,1.9063911167904735e-05
1786,0.0007630880288193212,0.0006090979060941798,0.0004094395262654871,2.0471976313274354e-05
1787,0.0008085679695240882,0.0006443325203723881,0.0004375364223960787,2.1876821119803938e-05
1788,0.000876175103239997,0.0006992947508342025,0.0005011954344809055,2.505977172404528e-05
1789,0.000604521708605861,0.0004278239554575279,0.00026290558162145317,1.314527908107266e-05
1790,0.0007523297145311925,0.0005687401533275965,0.00041119122761301696,2.055956138065085e-05
1791,0.0008459019911357999,0.0006507954591034924,0.0005129814962856472,2.5649074814282358e-05
1792,0.0006520875836786639,0.00045565162738960354,0.00032395863672718406,1.6197931836359205e-05
1793,0.0006088465617242731,0.0004145285984450292,0.00026192652876488864,1.3096326438244433e-05
1794,0.0006873248491052382,0.0004912704682666249,0.0003396003448870033,1.6980017244350167e-05
1795,0.0006931128743030759,0.0004956588983713012,0.0003347732999827713,1.6738664999138565e-05
1796,0.0008250134884931475,0.0006219646570707777,0.0004207665624562651,2.1038328122813257e-05
1797,0.0008286137143851089,0.0006211912047151175,0.0004025720991194248,2.0128604955971244e-05
1798,0.0008978150357140922,0.0006851056277959018,0.00042746178223751485,2.1373089111875743e-05
1799,0.0009110434958287714,0.0006929211772106785,0.000437645212514326,2.18822606257163e-05
1800,0.0009311398975008251,0.0007069416885572047,0.00045908676111139357,2.295433805556968e-05
1801,0.0008722392748441841,0.0006457064778898493,0.0003932844556402415,1.9664222782012077e-05
1802,0.0010654604142334159,0.0008303893735476348,0.0005230707465671003,2.6153537328355016e-05
1803,0.0011386580512916587,0.000892263058579725,0.0005892561166547239,2.9462805832736195e-05
1804,0.0010386289860523578,0.0007876017552602997,0.00047041484504006803,2.3520742252003403e-05
1805,0.0010168392789972828,0.0007625207223812664,0.0004538204229902476,2.2691021149512382e-05
1806,0.0008533348101578205,0.000602991355355812,0.00031559227500110865,1.5779613750055433e-05
1807,0.0008197974397718983,0.0005728187338263111,0.00032665239996276796,1.63326199981384e-05
1808,0.0009558077949360056,0.0007049670166788153,0.0004674842057283968,2.337421028641984e-05
1809,0.0009648527171534546,0.0007103119462626375,0.0004665768938139081,2.3328844690695405e-05
1810,0.0009200921835607757,0.0006640015616792037,0.000428057654062286,2.1402882703114303e-05
1811,0.0007660209820999376,0.0005154604031128189,0.0002896769728977233,1.4483848644886166e-05
1812,0.0006989198900964568,0.0004559998639866878,0.00024332704197149724,1.2166352098574863e-05
1813,0.0007717138942920803,0.000530696185324364,0.0003490930248517543,1.7454651242587715e-05
1814,0.0008465261271648042,0.0006037180927154898,0.00041766188223846257,2.088309411192313e-05
1815,0.0009098187047526211,0.0006624076408412685,0.00047363570774905384,2.3681785387452694e-05
1816,0.0008414051459173318,0.0005937896884350038,0.0003900245937984437,1.9501229689922184e-05
1817,0.0007486169447948324,0.0005047601811154747,0.000312627264065668,1.56313632032834e-05
1818,0.000756167486514537,0.0005158489198329022,0.000314100383548066,1.57050191774033e-05
1819,0.0006208206682600682,0.000390458879123872,0.0001811721158446744,9.05860579223372e-06
1820,0.00048577460945535274,0.0002706557146378223,6.404320447472855e-05,3.202160223736428e-06
1821,0.0006269182374875884,0.0004185791134474775,0.0002141508593922481,1.0707542969612405e-05
1822,0.0006544852930684088,0.0004504861723391429,0.0002490478800609708,1.245239400304854e-05
1823,0.0006938467224970202,0.0004921850198470024,0.00027957759448327124,1.3978879724163563e-05
1824,0.0005784505737115759,0.0003849162965829318,0.00015787119627930224,7.893559813965113e-06
1825,0.0005888709605312119,0.0004026410997715692,0.00016418524319306016,8.209262159653009e-06
1826,0.000601366060841449,0.00042020932672398684,0.0001978443906409666,9.89221953204833e-06
1827,0.0005814325307620563,0.00040523105367065097,0.00019108787819277495,9.554393909638749e-06
1828,0.0005350887756279205,0.00036576358115863664,0.00014437557547353208,7.218778773676604e-06
1829,0.0005545500758751449,0.0003903578982226185,0.00016939817578531802,8.469908789265902e-06
1830,0.0005770127833822672,0.00041627903628638896,0.00019414715643506497,9.70735782175325e-06
1831,0.0005477247191834149,0.0003913172963133273,0.00017009238945320249,8.504619472660124e-06
1832,0.0005393711503764264,0.0003870500378638563,0.00016813466208986938,8.40673310449347e-06
1833,0.0004514740777962307,0.00030654483241240226,9.547518857289106e-05,4.773759428644553e-06
1834,0.00048483334789955644,0.0003441389392135705,0.00014893848856445402,7.446924428222701e-06
1835,0.0003701556992249304,0.00023811742025189582,5.2705025154864416e-05,2.635251257743221e-06
1836,0.0003931148030515768,0.0002675478814839752,8.501481352141127e-05,4.250740676070563e-06
1837,0.00024150814308236272,0.0001272252602864255,-2.187017526011914e-05,-1.093508763005957e-06
1838,0.00016899301955245944,6.765376131496286e-05,-7.007731619523838e-05,-3.5038658097619193e-06
1839,0.0001279258218143041,3.974289299593716e-05,-9.263253741664812e-05,-4.6316268708324065e-06
1840,0.00012456082881655536,4.6305113341549306e-05,-4.781286042998545e-05,-2.3906430214992727e-06
1841,0.00017180338557969623,9.833078631647507e-05,3.788303001783788e-05,1.8941515008918942e-06
1842,0.00016111171106614072,9.341891397066256e-05,6.741347533534281e-06,3.3706737667671405e-07
1843,0.0001834098044761818,0.00011983664118254709,3.0052589863771573e-05,1.5026294931885787e-06
1844,0.0004105362528450138,0.0003396782538752423,0.0002503641590010375,1.2518207950051875e-05
1845,0.0003809848351276846,0.00030566056450474045,0.0001980941742658615,9.904708713293076e-06
1846,0.000310254784092785,0.00023597757534781196,9.372994099976495e-05,4.6864970499882475e-06
1847,0.0003656248899400529,0.00029122179083464433,0.00011842702224384993,5.921351112192497e-06
1848,0.0003824211240775136,0.00030742196379292096,0.0001284255413338542,6.421277066692711e-06
1849,0.0003172887007762856,0.00024503195189426533,6.246205884963274e-05,3.123102942481637e-06
1850,0.0002798249462894,0.00021100795993618952,4.616054138750769e-05,2.3080270693753847e-06
1851,0.00040905034886982696,0.0003367388249152016,0.00018060786533169448,9.030393266584725e-06
1852,0.000292591047545407,0.00022280783601798688,6.192435103002936e-05,3.096217551501468e-06
1853,0.0003640779635074087,0.0002941575951066845,0.00011345664825057611,5.672832412528806e-06
1854,0.0002262853713037775,0.00016315462285928668,-2.5624522095313296e-05,-1.2812261047656648e-06
1855,0.0002339064427995964,0.00017721976132052425,-2.5513276341371238e-05,-1.275663817068562e-06
1856,0.00034534986029967146,0.0002901963093603331,6.385221786331385e-05,3.192610893165693e-06
1857,0.00022371207028637586,0.00017650237228711887,-6.923223554622382e-05,-3.4616117773111913e-06
1858,0.000244215098768723,0.0002037989693135678,-5.579866046900861e-05,-2.7899330234504307e-06
1859,0.00017171079251162893,0.00014144197338221672,-0.00013312495138961822,-6.656247569480911e-06
1860,0.00020986686251295918,0.00018745902234829719,-0.00010116509656654671,-5.058254828327335e-06
1861,0.00020418388085912282,0.0001889171006771197,-9.965663775801659e-05,-4.98283188790083e-06
1862,0.00021227835271161015,0.00020327626419669887,-9.398536349181086e-05,-4.699268174590543e-06
1863,0.00021764097950128066,0.0002141816249550185,-9.01566309039481e-05,-4.507831545197405e-06
1864,0.00023177707907483748,0.00023261152620576394,-7.461172208422795e-05,-3.7305861042113977e-06
1865,0.00029374438539363283,0.0002957068950121692,-1.906875149870757e-05,-9.534375749353786e-07
1866,0.0004370100881027593,0.0004347422118801466,8.403651736443862e-05,4.2018258682219315e-06
1867,0.0003605759933760647,0.0003587283894718907,-6.421958460123278e-06,-3.2109792300616393e-07
1868,0.0001524900594617752,0.00016130000414666754,-0.0002105996827594936,-1.052998413797468e-05
1869,3.670280805310933e-05,6.054663576829177e-05,-0.00030825589783489704,-1.541279489174485e-05
1870,2.3378712830141108e-05,6.0679350980029375e-05,-0.00029517855728045106,-1.4758927864022554e-05
1871,0.00017927790916122486,0.00022072019455061278,-0.00012899190187454224,-6.4495950937271125e-06
1872,0.00012714254489601618,0.00017415616781202265,-0.00016929030243773013,-8.464515121886507e-06
1873,9.894034823897502e-05,0.00015218412253825415,-0.00019234602223150432,-9.617301111575216e-06
1874,-3.898806273964177e-05,2.5632764593344612e-05,-0.00030510593205690384,-1.5255296602845192e-05
1875,5.545939154939459e-05,0.00012551073382358868,-0.00020097169908694923,-1.0048584954347461e-05
1876,0.00011263175885007791,0.00018327253036406669,-0.00011507372983032838,-5.753686491516419e-06
1877,0.00020938314284898923,0.0002755535312384245,-1.8622202333062887e-05,-9.311101166531444e-07
1878,0.0002815934720700852,0.00034049941539628645,3.978658787673339e-05,1.98932939383667e-06
1879,0.0002459776281657476,0.00030008904077705656,-1.5938974229356973e-06,-7.969487114678486e-08
1880,0.0002497970801693772,0.00029988876776112984,-9.372926797368564e-06,-4.686463398684282e-07
1881,0.00016135448955442396,0.00021166594975681645,-8.731284469831735e-05,-4.365642234915868e-06
1882,-1.7857825805263617e-05,4.017013783538514e-05,-0.00023484433768317103,-1.1742216884158552e-05
1883,-0.0001159259959638118,-4.669864844455473e-05,-0.0003113493730779737,-1.5567468653898687e-05
1884,-0.0001980185828294203,-0.0001160645319346132,-0.0003556808514986187,-1.7784042574930937e-05
1885,-0.00025580338469105785,-0.00016099760277962454,-0.00037612023879773915,-1.8806011939886958e-05
1886,-3.875749878798617e-05,5.7583508043314186e-05,-0.00016948682605288923,-8.474341302644462e-06
1887,-0.0001125698412655098,-1.161749316154596e-05,-0.00024039714480750263,-1.2019857240375132e-05
1888,-0.00017199219678705127,-6.409631249206648e-05,-0.00029549567261710763,-1.4774783630855382e-05
1889,-0.00017062809236440836,-5.6109333199584434e-05,-0.0002994716342072934,-1.497358171036467e-05
1890,-0.00010945108047130797,8.856846139874624e-06,-0.0002536400279495865,-1.2682001397479326e-05
1891,-4.4051302058116985e-05,7.309882548112048e-05,-0.0001629801408853382,-8.14900704426691e-06
1892,3.7568989893068635e-05,0.00014966933018635718,-8.763376536080614e-05,-4.381688268040307e-06
1893,9.200605955837189e-05,0.00019644872364895754,-3.1961324566509575e-05,-1.5980662283254789e-06
1894,0.0002684067690019404,0.00035860478718057284,0.0001092818783945404,5.464093919727021e-06
1895,0.000322580920146602,0.00039733750151372366,0.00015232787700369954,7.6163938501849776e-06
1896,0.0002832567976742424,0.00034534627122065993,0.00012033069651806727,6.0165348259033635e-06
1897,0.00024220801220532166,0.000294778505702232,7.967113924678415e-05,3.983556962339208e-06
1898,0.00027542394200513314,0.00031787763828906103,0.00010919706255663186,5.459853127831593e-06
1899,0.0003177814501335549,0.00034932951316451604,0.00014132249634712934,7.066124817356468e-06
1900,0.00036572361275392636,0.0003843744713929979,0.0001979858207050711,9.899291035253556e-06
1901,0.0001465103327709773,0.00016337176009160998,-5.219750164542347e-06,-2.6098750822711735e-07
1902,0.00022108445845620524,0.0002321900240580244,8.308426185976714e-05,4.1542130929883575e-06
1903,0.000240412265472593,0.00024464541592853357,0.00011443145194789395,5.721572597394698e-06
1904,-3.921875139479051e-05,-2.8016441446334346e-05,-0.0001522844104329124,-7.6142205216456205e-06
1905,-8.179764859166784e-05,-6.307519271706311e-05,-0.00016626922297291458,-8.31346114864573e-06
1906,2.3066414400270046e-05,4.250273879329112e-05,-3.856711555272341e-05,-1.9283557776361705e-06
1907,4.423790357947249e-05,6.409692933071971e-05,-3.6571120290318504e-05,-1.8285560145159253e-06
1908,0.00020538951363726,0.0002170742653258128,0.00013346645573619753,6.6733227868098766e-06
1909,0.0001239058217113853,0.0001323640110695369,4.1721377783687785e-05,2.0860688891843893e-06
1910,0.0002068655803466223,0.00021009475017734431,8.765653910813853e-05,4.382826955406927e-06
1911,0.0002629913050516769,0.0002588238497374786,0.00013833327102474868,6.916663551237434e-06
1912,0.000312146124572848,0.00029980225731311125,0.00016390744713135064,8.195372356567533e-06
1913,0.00031917675525621966,0.00029935928415887397,0.0001616004155948758,8.080020779743791e-06
1914,0.0002810989797167593,0.00025657990455889225,0.0001179036044050008,5.8951802202500405e-06
1915,0.00035313456219045474,0.0003215555124820704,0.0001741208543535322,8.70604271767661e-06
1916,0.0004047139213253404,0.00036439611286854487,0.00021800713147968054,1.0900356573984028e-05
1917,0.00028852364493289675,0.00024678342938566243,8.410203008679673e-05,4.2051015043398365e-06
1918,0.00029104801986359457,0.0002486152358196275,7.563089457107708e-05,3.7815447285538543e-06
1919,0.00022172601173794042,0.00018172897113031536,1.6076790416263975e-05,8.038395208131988e-07
1920,0.00021042710313050154,0.00017345992694164176,2.980270664920681e-06,1.4901353324603407e-07
1921,0.00020917005879449586,0.00017441721430217684,1.588577106304001e-05,7.942885531520005e-07
1922,0.0002890941344657022,0.0002512061276460347,0.00011942531273234636,5.971265636617318e-06
1923,0.00017023335551638225,0.00013392159649956383,2.692283123906236e-05,1.3461415619531181e-06
1924,0.00036679198403531676,0.0003232481751126645,0.00020221772138029337,1.0110886069014669e-05
1925,0.0003139725246639131,0.00026598570076162895,0.00015312522009480745,7.656261004740372e-06
1926,0.00040343113237778776,0.0003471065978644058,0.00023788709950167686,1.1894354975083844e-05
1927,0.00046653330502744654,0.0003996119511304367,0.0002937868994195014,1.4689344970975073e-05
1928,0.0004482271853501427,0.00037388422529817394,0.00024466385366395116,1.223319268319756e-05
1929,0.00043022533989468137,0.0003507380079451632,0.00021181724150665104,1.0590862075332552e-05
1930,0.00030417112805309303,0.00022658959195350758,8.065830479608849e-05,4.0329152398044245e-06
1931,0.00045619801088911247,0.0003725272751045639,0.00024246828979812562,1.2123414489906282e-05
1932,0.00022256276353660052,0.00014432638135506245,1.8638238543644547e-05,9.319119271822274e-07
1933,0.0002200973989685263,0.00014763707838345714,9.065020094567444e-06,4.532510047283722e-07
1934,0.0002532930540992252,0.0001832266898383385,7.005346560617909e-05,3.5026732803089544e-06
1935,0.00015143298149337573,8.656714565185867e-05,9.056486305780709e-06,4.5282431528903547e-07
1936,0.00010731999779538427,4.9044860604022514e-05,-2.5654089768067934e-05,-1.2827044884033967e-06
1937,0.000106159735597526,5.30696219147346e-05,-6.577178282896057e-06,-3.2885891414480285e-07
1938,-5.425575159108533e-05,-9.496888457565231e-05,-0.00015866859757807106,-7.933429878903553e-06
1939,2.240332176959668e-05,-1.2536683242495897e-05,-4.1703140595927835e-05,-2.0851570297963916e-06
1940,7.773028171973214e-05,4.385290951569138e-05,4.093744428246282e-05,2.0468722141231413e-06
1941,4.3791294222417725e-05,1.2344624905782998e-05,8.062508641160093e-06,4.031254320580047e-07
1942,8.446396331668202e-05,5.3948504300197724e-05,3.3504871680634096e-05,1.6752435840317049e-06
1943,-6.842124040978788e-05,-9.037382021857921e-05,-0.00012152332783443853,-6.076166391721927e-06
1944,2.8174150926056753e-05,9.496884392009994e-06,-2.4933266104198992e-05,-1.2466633052099497e-06
1945,0.0001572388059686298,0.00013469998051802328,0.00011073073255829513,5.536536627914757e-06
1946,-1.5557604517577605e-05,-3.279080463477882e-05,-7.143599941628054e-05,-3.571799970814027e-06
1947,-9.347427685380836e-05,-0.00010167108413196937,-0.0001506326225353405,-7.531631126767024e-06
1948,-0.00022712011765974594,-0.00022112344854680323,-0.0002642649342305958,-1.3213246711529792e-05
1949,-3.808137852135352e-05,-2.8106273146863307e-05,-7.777359132887796e-05,-3.888679566443898e-06
1950,4.8078382812902176e-05,5.6540119611668454e-05,2.1358873709687032e-05,1.0679436854843516e-06
1951,2.396764814506669e-05,3.204320571556848e-05,-3.8370089896488935e-06,-1.918504494824447e-07
1952,0.00019818302298407457,0.00019617707538568084,0.00018940004520118237,9.47000226005912e-06
1953,0.0002914769010037076,0.00027528232502153574,0.0002810211153700948,1.405105576850474e-05
1954,0.00014890636315327517,0.0001274232320873482,0.00012044192408211529,6.022096204105765e-06
1955,0.00023946869100841358,0.00020932737888503466,0.00019962331862188876,9.981165931094438e-06
1956,0.00023974710995038209,0.00020238394515894201,0.00018380511028226465,9.190255514113233e-06
1957,0.00020845856179887144,0.0001670594987320956,0.00013202759146224707,6.601379573112354e-06
1958,0.00021055152938604247,0.0001651815730536465,0.00013920683704782277,6.960341852391139e-06
1959,0.00022796593659701975,0.0001793215273449899,0.0001323718170169741,6.618590850848705e-06
1960,0.00018887548304084278,0.00013929835086023325,9.142565977526829e-05,4.571282988763414e-06
1961,0.00016829945380690388,0.00011980685179166469,5.423527545644902e-05,2.711763772822451e-06
1962,1.8268051923378725e-05,-2.247582788023531e-05,-7.889645348768681e-05,-3.944822674384341e-06
1963,-5.446714392402209e-05,-8.473352498204212e-05,-0.00014068309974391013,-7.034154987195507e-06
1964,-1.3607538706495974e-05,-3.664321606090629e-05,-8.854759653331712e-05,-4.4273798266658565e-06
1965,-6.211272293340459e-05,-7.685638020846225e-05,-0.00012159339530626312,-6.0796697653131565e-06
1966,0.0002245034251471834,0.00020561883197241072,0.00011403864482417703,5.701932241208852e-06
1967,0.0001682706827871487,0.00014793040864057938,5.927476377109997e-05,2.9637381885549986e-06
1968,1.2562537571488303e-05,-1.0661654107065582e-06,-0.00010296444088453427,-5.1482220442267135e-06
1969,-2.7902596629372956e-05,-3.361665283523235e-05,-0.00013310166832525283,-6.655083416262642e-06
1970,2.9245400651837162e-05,2.778721386592169e-05,-6.995463627390563e-05,-3.497731813695282e-06
1971,4.663363572559961e-05,4.761047198613108e-05,-4.1493189200991765e-05,-2.0746594600495884e-06
1972,-2.9977302560225537e-06,2.6096179693098267e-06,-9.080562449526042e-05,-4.540281224763021e-06
1973,1.9320724541864818e-07,9.704458545651974e-06,-8.283240458695218e-05,-4.1416202293476095e-06
1974,5.72340147847175e-06,1.7892404130857892e-05,-6.420459976652637e-05,-3.2102299883263187e-06
1975,-7.261757546246949e-05,-5.481205354871687e-05,-0.00012882881856057793,-6.441440928028897e-06
1976,-0.0002526331079200994,-0.0002210512361279038,-0.00029909503064118326,-1.4954751532059164e-05
1977,-5.2807418377436913e-05,-1.7288315274019054e-05,-0.00011866258864756674,-5.9331294323783375e-06
1978,-0.00020397189933006525,-0.00015901781208122736,-0.00023882297682575881,-1.194114884128794e-05
1979,-0.00019566490528096875,-0.0001421169587791519,-0.00023523267009295523,-1.1761633504647762e-05
1980,1.5812458456631382e-06,5.275683383342395e-05,-2.951346687041223e-05,-1.4756733435206115e-06
1981,-0.00012351942409373232,-6.971459331312132e-05,-0.00013263782602734864,-6.631891301367432e-06
1982,-0.0002497398985347335,-0.00018745123613626548,-0.0002536721876822412,-1.268360938411206e-05
1983,-0.00026300460324571635,-0.0001929889665820235,-0.000248519005253911,-1.2425950262695552e-05
1984,-0.00033261389458228606,-0.0002531184570953166,-0.00029516234644688666,-1.4758117322344334e-05
1985,-0.0001252940926392252,-4.695103577480486e-05,-9.645622776588425e-05,-4.822811388294213e-06
1986,-3.393097450353093e-05,3.8520555069510765e-05,-6.182435754453763e-06,-3.0912178772268817e-07
1987,-0.0001697829442200136,-9.615473978948956e-05,-0.0001438306353520602,-7.191531767603011e-06
1988,-0.00013133436709494487,-5.7960390644366045e-05,-0.00011522148997755721,-5.761074498877861e-06
1989,-6.69927547120431e-05,3.4986205651368575e-06,-6.26955516054295e-05,-3.1347775802714754e-06
1990,-7.121696432935544e-05,-3.3286916852315235e-06,-6.57766722724773e-05,-3.288833613623865e-06
1991,-7.758865812668926e-05,-1.2382711248145345e-05,-6.097043296904303e-05,-3.0485216484521516e-06
1992,0.00010681423972533595,0.00016087074117431685,0.0001119533771998249,5.597668859991245e-06
1993,0.00011809236330180268,0.00016079832560967207,0.00012795726070180535,6.397863035090268e-06
1994,9.899308307179079e-05,0.00013297269525912802,9.090352978091687e-05,4.545176489045844e-06
1995,0.00021985667925179356,0.0002422702844619703,0.000161930060130544,8.096503006527201e-06
1996,0.0001385392010554055,0.00015492736498546963,6.769672472728416e-05,3.3848362363642084e-06
1997,7.753081672096805e-06,2.5526102786580434e-05,-6.83911275700666e-05,-3.41955637850333e-06
1998,9.87078023070576e-05,0.0001127746178277284,3.664539326564409e-05,1.8322696632822045e-06
1999,0.00013327530445409017,0.00014173318263016444,7.947153062559664e-05,3.973576531279833e-06
2000,0.0002802090250591449,0.0002763243161169258,0.00022137942141853273,1.1068971070926637e-05
2001,0.0002705658249084905,0.00025648572228469227,0.00019358562713023275,9.679281356511638e-06
2002,0.00024206816442880335,0.0002220450596956586,0.000125755526823923,6.28777634119615e-06
2003,0.0002980941750758242,0.0002705906947494299,0.0001701057917671278,8.505289588356391e-06
2004,0.00020278892081159708,0.0001732760049116966,7.40171381039545e-05,3.700856905197725e-06
2005,0.0001594170632915164,0.00013067751734250612,2.609321199997794e-05,1.304660599998897e-06
2006,8.371590758230734e-05,5.955942463123255e-05,-4.757175702252425e-05,-2.3785878511262126e-06
2007,0.00010439105197579518,8.215521786418695e-05,1.8789617115544388e-06,9.394808557772195e-08
2008,-6.887674484477263e-05,-8.176718607138095e-05,-0.0001498249766882509,-7.491248834412545e-06
2009,5.353939480454967e-05,4.19857744579803e-05,-9.84171037998749e-08,-4.920855189993745e-09
2010,-0.00011772429365293111,-0.00012049407299465352,-0.00015420012641698122,-7.71000632084906e-06
2011,-0.00013482645992399014,-0.0001286337836997475,-0.0001682605070527643,-8.413025352638216e-06
2012,-0.00014388316674710089,-0.00012910301431651235,-0.00017349186236970127,-8.674593118485063e-06
2013,-0.00012788616800184487,-0.00010591307759633059,-0.00015885804896242917,-7.942902448121458e-06
2014,-8.234563479822295e-05,-5.6364229749461736e-05,-0.00010729755740612745,-5.364877870306373e-06
2015,-3.19131938207631e-05,-3.6538053373783534e-06,-8.131712093017995e-05,-4.065856046508998e-06
2016,-0.00028137782312009907,-0.0002400700616181324,-0.0003023410390596837,-1.5117051952984184e-05
2017,-0.00041303141804972235,-0.0003551100332223507,-0.0003886190534103662,-1.943095267051831e-05
2018,-0.0005546637954970151,-0.000476100868272009,-0.0004912501317448914,-2.456250658724457e-05
2019,-0.0006354047424817378,-0.0005353264479349499,-0.000537501648068428,-2.6875082403421403e-05
2020,-0.0005739763159793555,-0.0004596677280568955,-0.00042406711145304143,-2.1203355572652072e-05
2021,-0.0006174334524262184,-0.0004889533154011866,-0.00044947583228349686,-2.2473791614174846e-05
2022,-0.0007568108531895318,-0.0006092829737028976,-0.0005714104627259076,-2.857052313629538e-05
2023,-0.00048539823663117554,-0.00033114651351181943,-0.00035332111292518675,-1.766605564625934e-05
2024,-0.0005149777345626375,-0.0003560768495755089,-0.0003297975054010749,-1.6489875270053746e-05
2025,-0.0005771679625020933,-0.0004117700451041864,-0.0003787493333220482,-1.893746666610241e-05
2026,-0.0006620022566427645,-0.0004883368119174152,-0.00042569031938910484,-2.1284515969455243e-05
2027,-0.0005608082017234614,-0.00038395602707821556,-0.0003371794009581208,-1.6858970047906043e-05
2028,-0.0004731659168431937,-0.00029830869627682337,-0.00024233185104094446,-1.2116592552047223e-05
2029,-0.00034253983020518,-0.0001750482589451328,-0.00013701624993700534,-6.850812496850267e-06
2030,-0.00035430770587907545,-0.00019325173286911,-0.0001499185455031693,-7.495927275158465e-06
2031,-0.0003723346532923219,-0.00021650399324473594,-0.00016632523329462856,-8.316261664731428e-06
2032,-0.00022337800987102575,-7.903813841735612e-05,-3.356912566232495e-05,-1.6784562831162477e-06
2033,-0.0002740502850476724,-0.00013684127335190552,-0.00010732853843364865,-5.366426921682433e-06
2034,-0.00032774575692761157,-0.00019348147795987265,-0.00017952790949493647,-8.976395474746824e-06
2035,-0.0002965194875707234,-0.0001656092010006032,-0.00016460387269034982,-8.23019363451749e-06
2036,-0.0004624443765882435,-0.0003273448434507826,-0.0003101469192188233,-1.5507345960941165e-05
2037,-0.0004592575815898033,-0.00032071231192755287,-0.0002978355623781681,-1.4891778118908406e-05
2038,-0.00045991294135287817,-0.00031880758314211305,-0.00028498313622549176,-1.424915681127459e-05
2039,-0.0004488604509802314,-0.0003063938462586229,-0.00026589614572003484,-1.3294807286001743e-05
2040,-0.00035368060299271087,-0.00021432431079401973,-0.0001795600401237607,-8.978002006188035e-06
2041,-0.0004294003948582562,-0.00028819817352148286,-0.00027479694108478725,-1.3739847054239364e-05
2042,-0.00045642119761701004,-0.00031172686164580366,-0.0003066496574319899,-1.5332482871599495e-05
2043,-0.0005237887533920646,-0.00037318270801154686,-0.00035637992550618947,-1.7818996275309475e-05
2044,-0.0005236608200548053,-0.00036770532699428627,-0.0003497590951155871,-1.7487954755779357e-05
2045,-0.0002930787216564136,-0.00014229934573357073,-0.0001455406891182065,-7.277034455910325e-06
2046,-0.00023203157451584717,-8.78078429134085e-05,-0.00011490837641758844,-5.745418820879423e-06
2047,-7.674663422769907e-05,5.5128632383259146e-05,8.274483661807608e-06,4.1372418309038044e-07
2048,-0.0001366552500288374,-1.3455767906272633e-05,-5.03169976582285e-05,-2.5158498829114253e-06
2049,-0.0001618284027327845,-4.483456770298469e-05,-8.541036368114874e-05,-4.270518184057437e-06
2050,-0.0003673039823924977,-0.00024626951652252253,-0.00027777181821875274,-1.3888590910937638e-05
2051,-0.0003913558965385202,-0.0002660676028431455,-0.00027998615405522287,-1.3999307702761145e-05
2052,-0.00029810779740720454,-0.000174735902146472,-0.00015914361574687064,-7.957180787343533e-06
2053,-0.0003848370662750255,-0.0002593022633333743,-0.00023870563018135726,-1.1935281509067864e-05
2054,-0.00035550325856262895,-0.00022857560463614466,-0.00022383042960427701,-1.119152148021385e-05
2055,-0.0003511292390995557,-0.0002236040738637361,-0.00021002747234888375,-1.0501373617444188e-05
2056,-0.00017746667915740077,-5.5543555867918244e-05,-8.742007048567757e-05,-4.371003524283879e-06
2057,-0.00017961233037745933,-6.170404376049935e-05,-0.00011425419506849721,-5.712709753424861e-06
2058,-0.00013152519033599294,-1.8282687993531637e-05,-9.546217188471928e-05,-4.7731085942359645e-06
2059,-4.369974868366431e-05,6.160919339684553e-05,-2.3465074264095165e-05,-1.1732537132047583e-06
2060,3.2287988286828585e-05,0.00012810848282878597,1.7351294445688836e-05,8.675647222844418e-07
2061,0.00010448679082187155,0.00018975890348445546,5.1051345508312806e-05,2.5525672754156407e-06
2062,0.00018009477083667265,0.0002540678029362643,8.074971265159547e-05,4.037485632579774e-06
2063,0.0001609151407499801,0.00022594195873998596,4.9983278586296365e-05,2.4991639293148185e-06
2064,7.864974586971216e-05,0.0001391568751011517,-2.3892140234238468e-05,-1.1946070117119234e-06
2065,8.36120117647902e-05,0.0001387185525399747,3.4763754683808656e-06,1.738187734190433e-07
2066,-2.4230829008891533e-05,3.06418151929429e-05,-9.110416431212798e-05,-4.555208215606399e-06
2067,6.988333586978032e-05,0.00011988926254715734,4.909702511213254e-06,2.454851255606627e-07
2068,2.4754518402894783e-05,7.197484585739794e-05,-3.089978054049425e-05,-1.5449890270247125e-06
2069,0.00012309512760728678,0.0001641481515252109,4.1475537727819756e-05,2.073776886390988e-06
2070,6.820120569899787e-05,0.00010548015780389834,1.2497268926381366e-06,6.248634463190684e-08
2071,-6.165905391012484e-06,3.16888009180445e-05,-7.930989522719756e-05,-3.965494761359878e-06
2072,-2.0854364293022533e-05,1.7755722789679198e-05,-8.114969386951998e-05,-4.0574846934759994e-06
2073,-0.00019893120802365961,-0.0001522517671221235,-0.00022764292953070253,-1.1382146476535127e-05
2074,-2.0627988518584474e-05,2.4223526691209148e-05,-3.779403414228e-05,-1.8897017071139999e-06
2075,1.5013913333344637e-05,5.6332672927128146e-05,-5.18970591656398e-06,-2.5948529582819905e-07
2076,6.89823863028176e-05,0.00010523623701110889,2.8152531740488485e-05,1.4076265870244243e-06
2077,-7.928124719251817e-05,-4.2171127386451525e-05,-8.44637761474587e-05,-4.223188807372935e-06
2078,-0.00013606259466476816,-9.627240822894303e-05,-0.00011969693150604144,-5.984846575302072e-06
2079,-3.5123581219754795e-05,2.2493578083440947e-06,-2.0032282918691635e-05,-1.0016141459345819e-06
2080,-7.1936278566407e-05,-3.554862925605537e-05,-4.734139292850159e-05,-2.3670696464250796e-06
2081,-0.00021270393445180997,-0.0001701419695183187,-0.00018921024457085878,-9.46051222854294e-06
2082,-0.0002237967799941496,-0.0001754207116948913,-0.0001876598980743438,-9.38299490371719e-06
2083,-0.00024444986737147563,-0.0001913181748092575,-0.00017312254931312054,-8.656127465656028e-06
2084,-0.0003780974114997238,-0.00031415991632668624,-0.00029982937849126756,-1.4991468924563378e-05
2085,-0.00028896344102115806,-0.0002187822512146971,-0.00022027443628758192,-1.1013721814379097e-05
2086,-0.0003592195419760871,-0.0002813975651853174,-0.0002574999525677413,-1.2874997628387065e-05
2087,-0.0002247727080299704,-0.00014550200940660854,-0.00014399529027286917,-7.199764513643459e-06
2088,-0.00026719079632837173,-0.00018468561443185395,-0.00018558015290182084,-9.279007645091043e-06
2089,-0.00019130398782228521,-0.00010775779178947432,-0.00014709282550029457,-7.354641275014729e-06
2090,-0.00010635262196755328,-2.5824993685994642e-05,-6.89675725880079e-05,-3.448378629400395e-06
2091,-0.00010239205891033739,-2.4372729331824927e-05,-7.741376612102613e-05,-3.870688306051306e-06
2092,-0.00014178546449450293,-6.460752460903365e-05,-0.0001076449261745438,-5.38224630872719e-06
2093,-8.185251504841128e-05,-8.88384904986654e-06,-3.8283640606096014e-05,-1.9141820303048006e-06
2094,-3.8703238686560085e-05,2.844722073588694e-05,-1.2706875622825464e-06,-6.353437811412733e-08
2095,6.201601690937682e-06,6.588190828030107e-05,3.899404327967204e-05,1.9497021639836022e-06
2096,-6.912897840280421e-06,4.676602583480292e-05,1.9438557501416653e-05,9.719278750708327e-07
2097,3.597424045973992e-05,8.327175002478042e-05,3.636862675193697e-05,1.8184313375968487e-06
2098,0.00022200437727750444,0.0002543623708975988,0.0002171056403312832,1.0855282016564161e-05
2099,0.00026101863714019305,0.0002787211526399272,0.00022945991076994687,1.1472995538497344e-05
2100,0.000209177645554213,0.00021607353720211328,0.00017353046860080212,8.676523430040107e-06
2101,0.0002477738857410938,0.00024349616291514877,0.00019937411707360297,9.968705853680149e-06
2102,0.00031237695678910254,0.00029428563914137847,0.0002701055782381445,1.3505278911907227e-05
2103,0.0002498397766994899,0.00022254877220425655,0.00019815734412986785,9.907867206493394e-06
2104,4.995735785680064e-05,2.466025687393482e-05,-8.912038538255729e-06,-4.4560192691278644e-07
2105,7.369522703501511e-05,4.964740740217662e-05,1.0560901500866748e-05,5.280450750433375e-07
2106,0.0001401863184913071,0.00011424522821497211,7.404210919048637e-05,3.7021054595243186e-06
2107,0.00024976767783912,0.00021815440691469402,0.00015179974434431642,7.589987217215821e-06
2108,0.0003808438342914198,0.00033938306393204733,0.00024176793522201478,1.208839676110074e-05
2109,0.00038756842851981227,0.0003376061887333638,0.00022703653667122126,1.1351826833561064e-05
2110,0.0002748580052611908,0.000223322984612796,0.00010156591451959684,5.078295725979842e-06
2111,0.00017730847574684106,0.0001287478341089317,1.73546613950748e-05,8.677330697537401e-07
2112,8.585544826279739e-05,4.353271350953251e-05,-4.8043493734439835e-05,-2.4021746867219917e-06
2113,3.331526821796605e-05,-1.9613896221218857e-06,-7.014707807684317e-05,-3.507353903842159e-06
2114,-8.686128401060732e-06,-3.631670361702741e-05,-9.111952385865152e-05,-4.555976192932576e-06
2115,0.0001057190259561474,7.984532798779052e-05,1.5921894373605028e-05,7.960947186802514e-07
2116,7.114936211684984e-05,4.7984427527231004e-05,-8.824283213471062e-06,-4.4121416067355316e-07
2117,0.00013684012679975765,0.0001124082189686621,6.597028550459072e-05,3.2985142752295363e-06
2118,0.00019815293213193522,0.0001701604308459618,0.00011136460670968518,5.568230335484259e-06
2119,2.9253561684553373e-05,5.399133271001204e-06,-3.922598625649698e-05,-1.961299312824849e-06
2120,-3.717996392257791e-05,-5.462912358174558e-05,-8.720244659343734e-05,-4.360122329671867e-06
2121,8.019831405559599e-05,6.29009735209241e-05,3.071049286518246e-05,1.5355246432591231e-06
2122,0.00017698016927674472,0.00015450410873401433,0.00013450768892653286,6.7253844463266436e-06
2123,0.00016236393687761819,0.00013608810570323978,0.00011096881644334644,5.548440822167322e-06
2124,0.00023218936960266002,0.00019928007100730749,0.00017297681188210845,8.648840594105423e-06
2125,0.00017973907012401423,0.000142673117343595,0.00013204557762946934,6.602278881473467e-06
2126,0.0003369659174103733,0.0002895912766941527,0.00026255231932736933,1.3127615966368467e-05
2127,0.00037579356435905924,0.0003162633103826608,0.0003125343064311892,1.5626715321559458e-05
2128,0.0002973993192926393,0.00023008755851468426,0.0002420662494841963,1.2103312474209816e-05
2129,0.0003122980250020591,0.00023738027379617094,0.0002528704353608191,1.2643521768040956e-05
2130,0.00043058828189969324,0.0003436194808197475,0.00035491414018906653,1.7745707009453326e-05
2131,0.00018502989184533277,9.919876878228216e-05,0.00010819652379723266,5.4098261898616336e-06
2132,0.00032030477537666493,0.00022882216173004992,0.0002497239038348198,1.248619519174099e-05
2133,0.00033490147449412934,0.00023814440405760178,0.0002502189890947193,1.2510949454735965e-05
2134,0.00032908566714772943,0.00022797531891169127,0.00024036099785007536,1.201804989250377e-05
2135,0.0002460773985769894,0.0001448279314075388,0.00016396840510424227,8.198420255212114e-06
2136,4.8368195603528324e-05,-4.452965156361979e-05,-2.304205963810091e-06,-1.1521029819050455e-07
2137,1.7638881940872708e-05,-6.755392554209897e-05,4.233332219882868e-06,2.1166661099414343e-07
2138,8.501728411351841e-05,3.606072865663677e-06,7.311061199288815e-05,3.655530599644408e-06
2139,0.00020880638379296444,0.00012405703569351816,0.00020848655549343675,1.0424327774671839e-05
2140,0.00029867034246855976,0.0002063416651960435,0.0002941992715932429,1.4709963579662144e-05
2141,0.00021960011397712702,0.00012439939409119113,0.00020810964633710682,1.0405482316855342e-05
2142,0.0001482622335258782,5.4075700157044165e-05,0.0001366201031487435,6.831005157437176e-06
2143,0.0001545906766300677,6.0556949340182415e-05,0.00015561045438516885,7.780522719258444e-06
2144,0.00015949659878359453,6.548732483715177e-05,0.0001590676256455481,7.953381282277406e-06
2145,0.00022710742413220575,0.00013072398332468802,0.00020772134303115308,1.0386067151557655e-05
2146,0.0001717588836418402,7.667004959340855e-05,0.0001372852420900017,6.864262104500085e-06
2147,-3.7992999199187466e-05,-0.00012264827143003274,-4.525867916527204e-05,-2.2629339582636023e-06
2148,-0.0001390260494635133,-0.00020961199436981916,-0.00012768438318744302,-6.384219159372151e-06
2149,-0.0001552098594844332,-0.000213351224418859,-0.00011228295625187457,-5.614147812593729e-06
2150,-0.00015430420543174433,-0.0002009726377626392,-0.00011123464355478063,-5.561732177739032e-06
2151,-0.00018927506812287185,-0.00022341053914893573,-0.00015041428559925407,-7.520714279962704e-06
2152,-0.0002374694637775187,-0.00025772728052007854,-0.00019621005048975348,-9.810502524487676e-06
2153,-0.00017244156907427648,-0.00018243478308857885,-0.00014456274220719934,-7.2281371103599674e-06
2154,-0.00020274450909823336,-0.00020273100044170643,-0.0001572050096001476,-7.860250480007381e-06
2155,-0.00011729742036588522,-0.00011252619582182126,-6.873845268273726e-05,-3.4369226341368634e-06
2156,-1.6991520188477756e-05,-1.2644110688983993e-05,2.394719558651559e-05,1.1973597793257795e-06
2157,-0.00012460057957363124,-0.00011505762291371747,-9.222609514836222e-05,-4.611304757418111e-06
2158,-0.00034340157310607455,-0.00031919236812314117,-0.0002881671825889498,-1.440835912944749e-05
2159,-0.00023435455281350714,-0.00020194033905894865,-0.00017576759273651987,-8.788379636825993e-06
2160,-0.0003295763288670171,-0.00028566440515290947,-0.0002561396104283631,-1.2806980521418154e-05
2161,-0.0003011515571181692,-0.00024716656992903213,-0.00024452462093904614,-1.2226231046952308e-05
2162,-0.00039999030135228386,-0.00033239619018855457,-0.000331681250827387,-1.658406254136935e-05
2163,-0.0003455984319469922,-0.0002694457182013602,-0.00025042289053089917,-1.2521144526544958e-05
2164,-0.00042538169892606336,-0.00033893144903436,-0.00030135063570924103,-1.5067531785462052e-05
2165,-0.0003747113266166698,-0.0002820826891198097,-0.00023546867305412889,-1.1773433652706445e-05
2166,-0.0004076677997680608,-0.0003090990326459177,-0.00024336404749192297,-1.2168202374596149e-05
2167,-0.00043541190549736944,-0.0003301096534283236,-0.0002702165220398456,-1.351082610199228e-05
2168,-0.0004320621459151377,-0.00032150495067308975,-0.00025178754003718495,-1.2589377001859248e-05
2169,-0.00044454323433983144,-0.0003290205653910852,-0.00025578480563126504,-1.2789240281563253e-05
2170,-0.0005185296771167053,-0.0003956312799173463,-0.00031299717375077307,-1.5649858687538655e-05
2171,-0.00037925899918801314,-0.00025569082652018285,-0.00018995623395312577,-9.497811697656289e-06
2172,-0.00028005557822061546,-0.00016039599258609215,-0.0001037505135172978,-5.187525675864891e-06
2173,-0.0002354207337551817,-0.00012141302087794022,-6.760290852980688e-05,-3.3801454264903443e-06
2174,-0.0003343813473767942,-0.00022056376400134874,-0.0001713039819151163,-8.565199095755816e-06
2175,-0.00037225274944076455,-0.00025690349084463566,-0.00020388375560287386,-1.0194187780143693e-05
2176,-0.0003835875708144229,-0.00026742454166499253,-0.00019075149612035602,-9.537574806017802e-06
2177,-0.0004010752153504817,-0.00028375768401503167,-0.00019927545508835465,-9.963772754417732e-06
2178,-0.00040276770839952394,-0.00028387114453635315,-0.00021129984816070646,-1.0564992408035323e-05
2179,-0.00041218631383615464,-0.00029254944643296603,-0.00019941115169785917,-9.970557584892958e-06
2180,-0.00028455926547748595,-0.00017013048925318327,-8.282239286927506e-05,-4.141119643463753e-06
2181,-0.0002916519970980252,-0.00018171862520968666,-9.260161459678784e-05,-4.6300807298393925e-06
2182,-0.0003563328609680574,-0.0002471434330206117,-0.00016155754565261304,-8.077877282630652e-06
2183,-0.00036329321133408206,-0.0002551265577702613,-0.0001529389264760539,-7.646946323802695e-06
2184,-0.0004457258904815149,-0.00033506708646068294,-0.00022108256234787405,-1.1054128117393703e-05
2185,-0.0003390534813654881,-0.00023014452709248644,-0.00013783886970486492,-6.891943485243246e-06
2186,-0.00024910093756766856,-0.00014557677792457438,-6.405094609363005e-05,-3.2025473046815023e-06
2187,-0.00019343275381480604,-9.591906847526314e-05,-4.5893793867435306e-05,-2.2946896933717653e-06
2188,-0.00034694450842183845,-0.0002473018678044283,-0.00020069173478987068,-1.0034586739493535e-05
2189,-0.0005083864715066555,-0.0003998661424001702,-0.00033468104084022343,-1.6734052042011172e-05
2190,-0.00038045239036855626,-0.00026887006925756045,-0.00022660924878437072,-1.1330462439218537e-05
2191,-0.00026353249717617666,-0.00015567030302004726,-9.708768629934639e-05,-4.854384314967319e-06
2192,-8.482127230325661e-05,1.1617451816123547e-05,5.82527500228025e-05,2.9126375011401253e-06
2193,-0.00032706796524894626,-0.00022982978425840924,-0.00017462935647927225,-8.731467823963613e-06
2194,-0.0002302885600593229,-0.0001357911539056138,-0.00010017903696279973,-5.008951848139987e-06
2195,-0.0002794221664284166,-0.00018672944437916113,-0.0001148475639638491,-5.742378198192455e-06
2196,-0.00016399612977006025,-7.683361657949306e-05,-3.7036854337202385e-05,-1.8518427168601193e-06
2197,-9.493116148327554e-05,-1.5094573590330887e-05,5.506801244337112e-06,2.753400622168556e-07
2198,8.876715859685311e-05,0.00015424976960428467,0.0001552185567561537,7.760927837807685e-06
2199,0.00013997923697227764,0.00019055362932270017,0.00018346708384342492,9.173354192171247e-06
2200,0.0001861180495485677,0.00022176539596839305,0.00020467616559471935,1.0233808279735969e-05
2201,0.0001876354037384967,0.00020991791054681124,0.00019574219186324626,9.787109593162314e-06
2202,9.098292044338776e-05,0.00010631855146744505,8.879276720108464e-05,4.439638360054232e-06
2203,0.00012184387320792627,0.00013039341610634976,0.0001004393634502776,5.02196817251388e-06
2204,9.783386042414842e-05,0.00010086368721326406,8.734360744711012e-05,4.367180372355506e-06
2205,0.00019492689490101608,0.0001876856685347994,0.00019238924141973257,9.619462070986629e-06
2206,0.00013462209369302555,0.0001199857256268518,0.00014869720325805247,7.434860162902624e-06
2207,4.047702403745254e-05,2.1892730938628403e-05,9.227008558809757e-05,4.613504279404879e-06
2208,0.00016808123343859337,0.00013968216210524697,0.00021829313482157886,1.0914656741078943e-05
2209,5.649895680844254e-05,2.3798770245195755e-05,0.00012097614671802148,6.048807335901074e-06
2210,4.1582282549061394e-05,5.3153069743207145e-06,0.00011554100638022646,5.777050319011323e-06
2211,-9.076005284329306e-05,-0.00012516697312616373,1.4141325664240867e-05,7.070662832120434e-07
2212,8.959868201893172e-05,4.935333344523124e-05,0.00016916502499952912,8.458251249976456e-06
2213,3.748459083869799e-06,-3.909089679088543e-05,0.00011050346802221611,5.525173401110806e-06
2214,6.042888411736888e-05,1.20165742161735e-05,0.00017514548380859196,8.757274190429599e-06
2215,0.00010393222862542978,4.7532313844661405e-05,0.0002309706760570407,1.1548533802852036e-05
2216,-0.00018236551852605234,-0.00023272306770791363,-3.877827475662343e-05,-1.9389137378311718e-06
2217,-0.00011539412015847036,-0.00016276438770910798,2.0797499018954113e-05,1.0398749509477057e-06
2218,4.0476687173238305e-05,-1.2541503348101576e-05,0.00019020262698177248,9.510131349088624e-06
2219,5.277315530413322e-06,-5.0563288618774385e-05,0.0001381212641717866,6.906063208589331e-06
2220,4.340504649378601e-05,-1.6952415487683378e-05,0.0001766586647136137,8.832933235680685e-06
2221,0.0001376169115110412,6.911750473549505e-05,0.00025555535103194416,1.2777767551597208e-05
2222,0.00021711514057465336,0.00013757219867790632,0.00032420005300082266,1.6210002650041135e-05
2223,0.00028917228597704264,0.00019767582018526638,0.0003574836009647697,1.7874180048238487e-05
2224,0.0002903657642972796,0.00018943635038021008,0.00032479342189617455,1.6239671094808727e-05
2225,0.00017958500091941768,7.642322815574898e-05,0.00019710007472895086,9.855003736447544e-06
2226,0.0001999942888287792,9.428406817696651e-05,0.00021222273062448949,1.0611136531224474e-05
2227,1.8872522344115262e-05,-8.056607800544526e-05,4.206754601909779e-05,2.1033773009548898e-06
2228,0.0001709239044992923,6.955582513262625e-05,0.00020277297880966216,1.0138648940483109e-05
2229,0.000122407309034471,1.974816618407956e-05,0.0001910046412376687,9.550232061883436e-06
2230,3.463715095911389e-05,-6.462142314075296e-05,9.920597221935168e-05,4.960298610967584e-06
2231,-5.9434627064859734e-05,-0.00015128673006442999,1.6948986740317196e-05,8.474493370158598e-07
2232,-4.6655455389262e-05,-0.00013394336057603767,6.614388985326514e-05,3.307194492663257e-06
2233,-6.042880031171339e-05,-0.00014427733089600222,8.162610902218148e-05,4.081305451109074e-06
2234,-8.438460961449911e-05,-0.00016451862094097914,7.043065124889836e-05,3.521532562444918e-06
2235,2.4257844850064255e-05,-5.793863491408498e-05,0.00018050114158540964,9.025057079270483e-06
2236,-4.510052528274544e-05,-0.00012714792554355898,0.00013650255277752876,6.825127638876438e-06
2237,-7.068469784234061e-05,-0.0001513939242171556,0.00011298330355202779,5.64916517760139e-06
2238,-7.567693040488226e-05,-0.00015459446267839316,0.00010302752343704924,5.151376171852462e-06
2239,-0.0003623574313851245,-0.00042709015701157803,-0.00014660584565717727,-7.330292282858864e-06
2240,-0.00039834968814063225,-0.0004486945472142537,-0.0001648628676775843,-8.243143383879215e-06
2241,-0.00042141841958497257,-0.00045808197791936863,-0.0001710231590550393,-8.551157952751964e-06
2242,-0.0003653624587012383,-0.00039307707929013737,-9.969012899091467e-05,-4.984506449545734e-06
2243,-0.00030258756274074067,-0.00032571308318126585,-3.137798557872884e-05,-1.568899278936442e-06
2244,-0.0004101462929049524,-0.0004246201897488943,-0.00012602237984538078,-6.30111899226904e-06
2245,-0.0004028231071175584,-0.000408594385505322,-0.0001422598143108189,-7.1129907155409455e-06
2246,-0.0003316931681925308,-0.0003325313246876267,-8.141874423017725e-05,-4.0709372115088625e-06
2247,-0.00038727737599493977,-0.00038090021684811714,-0.00013690612104255706,-6.8453060521278535e-06
2248,-0.00039479342735991,-0.0003801683590863092,-0.00016832254186738282,-8.416127093369141e-06
2249,-0.000398671184486438,-0.0003759801185042492,-0.0001768031215760857,-8.840156078804285e-06
2250,-0.0005828357792518055,-0.0005449280800656971,-0.0003322753182146698,-1.6613765910733492e-05
2251,-0.0005787411468982229,-0.00052822375216652,-0.0002996680559590459,-1.4983402797952296e-05
2252,-0.0005025705218080106,-0.0004448157266324222,-0.0002119240816682577,-1.0596204083412887e-05
2253,-0.0005124665042444764,-0.00044875226188930567,-0.0002009165909839794,-1.004582954919897e-05
2254,-0.0004082318911650997,-0.00034216579910251405,-0.00014010831364430487,-7.005415682215244e-06
2255,-0.0003239444791010122,-0.00025859257203662746,-8.540370617993176e-05,-4.270185308996588e-06
2256,-0.0001641584771630877,-0.00010650497271358429,5.244685962679796e-05,2.622342981339898e-06
2257,-0.0001801322960534205,-0.00012786801461211046,1.303647513850592e-05,6.518237569252961e-07
2258,-0.00027047457990907864,-0.00021903261758406557,-7.048257975839078e-05,-3.5241289879195395e-06
2259,-7.653721077168928e-05,-3.3799775653101514e-05,9.094649431062862e-05,4.5473247155314315e-06
2260,-5.909547971125331e-05,-2.413458193253225e-05,8.228280785260722e-05,4.114140392630361e-06
2261,1.3355948688966318e-05,4.068165775914143e-05,9.075215348275378e-05,4.5376076741376895e-06
2262,4.8892655302409076e-05,6.927788206917418e-05,8.839707152219489e-05,4.419853576109745e-06
2263,8.109560668063723e-05,9.478094665928395e-05,9.465138282394037e-05,4.732569141197019e-06
2264,4.545695283573847e-05,5.549710423170625e-05,4.423548307386227e-05,2.2117741536931134e-06
2265,-0.00014256586783362645,-0.00012836094297997012,-0.00010438531899126247,-5.219265949563124e-06
2266,-8.232754231625322e-05,-6.700448832241751e-05,-4.446207094588317e-05,-2.2231035472941587e-06
2267,-1.8062753246104004e-05,-5.446921826222736e-06,3.073438347200863e-05,1.5367191736004316e-06
2268,-0.0001783124958248892,-0.0001614517620636616,-0.0001059822752722539,-5.299113763612695e-06
2269,-0.00026077248351507226,-0.00023625263129744206,-0.0001776043209247291,-8.880216046236456e-06
2270,-0.00022267439996664665,-0.0001934065551473927,-0.00012809221516363323,-6.404610758181661e-06
2271,-0.00024479437651693303,-0.00021140116844976865,-0.0001235760864801705,-6.178804324008525e-06
2272,-0.00017905896122102032,-0.00014434148228513,-7.459062180714682e-05,-3.729531090357341e-06
2273,-0.000239773831936786,-0.00020125878727007333,-0.00012802978744730353,-6.401489372365177e-06
2274,-0.00026078887129664624,-0.00021759346698744047,-0.00015089001681189984,-7.544500840594992e-06
2275,-0.0003235541089705979,-0.0002739492045226433,-0.00019200443057343364,-9.600221528671683e-06
2276,-0.0005258326400493298,-0.0004622590868614289,-0.0003519046294968575,-1.7595231474842878e-05
2277,-0.0005764805457208581,-0.0004989965645394533,-0.0003676307387650013,-1.8381536938250066e-05
2278,-0.00063101844196439,-0.000540309345553214,-0.0003738804080057889,-1.8694020400289447e-05
2279,-0.0005830517506849627,-0.0004826791461722678,-0.0003231097653042525,-1.6155488265212625e-05
2280,-0.000542647826178268,-0.00043512639787625644,-0.0002900130639318377,-1.4500653196591885e-05
2281,-0.000609281601251761,-0.0004924271912662756,-0.0003472050011623651,-1.7360250058118255e-05
2282,-0.0005838657824694303,-0.0004597994174130237,-0.0003190048737451434,-1.5950243687257173e-05
2283,-0.0007164741830155945,-0.0005806399470736362,-0.00042255630251020193,-2.11278151255101e-05
2284,-0.0005866792707633153,-0.0004455185020765422,-0.0003099028836004436,-1.549514418002218e-05
2285,-0.000500962544833714,-0.0003584981338613731,-0.000240793771808967,-1.2039688590448351e-05
2286,-0.00042310177402119604,-0.0002822723794019131,-0.00018762100080493838,-9.38105004024692e-06
2287,-0.0005720088184019185,-0.00042669196747819986,-0.00031062233028933406,-1.5531116514466702e-05
2288,-0.00041682388014612935,-0.0002742764900675564,-0.00017005123663693666,-8.502561831846833e-06
2289,-0.0003507680030109881,-0.00021435663996541767,-0.00010177584044868127,-5.088792022434063e-06
2290,-0.0002576415475839193,-0.00012946733483390528,-5.343588418327272e-05,-2.6717942091636362e-06
2291,-5.9307029716906283e-05,5.433529814321799e-05,8.286854426842183e-05,4.143427213421092e-06
2292,-8.6890319649698e-05,1.5154155410138425e-05,4.227170211379416e-05,2.113585105689708e-06
2293,-0.0002094082209802648,-0.00011125743215258997,-9.364497236674652e-05,-4.6822486183373264e-06
2294,-0.00032342113756756336,-0.0002225075585008324,-0.0002160554431611672,-1.0802772158058362e-05
2295,-0.0003632217157419078,-0.00025805849169931893,-0.0002443803532514721,-1.2219017662573606e-05
2296,-0.00037388103561003733,-0.000265225531834571,-0.00023281922040041536,-1.1640961020020768e-05
2297,-0.00027278066989662296,-0.00016487789765466562,-0.00015267911658156663,-7.633955829078333e-06
2298,-0.0003920817503968827,-0.00028065294878825943,-0.00023934178170748055,-1.1967089085374029e-05
2299,-0.0002915051887938622,-0.00018087316345099112,-0.000156724127009511,-7.83620635047555e-06
2300,-0.0001776645265178923,-7.371706242950145e-05,-3.966107396990992e-05,-1.983053698495496e-06
2301,-0.00016575764000748708,-6.79958698050382e-05,-4.341357998782769e-05,-2.1706789993913847e-06
2302,-0.00016027427801585046,-6.76766452458698e-05,-5.5461925512645394e-05,-2.7730962756322698e-06
2303,-0.0001225480054849501,-3.593602186173512e-05,-3.081637987634167e-05,-1.5408189938170837e-06
2304,-0.00010883613142669352,-2.8431313861849084e-05,-1.743717075441964e-05,-8.718585377209821e-07
2305,-0.0001014106987640177,-2.6495815693965734e-05,-2.2337686459650286e-05,-1.1168843229825143e-06
2306,1.2673746914741654e-05,7.83416989131165e-05,6.150917761260644e-05,3.075458880630322e-06
2307,5.870563121238298e-05,0.00011385721292780075,9.884532482828945e-05,4.942266241414473e-06
2308,0.00023571631926944174,0.0002745012033440687,0.0002304105437360704,1.1520527186803521e-05
2309,0.00040421674910714366,0.0004208536306733142,0.0003673358296509832,1.836679148254916e-05
2310,0.0004167044904959648,0.0004139638281895007,0.0003414990205783397,1.7074951028916984e-05
2311,0.000532884656718105,0.0005089149656110183,0.000408646825235337,2.043234126176685e-05
2312,0.0003724982979562263,0.00033705460069463286,0.0002457528025843203,1.2287640129216016e-05
2313,0.00046630211658444157,0.0004177054241271424,0.00030291100847534835,1.5145550423767418e-05
2314,0.0004891795403758312,0.00042758048799031943,0.0003218621714040637,1.6093108570203185e-05
2315,0.00045027892274530554,0.00037797161712446313,0.0002972314541693777,1.4861572708468884e-05
2316,0.0004316937767010812,0.00035050735841790783,0.00027944237808696926,1.3972118904348464e-05
2317,0.0003031726898314204,0.0002191323930719523,0.0001750514202285558,8.75257101142779e-06
2318,0.0003267228217513175,0.00023772097846745598,0.00022645658464170992,1.1322829232085497e-05
2319,0.00040400698034061993,0.00030702330648994526,0.0002955584495794028,1.4777922478970142e-05
2320,0.00025349397250250656,0.00015575590245240083,0.00016245682490989566,8.122841245494783e-06
2321,0.00022088817548176465,0.0001247626129586146,0.00012060305016348138,6.03015250817407e-06
2322,4.5747825850448324e-05,-4.144947268337267e-05,-2.4809416572679766e-05,-1.2404708286339884e-06
2323,-9.785866759867739e-05,-0.00017116434306859937,-0.00013206081348471344,-6.603040674235672e-06
2324,-9.219961063162361e-05,-0.00015378406129705358,-0.00010490394925000146,-5.2451974625000735e-06
2325,-9.046245871656891e-05,-0.00014278195551101043,-7.312578236451373e-05,-3.6562891182256866e-06
2326,-0.00019919568439964166,-0.00023846450909500386,-0.00016425750800408423,-8.212875400204211e-06
2327,-0.0002684081599587574,-0.0002926308196190468,-0.00022257344971876591,-1.1128672485938296e-05
2328,-0.00019370884339492105,-0.0002080699807854263,-0.00014042393013369292,-7.021196506684646e-06
2329,-0.00016793532466028086,-0.00017365030787952116,-0.0001338632428087294,-6.693162140436471e-06
2330,-0.00013904592133736398,-0.00013684355804767845,-0.00013443725765682757,-6.721862882841379e-06
2331,-0.00027490258123823646,-0.000259254881772048,-0.0002584786561783403,-1.2923932808917016e-05
2332,-0.00025261378081311143,-0.00022583033757735417,-0.00023054989287629724,-1.1527494643814862e-05
2333,-0.00035172726035207185,-0.0003123828191155686,-0.00027694550226442516,-1.3847275113221258e-05
2334,-0.000385564512595168,-0.0003348636748114044,-0.0002720341144595295,-1.3601705722976477e-05
2335,-0.000386269026466205,-0.00032750322791219664,-0.00022475348669104278,-1.123767433455214e-05
2336,-0.00036994682348050857,-0.000305253884647609,-0.00019713952497113496,-9.856976248556748e-06
2337,-0.00033357344296556824,-0.0002648728530831622,-0.0001705389586277306,-8.52694793138653e-06
2338,-0.0003696673375870371,-0.00029701241173791816,-0.00017813316662795842,-8.906658331397921e-06
2339,-0.00020256397103967633,-0.00013518587489659236,-9.389011665916769e-07,-4.694505832958385e-08
2340,-0.00026213653392197906,-0.00019768294331250048,-4.596189683070406e-05,-2.298094841535203e-06
2341,-0.00030206786137490065,-0.00023845620101644728,-8.425166015513241e-05,-4.212583007756621e-06
2342,-0.000436091290681498,-0.00036786409342565434,-0.00019154659821651876,-9.57732991082594e-06
2343,-0.00040787073423874013,-0.0003374545604958701,-0.00014849611034151167,-7.424805517075583e-06
2344,-0.00041834880548075694,-0.0003455044504869539,-0.0001570057065691799,-7.850285328458995e-06
2345,-0.0004948152363253352,-0.00041571040342767957,-0.00023734844580758363,-1.1867422290379182e-05
2346,-0.0006971749422988227,-0.0006030167263288929,-0.00042069630580954254,-2.1034815290477127e-05
2347,-0.0006982723558510519,-0.0005901540646680235,-0.0004163048870395869,-2.0815244351979348e-05
2348,-0.00039617533802624585,-0.0002900911283475882,-0.00011664903286146,-5.832451643073e-06
2349,-0.00020127093376882352,-0.00010608316468718665,5.484671055455692e-05,2.7423355277278463e-06
2350,-0.00015372375859785706,-6.929207652358359e-05,6.0421109083108604e-05,3.0210554541554303e-06
2351,-0.00014075937879346416,-6.500712625389839e-05,3.253146496717818e-05,1.6265732483589092e-06
2352,-0.0001418917474605325,-7.28243095054299e-05,6.276559361140244e-06,3.138279680570122e-07
2353,-4.637903573328661e-05,1.3918233051200936e-05,5.9682326536858454e-05,2.984116326842923e-06
2354,-0.00017967477888358065,-0.00012101783272884405,-6.993197894189507e-05,-3.4965989470947536e-06
2355,-0.00019337855727841552,-0.00013461064913501168,-9.840631537372246e-05,-4.9203157686861235e-06
2356,-0.00029143150328060765,-0.0002285040791849981,-0.0001769827213138342,-8.84913606569171e-06
2357,-0.00014424445104370992,-8.390942869252575e-05,-4.506776531343348e-05,-2.2533882656716742e-06
2358,-9.592037622538594e-05,-4.104054271104661e-05,1.351166247332003e-05,6.755831236660015e-07
2359,-0.00014383168936025082,-9.125364918537733e-05,-4.3754716898547485e-05,-2.1877358449273743e-06
2360,-5.803075524231186e-05,-1.0786089735635675e-05,2.1327490685507655e-05,1.0663745342753827e-06
2361,-5.826647716532992e-05,-1.5312257774064025e-05,7.346559868892655e-06,3.6732799344463276e-07
2362,-6.179637442260973e-05,-2.2071707509064494e-05,-7.079099304974079e-06,-3.53954965248704e-07
2363,0.00018268231545143357,0.00020691303994938161,0.00024367459991481155,1.2183729995740578e-05
2364,0.00016124489108937143,0.00017275036849078788,0.0002053359930869192,1.026679965434596e-05
2365,9.721411241316375e-05,0.00010087501536796841,0.0001265385071747005,6.326925358735025e-06
2366,-3.605669478492414e-05,-3.347170972368285e-05,5.953776053502224e-06,2.9768880267511126e-07
2367,2.4722350786672165e-06,2.300773531659382e-06,4.624748544301838e-05,2.312374272150919e-06
2368,-1.8342225331038972e-05,-1.985443345274985e-05,2.316285463166423e-05,1.1581427315832117e-06
2369,-1.0676712331651758e-05,-1.4082724038361638e-05,3.752891279873438e-05,1.8764456399367191e-06
2370,-6.833557878316108e-05,-7.08518268996939e-05,-1.502832310507074e-05,-7.51416155253537e-07
2371,2.9610999080146134e-05,2.382437709762843e-05,6.850989302620292e-05,3.425494651310146e-06
2372,1.0534801031576078e-05,2.377434919705943e-06,5.384280302678235e-05,2.6921401513391178e-06
2373,-0.0001665950146751822,-0.00016925358912915286,-9.994447464123368e-05,-4.997223732061685e-06
2374,-0.0001896883809361962,-0.00018681069250463223,-0.00010464544175192714,-5.232272087596357e-06
2375,-0.0001352230692997301,-0.0001321103238759277,-4.960597834724467e-06,-2.4802989173622336e-07
2376,7.747425855958e-06,4.77497306764539e-06,0.00011858298967126757,5.929149483563379e-06
2377,-1.6616904234837494e-05,-2.5010756669058603e-05,0.00011012156028300524,5.5060780141502626e-06
2378,7.530673274248949e-05,5.8106835739353545e-05,0.00018495175754651427,9.247587877325714e-06
2379,3.0614000169983475e-05,7.020090273777327e-06,0.00014805307728238404,7.402653864119202e-06
2380,-3.4566366259768016e-06,-3.153351330161227e-05,0.00012046335905324668,6.023167952662334e-06
2381,0.00010370630254327276,6.599338279650015e-05,0.00023204676108434796,1.16023380542174e-05
2382,0.00014384795430810921,9.60931589684687e-05,0.00025291964993812144,1.2645982496906073e-05
2383,-3.650900959908819e-05,-8.393051270878795e-05,6.022289380780421e-05,3.0111446903902107e-06
2384,-4.457758173465445e-05,-9.034539862838543e-05,3.9331218431470916e-05,1.966560921573546e-06
2385,-5.1822184219871135e-05,-9.622234322451606e-05,4.570176315610297e-05,2.2850881578051485e-06
2386,0.00016555087509198776,0.0001131445371963366,0.00023228266218211502,1.1614133109105751e-05
2387,0.00019989595962514276,0.0001392075746138279,0.00024543379549868405,1.2271689774934204e-05
2388,3.4104614697283582e-06,-5.4994566850471946e-05,4.531748345470987e-05,2.2658741727354936e-06
2389,6.753559786994325e-05,8.3171675291705e-06,0.00010953763558063656,5.476881779031828e-06
2390,5.5772897046215826e-05,-4.154185129930301e-06,0.00010933502926491201,5.466751463245601e-06
2391,-2.936530489171602e-05,-8.602946159765298e-05,3.1546987884212285e-05,1.5773493942106143e-06
2392,-0.00017076473159558338,-0.00021954882480275907,-6.334418139886111e-05,-3.1672090699430557e-06
2393,-0.00021704610912946743,-0.00025767521150571584,-7.868852844694629e-05,-3.934426422347315e-06
2394,-0.0001664742488199809,-0.00020296547408365487,-1.0734088391473051e-05,-5.367044195736526e-07
2395,-0.00012551157486036577,-0.00016114276005904312,4.553093094727956e-05,2.276546547363978e-06
2396,-0.00018960429233817248,-0.00022103682832110824,-2.5526693207211792e-05,-1.2763346603605897e-06
2397,-8.726466531258642e-05,-0.00011869955741683246,5.288649845169857e-05,2.6443249225849286e-06
2398,-0.00011246699706481362,-0.00014187717524315814,1.02057338153827e-05,5.10286690769135e-07
2399,-0.00012189917600169413,-0.00014822561591123058,-1.3757520719082095e-05,-6.878760359541048e-07
2400,-8.723436082858215e-05,-0.00011168742933553237,6.393183866748586e-06,3.196591933374293e-07
2401,-0.00011872420930683834,-0.00013906772613767087,-4.169859676039778e-05,-2.084929838019889e-06
2402,-0.00018682673906095189,-0.00019983497851368853,-0.00011148921475978568,-5.5744607379892844e-06
2403,-0.0001794520265355976,-0.00018452275796728546,-0.00013267024769447744,-6.633512384723872e-06
2404,-0.0001913245882792046,-0.00018797117912404214,-0.0001535984774818644,-7.67992387409322e-06
2405,-0.00016210874122430616,-0.0001531311185507939,-0.00011005446867784485,-5.502723433892243e-06
2406,-6.526322907587581e-05,-5.535442821955146e-05,-2.6410987629787996e-05,-1.3205493814894e-06
2407,3.3385894837666496e-05,3.955839176794617e-05,6.2132028688211e-05,3.10660143441055e-06
2408,0.00019038883087901128,0.00018737458823232559,0.00017288878734689206,8.644439367344603e-06
2409,0.00013397190914574825,0.0001258333175526618,0.0001012389111565426,5.06194555782713e-06
2410,0.00012936058726712728,0.0001169866383203575,9.213151497533545e-05,4.606575748766773e-06
2411,2.012421644191793e-05,7.366395329695769e-06,2.257414598716423e-05,1.1287072993582115e-06
2412,4.001483845430655e-05,2.5743895224458854e-05,4.843552960664965e-05,2.421776480332483e-06
2413,0.00010865755587124191,8.978933467429533e-05,0.00011289447866147384,5.6447239330736925e-06
2414,0.00021962665264425402,0.00019218037252357155,0.00019810670346487314,9.905335173243658e-06
2415,0.00014428907947265646,0.00011311841047842677,0.00011160522262798622,5.580261131399311e-06
2416,0.00035398445533608503,0.0003114829946788449,0.0002715080918278545,1.3575404591392727e-05
2417,0.0002921826159872039,0.00024312950859725093,0.00019005994545295835,9.502997272647917e-06
2418,0.0002433463846165383,0.00019258540370831632,0.00010513433517189696,5.256716758594848e-06
2419,0.00023747957040321928,0.0001863206130322708,8.535596134606749e-05,4.267798067303375e-06
2420,0.0003461327151682953,0.00028963439782575485,0.00018722070672083646,9.361035336041824e-06
2421,0.00030516516762208194,0.00024574657485212985,0.00014540195115841925,7.270097557920963e-06
2422,0.00032138114242921244,0.0002582167799595892,0.0001674844097578898,8.374220487894491e-06
2423,0.0004038240211362941,0.00033389925215439266,0.00023378737387247384,1.1689368693623692e-05
2424,0.0002829373699454103,0.00021220012017135662,0.0001239591365447268,6.19795682723634e-06
2425,0.0002834828334768198,0.00021186665580713815,0.0001298389834119007,6.4919491705950355e-06
2426,0.00025543341059175423,0.00018372152845502857,0.00011704417556757107,5.852208778378554e-06
2427,0.00020028463407758984,0.00013101608355017648,6.773095083190128e-05,3.3865475415950644e-06
2428,9.753061381637973e-05,3.4907030905121774e-05,-1.784424966899678e-05,-8.922124834498391e-07
2429,0.00013039782238455895,7.179786845575336e-05,2.7785557904280722e-05,1.3892778952140363e-06
2430,0.00019365220472812347,0.0001355505270028251,9.201779903378338e-05,4.600889951689169e-06
2431,9.854095906485584e-05,4.5433910850044366e-05,-5.641402367473347e-07,-2.8207011837366736e-08
2432,0.0001802849740235343,0.00012899610810063213,5.730814518756233e-05,2.8654072593781167e-06
2433,1.1209825236748395e-05,-3.0741058575288035e-05,-9.681443771114573e-05,-4.8407218855572864e-06
2434,-7.990560718861344e-05,-0.00010884913084738916,-0.00018052788800559938,-9.026394400279969e-06
2435,-2.0367271412415553e-05,-3.9956261566779156e-05,-0.0001239307166542858,-6.19653583271429e-06
2436,-2.539363351315412e-05,-3.751103199832124e-05,-0.00010156416101381183,-5.078208050690592e-06
2437,-0.00023884455811960413,-0.00023531279546210344,-0.00027816309011541307,-1.3908154505770655e-05
2438,-0.00019674606120649831,-0.00018098922722147644,-0.00022987101692706347,-1.1493550846353174e-05
2439,-9.161571353205967e-05,-7.146874819075803e-05,-9.28133595152758e-05,-4.640667975763791e-06
2440,-0.00013949271750106373,-0.0001134716036074167,-0.00013433615094982088,-6.716807547491044e-06
2441,-0.00015652870510862423,-0.00012375363013529075,-0.00016225951549131423,-8.112975774565713e-06
2442,-4.816152945191958e-05,-1.3409480884417183e-05,-7.734842802165076e-05,-3.867421401082538e-06
2443,-0.0002472642989708384,-0.00020205918198399166,-0.0002529843186493963,-1.2649215932469815e-05
2444,-0.00030554173815134657,-0.000248063269991277,-0.0003020487492904067,-1.5102437464520337e-05
2445,-0.0003020156384179866,-0.00023418856695310016,-0.00028052725247107446,-1.4026362623553724e-05
2446,-0.0005031834880749939,-0.00041756675881448387,-0.00044614149373956025,-2.2307074686978012e-05
2447,-0.0005264633108636529,-0.0004237384976419755,-0.00045652719563804567,-2.2826359781902283e-05
2448,-0.0005507546345766072,-0.00043270947742190977,-0.00044695366523228586,-2.2347683261614294e-05
2449,-0.0005821303168903594,-0.00044924866674583825,-0.00046260847011581063,-2.3130423505790533e-05
2450,-0.000431477083700214,-0.00029153473842023943,-0.0003316877700854093,-1.6584388504270464e-05
2451,-0.00034077812177048857,-0.0001992057970115671,-0.00023986599990166724,-1.1993299995083363e-05
2452,-0.0003240358013576598,-0.00018273775010955364,-0.00021032727090641856,-1.0516363545320928e-05
2453,-0.000255365823830531,-0.00011727922584358377,-0.00015607394743710756,-7.803697371855378e-06
2454,-0.000214348424697103,-8.129189768641957e-05,-0.00011760207416955382,-5.880103708477691e-06
2455,-0.00023787232093088864,-0.00010847344276411113,-0.00013936535106040537,-6.968267553020269e-06
2456,-0.00022262722037546607,-9.791870684745786e-05,-0.00011298862955300137,-5.649431477650069e-06
2457,-0.0002474737844689052,-0.00012693796133759987,-0.0001166029178421013,-5.8301458921050655e-06
2458,-0.00022777960203757003,-0.00011180474129120475,-0.0001022124633891508,-5.1106231694575404e-06
2459,-0.0002989296728447763,-0.00018412577094192886,-0.00016305419558193535,-8.152709779096768e-06
2460,-0.0004615695211569789,-0.0003410112535137787,-0.0002977660624310374,-1.4888303121551872e-05
2461,-0.0004330791276031992,-0.00030988313481827086,-0.00023957020312082022,-1.1978510156041012e-05
2462,-0.00025857720280869097,-0.00014130184982636315,-7.254380034282804e-05,-3.627190017141402e-06
2463,-0.00013422500684761885,-2.771757449592548e-05,2.856792343663983e-05,1.4283961718319917e-06
2464,-0.0001360424054137212,-3.795613121851175e-05,-6.322457920759916e-06,-3.1612289603799586e-07
2465,-0.00017143280666014475,-7.876635731115581e-05,-5.3573086916003376e-05,-2.678654345800169e-06
2466,-0.00024004016501565732,-0.00014951594787887144,-0.00010898333130171522,-5.449166565085761e-06
2467,-0.0001583318977594329,-7.387083314665865e-05,-2.4611485059722327e-05,-1.2305742529861165e-06
2468,-0.00027976459171798857,-0.00019533142764254792,-0.00013715637032873929,-6.8578185164369644e-06
2469,-0.0003340624866243953,-0.0002463297157759425,-0.000200562528334558,-1.0028126416727902e-05
2470,-0.00022434545090536232,-0.00013813307874244166,-0.0001061647999449633,-5.308239997248166e-06
2471,-0.00032750767741460596,-0.00023807965667366202,-0.00020017457427456975,-1.0008728713728489e-05
2472,-0.0002915093730276177,-0.00020086513191856548,-0.00016303613665513694,-8.151806832756847e-06
2473,-0.000269136161906901,-0.00017864640177508819,-0.00013789147487841547,-6.894573743920773e-06
2474,-0.00021675573340569426,-0.0001278878203009524,-0.00010926100367214531,-5.4630501836072655e-06
2475,-0.0003529643362608838,-0.0002590731100564503,-0.00024086351913865656,-1.2043175956932828e-05
2476,-0.00025276244667300665,-0.00015894056511149936,-0.00014339020708575845,-7.169510354287922e-06
2477,-0.00026644116224039713,-0.00017237970715833423,-0.00015117420116439462,-7.558710058219731e-06
2478,-0.00019635585030121691,-0.00010603807465158268,-7.235501834657043e-05,-3.6177509173285218e-06
2479,-0.000370132321655047,-0.0002754504496896849,-0.00023119924298953265,-1.1559962149476633e-05
2480,-0.00044659126971267253,-0.0003442092221373994,-0.0003008927160408348,-1.504463580204174e-05
2481,-0.0003177903674651541,-0.00021472928143570234,-0.00016908050747588277,-8.45402537379414e-06
2482,-0.00032428758044872514,-0.00022044228673422672,-0.00017513203783892095,-8.756601891946047e-06
2483,-0.0002123347782488956,-0.00011188391499768524,-9.382864664075896e-05,-4.691432332037948e-06
2484,-0.000377717647993346,-0.00027315995138889126,-0.00024142541224136949,-1.2071270612068475e-05
2485,-0.0005713020360389296,-0.0004543116126124961,-0.00041100260568782687,-2.0550130284391346e-05
2486,-0.0005275067282564228,-0.00040225659311181767,-0.0003407806216273457,-1.7039031081367285e-05
2487,-0.0005834440187647594,-0.00044915603159871104,-0.00036941858706995845,-1.8470929353497924e-05
2488,-0.000618772706115682,-0.00047464609957173807,-0.0003992021956946701,-1.9960109784733505e-05
2489,-0.000710225853791774,-0.0005541485266913672,-0.0004562546091619879,-2.2812730458099397e-05
2490,-0.0007842118780860247,-0.0006148692043389164,-0.0004998060176149011,-2.4990300880745055e-05
2491,-0.0008129710326531963,-0.0006320722395624102,-0.0004850918485317379,-2.4254592426586898e-05
2492,-0.0008505066709870708,-0.0006586121850326477,-0.0004925390821881592,-2.4626954109407963e-05
2493,-0.0008223411447686824,-0.0006238842537085926,-0.00042167387437075377,-2.108369371853769e-05
2494,-0.0007806927626757991,-0.0005789835464547462,-0.000368642300600186,-1.84321150300093e-05
2495,-0.0007763543692152395,-0.0005725021047888185,-0.0003546446387190372,-1.7732231935951858e-05
2496,-0.0007467318093640218,-0.0005426030631484703,-0.00032252128585241735,-1.6126064292620867e-05
2497,-0.000658622184575046,-0.00045834561060476725,-0.00024220588966272771,-1.2110294483136387e-05
2498,-0.0006477993153776104,-0.0004508137495857126,-0.0002505518204998225,-1.2527591024991125e-05
2499,-0.00040961139690794433,-0.0002253429503595978,-5.773562952526845e-05,-2.8867814762634228e-06
2500,-0.000381358086609789,-0.00020879379118548692,-6.400899292202666e-05,-3.2004496461013333e-06
2501,-0.00027787024549319407,-0.00011939770454191444,4.4770263230020646e-07,2.2385131615010324e-08
2502,-0.0003373498319967527,-0.00018802774940296404,-7.831726543372497e-05,-3.915863271686249e-06
2503,-0.0001754205100264621,-3.955447122146101e-05,2.4340359232155606e-05,1.2170179616077804e-06
2504,-0.00010579730149012947,1.5225712033441676e-05,7.14631678420119e-05,3.573158392100595e-06
2505,-0.000274013693258229,-0.00015815759164657,-0.00010024569201050326,-5.012284600525163e-06
2506,-0.00028911116692359104,-0.0001773728526695847,-0.0001078801360563375,-5.3940068028168754e-06
2507,-0.00014828499516165365,-4.737265659975758e-05,3.5379700420890003e-05,1.7689850210445003e-06
2508,-0.00010927920496789397,-2.022075976923111e-05,6.992236012592912e-05,3.496118006296456e-06
2509,-8.014300795730992e-05,-1.0186073284952976e-06,4.837473898078315e-05,2.418736949039158e-06
2510,-0.00012389171387786163,-5.0220807483348134e-05,-2.5156361516565084e-05,-1.2578180758282543e-06
2511,-0.00020132963267546286,-0.00012950925702072272,-8.577937114750966e-05,-4.288968557375483e-06
2512,-9.813663527729068e-05,-3.310457971323422e-05,1.9141183656756766e-05,9.570591828378383e-07
2513,-0.00014363641956650588,-8.329117347955353e-05,-1.3944158126832917e-05,-6.972079063416459e-07
2514,-0.00017542942301676637,-0.0001177940379575458,-4.5516509999288246e-05,-2.2758254999644124e-06
2515,-0.00015474845259652118,-9.992400750842373e-05,-3.7821206205990165e-05,-1.8910603102995083e-06
2516,-0.00011685076546454312,-6.639514472413838e-05,-1.767472667779657e-06,-8.837363338898286e-08
2517,-0.00013178476751834117,-8.543062877144626e-05,-1.002917770165368e-06,-5.01458885082684e-08
2518,0.0001056563342561659,0.0001368137411428989,0.00022691130288876593,1.1345565144438297e-05
2519,7.405932215584116e-05,9.331796685377594e-05,0.00017787930846679956,8.893965423339978e-06
2520,-0.00013612488621012942,-0.00011634970977863037,-5.241976396064274e-05,-2.620988198032137e-06
2521,3.688590286504289e-05,4.969784129518945e-05,0.0001034836532198824,5.17418266099412e-06
2522,4.1906890669852164e-05,4.816264988971568e-05,0.00010444955114508048,5.2224775572540245e-06
2523,3.4252842303475635e-05,3.604098281919015e-05,7.249741611303762e-05,3.624870805651881e-06
2524,8.126173889168526e-06,7.530452993912384e-06,3.89030683436431e-05,1.945153417182155e-06
2525,5.253873828771792e-05,4.8510676643310096e-05,6.527582445414737e-05,3.2637912227073688e-06
2526,5.62577365738886e-05,4.866685633281514e-05,7.329698564717546e-05,3.6648492823587734e-06
2527,0.00010599994614423085,9.181614410020962e-05,0.00013945437967777252,6.972718983888627e-06
2528,4.450894451268163e-05,2.8186028272988443e-05,5.89556984778028e-05,2.94778492389014e-06
2529,7.3807308499419835e-06,-8.398874532653929e-06,1.0723549166868906e-05,5.361774583434453e-07
2530,-3.397637318817772e-05,-4.7012846049808204e-05,-3.167019531247206e-05,-1.5835097656236031e-06
2531,-4.7391073952087375e-05,-5.756558737126281e-05,-3.604698576964438e-05,-1.802349288482219e-06
2532,-8.357786376387407e-05,-8.907826201361804e-05,-7.579302473459393e-05,-3.7896512367296965e-06
2533,5.028127840968488e-05,4.220917718384826e-05,6.326904258457944e-05,3.1634521292289722e-06
2534,0.00023779571303728737,0.0002189988386860964,0.0002266222727485001,1.1331113637425006e-05
2535,0.0001266304848612938,0.0001037438900702477,0.00010451734851812944,5.225867425906472e-06
2536,3.393946490837287e-05,1.2923016938999797e-05,-6.5734384406823665e-06,-3.2867192203411836e-07
2537,0.00013613252966948345,0.00011205512797258535,9.341106488136575e-05,4.670553244068288e-06
2538,-4.621695092811709e-05,-6.54253342418082e-05,-6.160286284284666e-05,-3.0801431421423333e-06
2539,-7.05360837602166e-05,-8.360565134789059e-05,-9.02815445442684e-05,-4.51407722721342e-06
2540,-8.394521091292964e-05,-9.024870396635692e-05,-0.00010998945799656212,-5.4994728998281065e-06
2541,-5.794280472881151e-06,-9.553247134616174e-06,-3.4838481951737776e-05,-1.7419240975868889e-06
2542,0.00013215301072376645,0.0001223212823753302,0.00013150699669495225,6.575349834747613e-06
2543,-1.541194983106853e-05,-2.488664327971144e-05,6.552810191351455e-06,3.276405095675728e-07
2544,-0.00011331863816542753,-0.00011908191276597364,-5.945366501691751e-05,-2.972683250845876e-06
2545,-0.0002938870728261268,-0.0002897731617741235,-0.00018593670392874628,-9.296835196437314e-06
2546,-0.00010364442334843855,-0.000100332654553488,1.6835097994771786e-05,8.417548997385893e-07
2547,-0.00014155998741185245,-0.00013678611052873318,-3.187450420227833e-05,-1.5937252101139167e-06
2548,-0.0002955861655796582,-0.0002823921161441245,-0.00017423357348889112,-8.711678674444556e-06
2549,-0.0004351135616038929,-0.00040855453397603097,-0.00028233532793819904,-1.4116766396909953e-05
2550,-0.0004998128588000397,-0.0004588890719102477,-0.0003188219852745533,-1.5941099263727665e-05
2551,-0.0005279841223693824,-0.00047357872664128967,-0.00032140337862074375,-1.607016893103719e-05
2552,-0.0005584317080455404,-0.0004914246294889015,-0.0003246255510021001,-1.6231277550105008e-05
2553,-0.0005075198579295435,-0.0004317920030053279,-0.0002671940019354224,-1.3359700096771122e-05
2554,-0.00043948011489592336,-0.00035976253963071036,-0.0001887496473500505,-9.437482367502527e-06
2555,-0.00028619539137022767,-0.000211299813199969,-2.2567517589777708e-05,-1.1283758794888855e-06
2556,-0.00018919531233889194,-0.00012341543660073377,6.414820381905884e-05,3.207410190952942e-06
2557,-7.464176445135984e-05,-2.154550451121154e-05,0.00014467751316260546,7.2338756581302736e-06
2558,-0.0001901517395176075,-0.00014268226770073226,1.9357310520717874e-05,9.678655260358938e-07
2559,-0.0002083633125860591,-0.00016463512150867175,-6.849011697340757e-06,-3.4245058486703785e-07
2560,-0.00016100667607783296,-0.00012178379835928402,1.6457766832900234e-05,8.228883416450117e-07
2561,-8.657303834068787e-06,2.0540690705340633e-05,0.0001342886534985155,6.714432674925775e-06
2562,-0.00012694850189389766,-0.00010165058726870868,2.4366432626266032e-05,1.2183216313133017e-06
2563,-0.00014774939431837054,-0.00012466158696206161,-8.440199508186197e-07,-4.220099754093099e-08
2564,-0.00010407996497607126,-8.460688760929467e-05,3.2674724934622645e-05,1.6337362467311323e-06
2565,-0.0002473436844402262,-0.00022404242066969784,-0.00011060174438171089,-5.5300872190855445e-06
2566,-0.0001564516391340194,-0.00013410609821557258,-1.6507903637830168e-05,-8.253951818915085e-07
2567,-0.000329094409074283,-0.00030052748293042675,-0.00015972740948200226,-7.986370474100114e-06
2568,-0.0003194323153271724,-0.0002854966905832608,-0.00014859018847346306,-7.429509423673153e-06
2569,-0.0004167975783617106,-0.0003735373203941536,-0.00023518074885942042,-1.1759037442971021e-05
2570,-0.0004052528718194361,-0.00035438022657064317,-0.00021284223475959152,-1.0642111737979577e-05
2571,-0.0004034715288295654,-0.00034655037999028104,-0.000193502550246194,-9.675127512309701e-06
2572,-0.0002588648226060961,-0.00020263551453374677,-6.912749086041003e-05,-3.4563745430205017e-06
2573,-0.00032776664259010375,-0.00026780844233862923,-0.00016085511015262455,-8.042755507631228e-06
2574,-0.0003764537114362316,-0.0003100617422744667,-0.00021983811166137457,-1.0991905583068728e-05
2575,-0.00034845862365667996,-0.00027820613118493756,-0.00017648522043600678,-8.824261021800339e-06
2576,-0.0004067402438221279,-0.0003319705389686325,-0.00019646533473860472,-9.823266736930236e-06
2577,-0.00040515276545191527,-0.0003268288771572785,-0.00018420515698380768,-9.210257849190386e-06
2578,-0.0004589326165530986,-0.0003759512674410786,-0.00021239503985270858,-1.061975199263543e-05
2579,-0.0004208107916638382,-0.0003354291496818863,-0.00017411245789844543,-8.705622894922271e-06
2580,-0.0004065230406438455,-0.0003197527385508069,-0.00015883060405030847,-7.941530202515424e-06
2581,-0.0004130709293632596,-0.0003240342663167824,-0.00017962377751246095,-8.981188875623047e-06
2582,-0.00037037906613070963,-0.00028046579612973216,-0.00015526614151895046,-7.763307075947523e-06
2583,-0.00043906191185832743,-0.00034511944468121293,-0.00022048194659873843,-1.1024097329936923e-05
2584,-0.0006256633837542951,-0.0005200073479832528,-0.00037890751264058053,-1.8945375632029027e-05
2585,-0.0006427878621736308,-0.0005262536869991495,-0.0003753803321160376,-1.876901660580188e-05
2586,-0.0006490466299198713,-0.0005235936769294459,-0.00035178850521333516,-1.758942526066676e-05
2587,-0.0007376084749215221,-0.000600193985519176,-0.00042725898674689233,-2.136294933734462e-05
2588,-0.0007043423277717576,-0.0005581768873547409,-0.00038024215609766543,-1.9012107804883273e-05
2589,-0.0006540977632930206,-0.0005027905584396303,-0.0003231217560824007,-1.6156087804120036e-05
2590,-0.0008999470629315263,-0.00073319950454217,-0.0005398388602770865,-2.6991943013854328e-05
2591,-0.0008852244064790685,-0.0007050036229411374,-0.0005195902194827795,-2.5979510974138977e-05
2592,-0.0009322693672768543,-0.0007389667798629742,-0.0005321349017322063,-2.660674508661032e-05
2593,-0.0009353343050509889,-0.000729810590487309,-0.0005354030872695148,-2.677015436347574e-05
2594,-0.0009394769086709443,-0.0007231668490300217,-0.0005263951024971902,-2.6319755124859513e-05
2595,-0.0008863775957550251,-0.0006616591979656267,-0.0004968264256604016,-2.484132128302008e-05
2596,-0.0007127077330405957,-0.00048696446082570447,-0.00036419215030036867,-1.8209607515018433e-05
2597,-0.0006373865824662673,-0.000414047400561341,-0.00030235067242756486,-1.5117533621378243e-05
2598,-0.0007207663364454565,-0.0004955118090484368,-0.00038897909689694643,-1.944895484484732e-05
2599,-0.0006322056646617274,-0.0004093746615689506,-0.00030415269429795444,-1.5207634714897723e-05
2600,-0.00048149646470953077,-0.00026737721042982245,-0.0001767806534189731,-8.839032670948655e-06
2601,-0.00036629999858959204,-0.00016448682521449457,-9.582257189322263e-05,-4.791128594661132e-06
2602,-0.00023671564461065375,-5.109622547140539e-05,-2.657315008036676e-06,-1.328657504018338e-07
2603,-0.0002026972752871621,-3.247207052107183e-05,2.9596533295261906e-06,1.4798266647630954e-07
2604,-0.0002365432813443731,-7.784368636155266e-05,-5.12142178195063e-05,-2.5607108909753155e-06
2605,-0.00030596870304971805,-0.00015518152985501897,-0.00010342791938455775,-5.171395969227888e-06
2606,-0.00040328126536717915,-0.00025579454416603547,-0.00018032744992524385,-9.016372496262193e-06
2607,-0.00029549681160156484,-0.00015670590197330576,-6.335685611702502e-05,-3.167842805851251e-06
2608,-5.4579551288415336e-05,6.576116403697528e-05,0.00014363465015776455,7.181732507888228e-06
2609,0.00010931688512653014,0.00020719120599891017,0.0002456128131598234,1.2280640657991172e-05
2610,1.5190336988535904e-05,9.860838296548479e-05,0.00011510918557178229,5.755459278589115e-06
2611,-0.0001635649876457436,-8.406495328558246e-05,-6.999744073254988e-05,-3.499872036627494e-06
2612,-0.00023002546872736228,-0.0001509550896841148,-0.0001254897506441921,-6.274487532209605e-06
2613,-0.0003125694752127188,-0.00023053196311122084,-0.0001870139385573566,-9.35069692786783e-06
2614,-0.0003272903720164282,-0.00024186441212262569,-0.00019617751240730286,-9.808875620365143e-06
2615,-0.00036012333065828434,-0.0002709184614724608,-0.00020755788136739284,-1.0377894068369643e-05
2616,-0.00021297096278574996,-0.00012794629701455917,-5.3408268286148086e-05,-2.6704134143074044e-06
2617,1.0764789799685854e-05,8.076631114713324e-05,0.00016558641800656915,8.279320900328457e-06
2618,-0.00015619541899570264,-9.140954556962274e-05,-1.516313204774633e-05,-7.581566023873165e-07
2619,-9.715837532493275e-05,-3.9014281539305815e-05,2.430530366837047e-05,1.2152651834185237e-06
2620,-4.802954097035171e-05,2.4047748999922838e-06,5.629406950902194e-05,2.814703475451097e-06
2621,-3.906782981155073e-05,4.664190664435326e-06,4.768895450979471e-05,2.3844477254897356e-06
2622,0.00010081023673627192,0.0001340317326631127,0.00013446802040562034,6.723401020281017e-06
2623,1.3968373166086831e-06,3.066316875084416e-05,1.748985960148275e-05,8.744929800741375e-07
2624,0.00010594412841723275,0.00012896593620830167,7.239990372909233e-05,3.6199951864546167e-06
2625,0.0001196896940680067,0.00013733273966268556,6.454211688833311e-05,3.227105844416656e-06
2626,9.542296264616142e-05,0.00011053929923016924,1.6266694728983566e-05,8.133347364491783e-07
2627,7.106004953705421e-05,8.514861604011315e-05,-7.969663784024306e-06,-3.984831892012153e-07
2628,1.0214583159389733e-05,2.5835867003111376e-05,-5.604294710792601e-05,-2.8021473553963006e-06
2629,-0.00012545843488085448,-0.0001027763550897709,-0.00016695512749720365,-8.347756374860183e-06
2630,-1.7849784224233578e-05,5.764259847713838e-06,-5.145515387994237e-05,-2.5727576939971186e-06
2631,-3.807496067213407e-05,-1.3171725592591893e-05,-6.229918653843924e-05,-3.114959326921962e-06
2632,2.2391038389608546e-05,4.589085959065406e-05,-1.1208429896214511e-05,-5.604214948107256e-07
2633,-5.1781283577618653e-05,-2.6238195624011207e-05,-7.992559403646737e-05,-3.996279701823369e-06
2634,-0.00012896157448722,-9.810749899983271e-05,-0.0001472801377531141,-7.364006887655705e-06
2635,-3.307556305035551e-05,-1.4628950708802872e-06,-6.227196718100458e-05,-3.1135983590502293e-06
2636,-0.0001325180251664934,-9.590271679640782e-05,-0.00015031910152174532,-7.515955076087266e-06
2637,-0.00020524094432089723,-0.00016121405739351062,-0.00020359738846309483,-1.0179869423154742e-05
2638,-0.0002461094061985082,-0.00019428234275640192,-0.00021964065672364086,-1.0982032836182044e-05
2639,-0.00035293263087661237,-0.0002899035656885031,-0.000298530823783949,-1.4926541189197452e-05
2640,-0.000451726673285129,-0.00037491299734460955,-0.00036533412639983,-1.82667063199915e-05
2641,-0.000576835128470739,-0.0004827793462131212,-0.00045365342521108687,-2.2682671260554344e-05
2642,-0.00043639210039551896,-0.000333029950921013,-0.000318999431328848,-1.59499715664424e-05
2643,-0.0003298103643363813,-0.00022387320985619221,-0.00020259726443327963,-1.0129863221663982e-05
2644,-0.0002002457990633399,-9.721343105578318e-05,-0.00010246262536384165,-5.123131268192083e-06
2645,-0.0003196313412444285,-0.0002135264872497845,-0.00022280194389168173,-1.1140097194584087e-05
2646,-0.00034788205030417444,-0.0002368133836184656,-0.0002639144950080663,-1.3195724750403316e-05
2647,-0.0002879475847125352,-0.00017562781633623486,-0.00019573431927710772,-9.786715963855386e-06
2648,-0.0003336995140431062,-0.00021885827166794503,-0.00022467641974799335,-1.1233820987399668e-05
2649,-0.0003419083212862505,-0.00022443603706461107,-0.0002306657552253455,-1.1533287761267275e-05
2650,-0.00020944152128523976,-9.564680823046797e-05,-0.00010849842510651797,-5.4249212553258985e-06
2651,-0.00011162962546189813,-5.347928052227256e-06,-2.9749076929874718e-05,-1.487453846493736e-06
2652,-0.0002103214152337883,-0.00010641684767070729,-0.00012439372949302197,-6.219686474651099e-06
2653,-0.0003153052627465624,-0.00020882976642629358,-0.00021796353394165635,-1.0898176697082818e-05
2654,-0.0004117065186953108,-0.00029935887928457733,-0.00028442437178455293,-1.4221218589227648e-05
2655,-0.0003611501852893114,-0.00024808254882533175,-0.00018724890833254904,-9.362445416627453e-06
2656,-0.00038214697169977905,-0.0002683500077101584,-0.000190375663805753,-9.51878319028765e-06
2657,-0.0004320726995513874,-0.00031554689861819346,-0.00023219692229758948,-1.1609846114879475e-05
2658,-0.00035380085277178963,-0.00023904736348329822,-0.0001455225283280015,-7.2761264164000755e-06
2659,-0.0005461989352332346,-0.00042537207665700635,-0.0003019946161657572,-1.509973080828786e-05
2660,-0.0005508896310418086,-0.00042462761134924923,-0.00029495786293409765,-1.4747893146704882e-05
2661,-0.0002445023275248787,-0.00012870058140198063,1.548666477901861e-05,7.743332389509306e-07
2662,-0.00021772845018234045,-0.00011338990173930185,4.284898022888228e-05,2.1424490114441142e-06
2663,-0.0001661286566518718,-7.323213116922768e-05,5.634383705910295e-05,2.817191852955148e-06
2664,-0.00035572679614096967,-0.000263683440781138,-0.00013900890189688653,-6.9504450948443265e-06
2665,-0.00037616427795561595,-0.00028405290151660195,-0.00015033093222882599,-7.5165466114413e-06
2666,-0.0005465624871239471,-0.0004473179363071669,-0.00028898738673888147,-1.4449369336944075e-05
2667,-0.0005092469855948041,-0.0004070740309639601,-0.00021080598526168615,-1.0540299263084309e-05
2668,-0.0006855006772456988,-0.0005737771073854845,-0.0003483520704321563,-1.7417603521607818e-05
2669,-0.0007008892084930416,-0.0005793850264373137,-0.00036417253431864083,-1.8208626715932042e-05
2670,-0.0006636154642742162,-0.0005350276306175227,-0.0003240142541471869,-1.6200712707359344e-05
2671,-0.0005437994039508216,-0.0004130517894720288,-0.00023767753737047315,-1.1883876868523658e-05
2672,-0.0006163486503500525,-0.00048015372639870235,-0.00031016216962598264,-1.5508108481299133e-05
2673,-0.00038000531636384565,-0.00024853466220425797,-0.00011459105007816106,-5.7295525039080535e-06
2674,-0.00035780688318518824,-0.00023260342684146786,-8.214857371058315e-05,-4.107428685529158e-06
2675,-0.000422422498560825,-0.00030020134917786516,-0.00014115715748630464,-7.057857874315233e-06
2676,-0.0005811606292447376,-0.00045480281671946303,-0.0002780862560030073,-1.3904312800150366e-05
2677,-0.0005273636760824303,-0.0003992127296068345,-0.00023314973805099726,-1.1657486902549863e-05
2678,-0.00043318961268409503,-0.00030851532156571544,-0.00013023348583374172,-6.511674291687087e-06
2679,-0.00041593195957550654,-0.0002951110129608234,-0.00012027164484607056,-6.013582242303528e-06
2680,-0.0004916439330498643,-0.0003696803269335466,-0.00021552343969233334,-1.0776171984616667e-05
2681,-0.0006273174973219271,-0.0004977637690228752,-0.0003437988634686917,-1.7189943173434587e-05
2682,-0.0007090496382273394,-0.0005693243234167092,-0.0004025392991025001,-2.0126964955125004e-05
2683,-0.0005771564610143307,-0.0004334430765479488,-0.0002914598153438419,-1.4572990767192096e-05
2684,-0.0006149507764343652,-0.00046740603192444883,-0.00029700653976760805,-1.4850326988380403e-05
2685,-0.0005744432318128468,-0.00042612524981075175,-0.00024287941050715744,-1.2143970525357873e-05
2686,-0.0004076123698370459,-0.00026701668518269635,-7.640663534402847e-05,-3.820331767201424e-06
2687,-0.0005978241117468772,-0.0004561413139611287,-0.0002464111603330821,-1.2320558016654105e-05
2688,-0.0007303434383405625,-0.0005819974838220132,-0.00035662544541992247,-1.7831272270996123e-05
2689,-0.000542412790119152,-0.00039794932254088466,-0.00015168213576544076,-7.584106788272039e-06
2690,-0.0004204652480533975,-0.0002852482714781432,-4.291308869142085e-05,-2.1456544345710427e-06
2691,-0.00018447420421520625,-6.702826600931555e-05,0.0001371231337543577,6.856156687717885e-06
2692,-0.0001887019977199211,-8.648777676445289e-05,0.00010723490413511172,5.361745206755586e-06
2693,-2.8833623968730197e-05,5.339449188163557e-05,0.00022509209520649165,1.1254604760324583e-05
2694,4.3798206675790966e-05,0.00010568639333136088,0.00025982363149523735,1.2991181574761869e-05
2695,5.258364016980907e-05,9.67424572679453e-05,0.00023762750788591802,1.1881375394295901e-05
2696,-4.0648657854230896e-05,-7.174765250167322e-06,0.00012524363410193473,6.262181705096737e-06
2697,-6.487694543500323e-05,-3.876718484175287e-05,8.024166891118512e-05,4.012083445559256e-06
2698,2.8139827053206983e-05,4.3612838053159016e-05,0.00016083433001767844,8.041716500883923e-06
2699,6.025861342905891e-05,6.468346865349797e-05,0.00018510354857426137,9.25517742871307e-06
2700,-0.00013973930817328748,-0.00013619967485957286,-1.062396904671914e-06,-5.31198452335957e-08
2701,-0.00016658018757575288,-0.00016284879420688572,-1.4442470273934305e-05,-7.221235136967153e-07
2702,-1.8321110921191282e-06,-4.892749665432494e-06,0.00012818224786315113,6.409112393157557e-06
2703,-6.556966918382407e-05,-7.16646027849129e-05,6.0802594816777855e-05,3.0401297408388928e-06
2704,-0.00029344076830591017,-0.00029137161190847974,-0.00015732023166492581,-7.866011583246292e-06
2705,-0.00030451000877332204,-0.00029588747366847255,-0.00013079920609015971,-6.539960304507986e-06
2706,-0.0005161072266899806,-0.0004941595093751691,-0.0002747719408944249,-1.3738597044721247e-05
2707,-0.0004520901024567635,-0.0004233067945658511,-0.0001611769839655608,-8.05884919827804e-06
2708,-0.0003336758005418463,-0.0003049659611434699,-3.5818487958749756e-05,-1.790924397937488e-06
2709,-0.0003106404377323634,-0.0002828200245447522,-2.4325840058736503e-05,-1.2162920029368253e-06
2710,-0.0003125529707006625,-0.0002846055190330095,-4.5635235437657684e-05,-2.2817617718828843e-06
2711,-0.00034625128960098447,-0.0003161229067336398,-8.72107848408632e-05,-4.36053924204316e-06
2712,-0.0003716523432982766,-0.0003374281938130862,-0.00012781485565938056,-6.390742782969028e-06
2713,-0.00040377115279708394,-0.00036414336052814904,-0.0001588299055583775,-7.941495277918876e-06
2714,-0.0002764520457147228,-0.00023774815349687895,-3.938034569728188e-05,-1.969017284864094e-06
2715,-0.0002547922451941839,-0.00021662890960114266,-4.886274109594524e-05,-2.443137054797262e-06
2716,-0.0002591154830813599,-0.00022000839462765106,-7.871762500144541e-05,-3.935881250072271e-06
2717,-0.00019710147136779127,-0.00015927657326382999,-3.517939694575034e-05,-1.758969847287517e-06
2718,-0.0003344320864216708,-0.000291549619147011,-0.0001611043990124017,-8.055219950620085e-06
2719,-0.00031799622277090635,-0.0002719553973229606,-0.0001276977127417922,-6.38488563708961e-06
2720,-0.00029319700026740457,-0.00024690964196760035,-7.427582022501156e-05,-3.713791011250578e-06
2721,-0.0003498082170771294,-0.00030171427832030335,-0.00010755512630566955,-5.377756315283478e-06
2722,-0.0003413649750699933,-0.00029330825739072163,-7.322679448407143e-05,-3.6613397242035718e-06
2723,-0.00033880196306591674,-0.0002907210094677506,-7.539293437730521e-05,-3.769646718865261e-06
2724,-0.00025172303192179103,-0.00020695253146008289,-9.080584277398884e-06,-4.5402921386994424e-07
2725,-0.00030224766926060273,-0.000258479551501287,-5.2173880249029025e-05,-2.6086940124514516e-06
2726,-0.0002987989349173017,-0.0002557486101840137,-5.572064037551172e-05,-2.786032018775586e-06
2727,-0.0003623420005775425,-0.0003168109928296676,-0.00011817399354185909,-5.9086996770929545e-06
2728,-0.00016118102098504404,-0.00012143168257052537,4.5243916247272864e-05,2.2621958123636433e-06
2729,-0.00022218118963769054,-0.00018479137842510938,-1.828471795306541e-05,-9.142358976532705e-07
2730,-0.0002875591730927635,-0.0002481816505746742,-0.00010106178524438292,-5.053089262219146e-06
2731,-0.00014058051776205094,-0.00010562838318627295,2.6862438971875235e-05,1.343121948593762e-06
2732,-0.0001487267221888151,-0.00011717241190784378,1.0478343938302714e-05,5.239171969151358e-07
2733,-0.00014526965053442042,-0.00011678781531660285,8.861706191964913e-06,4.4308530959824567e-07
2734,-0.0001106304405389445,-8.672933627443662e-05,4.387754597701132e-05,2.1938772988505662e-06
2735,9.955996534508832e-06,2.3991843016425047e-05,0.0001558678923174739,7.793394615873694e-06
2736,0.00013346426442038234,0.000133841453890091,0.0002436016220599413,1.2180081102997065e-05
2737,0.0002098935495551915,0.0001952518102823188,0.00028859780286438763,1.4429890143219382e-05
2738,0.00017742107892614753,0.0001508315032511924,0.00024860873236320913,1.2430436618160458e-05
2739,0.0001279575699658303,9.355129222414987e-05,0.00018587491649668664,9.293745824834333e-06
2740,-7.395132718098597e-05,-0.00010665578838058742,1.0823521733982489e-05,5.411760866991244e-07
2741,-0.00022956354965432237,-0.0002538068958655952,-0.0001200362530653365,-6.0018126532668255e-06
2742,-3.1031367871604986e-05,-5.778448654136743e-05,9.291400056099519e-05,4.64570002804976e-06
2743,-0.00016926564252861556,-0.00019376250694298232,-2.336508032385609e-06,-1.1682540161928047e-07
2744,-0.00021693063694670756,-0.0002378305419923727,-3.206523251719773e-05,-1.6032616258598865e-06
2745,-0.0002593151074065094,-0.0002759047581408297,-5.069150574854575e-05,-2.5345752874272875e-06
2746,-0.0003412627321601849,-0.0003513712281051565,-9.99527910607867e-05,-4.997639553039335e-06
2747,-0.00032289201537702883,-0.00032872170968008214,-6.442960147978738e-05,-3.2214800739893692e-06
2748,-0.00029853719718913273,-0.0003025334145463622,-2.2932821593713015e-05,-1.146641079685651e-06
2749,-0.0003539385110035661,-0.0003540210086484944,-6.914788536960259e-05,-3.4573942684801297e-06
2750,-0.0003857345668080128,-0.0003809852425957155,-9.307033178629354e-05,-4.653516589314677e-06
2751,-0.0003351526997279349,-0.0003293636974885586,-2.4042099539656192e-05,-1.2021049769828097e-06
2752,-0.0006870736730954577,-0.0006656672501245722,-0.0003192092408426106,-1.596046204213053e-05
2753,-0.0006179720686838148,-0.0005862634938496044,-0.00022944511147215962,-1.1472255573607982e-05
2754,-0.0005188822184120421,-0.0004844670126770431,-9.385427256347612e-05,-4.692713628173806e-06
2755,-0.00037454211225565866,-0.00034537317633905127,5.634260378428735e-05,2.8171301892143678e-06
2756,-0.00011586053211071361,-0.00010241591854196806,0.00026761210756376386,1.3380605378188194e-05
2757,-7.816357096801868e-05,-7.902087154878403e-05,0.0002550817735027522,1.275408867513761e-05
2758,-0.0001002236146831638,-0.0001114463170738436,0.00019631597388070077,9.815798694035039e-06
2759,-0.00024703223996047077,-0.00026069510174740995,5.549965499085374e-05,2.7749827495426873e-06
2760,-6.0045914163547885e-05,-8.604717307160314e-05,0.0002625897468533367,1.3129487342666835e-05
2761,-0.00024959409026397984,-0.00027901574622038537,9.969349775929004e-05,4.984674887964502e-06
2762,-0.00024942540808420874,-0.0002814101126937864,9.177369793178514e-05,4.588684896589257e-06
2763,-0.00026850391514790094,-0.0003021359657510134,7.94723309809342e-05,3.973616549046711e-06
2764,-0.00032801793499143394,-0.000360611336764605,2.9648328563780524e-05,1.4824164281890263e-06
2765,-0.00016875632021509266,-0.00020776999969758996,0.00017930663307197392,8.965331653598696e-06
2766,-4.670490584959048e-05,-9.682473186171597e-05,0.00027944010798819363,1.3972005399409682e-05
2767,-0.00010605828366169473,-0.00016273319631703964,0.0002016515500145033,1.0082577500725166e-05
2768,-0.00013137481027170302,-0.00019169232951307216,0.00015482008166145533,7.741004083072767e-06
2769,1.569730096188563e-05,-5.247784528639744e-05,0.0002470180916134268,1.2350904580671341e-05
2770,9.541703716628123e-05,1.739041658338272e-05,0.00029780640034005046,1.4890320017002523e-05
2771,-2.5890283394337173e-05,-0.0001065665510500996,0.00016739290731493384,8.369645365746692e-06
2772,-2.7335227115655162e-05,-0.00010979848569114588,0.00015779578825458884,7.889789412729443e-06
2773,-6.481871743937798e-06,-9.20263201539637e-05,0.00018830192857421935,9.415096428710967e-06
2774,-0.00013459076116526845,-0.00021737140401075424,7.613719208166003e-05,3.806859604083002e-06
2775,-0.00018905192759048956,-0.0002670618746534332,3.5145403671776876e-05,1.7572701835888438e-06
2776,-0.0002512435692538425,-0.00032315945078098334,3.720397444340051e-06,1.8601987221700257e-07
2777,-0.00011876900095137024,-0.00019034115499667298,0.00011091736814705655,5.545868407352828e-06
2778,-3.510730594121678e-05,-0.00011018646393031332,0.00018461522995494306,9.230761497747154e-06
2779,-8.684364768955854e-05,-0.00016215982987462195,0.00012135336146457121,6.067668073228561e-06
2780,-0.00022715022786627963,-0.0002958217034121772,-1.5234612874337472e-05,-7.617306437168737e-07
2781,-0.00010659709094292781,-0.00017290330616369533,6.430337816709653e-05,3.2151689083548264e-06
2782,-9.787724764397096e-05,-0.00016385387082940074,0.00010040928464150056,5.020464232075029e-06
2783,-5.0594851677151164e-05,-0.00011977225572249775,0.0001689368800725788,8.44684400362894e-06
2784,-0.00011125132753652303,-0.00018171818735930804,0.00013302327715791762,6.651163857895881e-06
2785,-0.00018845117034387677,-0.00025765056172765045,8.402005187235773e-05,4.2010025936178865e-06
2786,-0.0001336507694222966,-0.00020425740245724934,0.000137099385028705,6.85496925143525e-06
2787,-7.635279405689663e-05,-0.00015153355258125685,0.00020164475427009165,1.0082237713504584e-05
2788,8.649551268866526e-05,-7.885129158350929e-07,0.00035718895378522575,1.785944768926129e-05
2789,0.00011733032172747809,1.8659561343384883e-05,0.0003569752734620124,1.784876367310062e-05
2790,9.195343781938806e-05,-1.442956893427869e-05,0.00030030900961719453,1.5015450480859727e-05
2791,0.00019400353718238637,7.720546386167512e-05,0.0003686968993861228,1.8434844969306143e-05
2792,0.00017334937962937822,4.891477727113012e-05,0.0003291648463346064,1.645824231673032e-05
2793,0.00024064969129009053,0.00010667584690603169,0.00038124213460832834,1.9062106730416417e-05
2794,0.00019115786190474816,5.126613214841747e-05,0.00032395232119597495,1.6197616059798747e-05
2795,8.119732770753327e-05,-5.816312021792856e-05,0.00020703926566056907,1.0351963283028454e-05
2796,-0.00010467498561135544,-0.00023580329095042074,5.76578859181609e-05,2.8828942959080453e-06
2797,-0.00013024996882142758,-0.0002525445908102673,3.955372085329145e-05,1.977686042664573e-06
2798,-0.0002377007520112125,-0.00034738369271592205,-4.829217868973501e-05,-2.4146089344867506e-06
2799,-0.000157232115286264,-0.00025824109515575983,1.2853308362537064e-05,6.426654181268533e-07
2800,-9.029787961150582e-05,-0.00018648323366987816,7.431509584421292e-05,3.715754792210646e-06
2801,-8.189376429970783e-05,-0.00017444754544610903,8.717760647414252e-05,4.358880323707127e-06
2802,-3.062090733780999e-05,-0.00012219125087149964,0.0001322754251305014,6.61377125652507e-06
2803,7.238817013079767e-05,-2.2604884113879284e-05,0.00021671937429346144,1.0835968714673073e-05
2804,0.00017161583812324362,7.003198647759543e-05,0.0002825429255608469,1.4127146278042348e-05
2805,0.00020782836657351223,9.952828617376322e-05,0.00029278473812155426,1.4639236906077714e-05
2806,0.0001449798288540171,3.4416509229260875e-05,0.00021361946710385382,1.0680973355192691e-05
2807,0.0002153294444469256,0.00010130568607172675,0.0002439693344058469,1.2198466720292345e-05
2808,4.202734832699427e-05,-6.738933799748605e-05,8.886813884600997e-05,4.443406942300499e-06
2809,-1.7062848411591253e-07,-0.00010273533726185646,4.230926060699858e-05,2.115463030349929e-06
2810,3.593746343531249e-05,-6.105344429481418e-05,6.0984777519479394e-05,3.0492388759739698e-06
2811,4.2176951260323066e-05,-4.9642289301425985e-05,6.136202864581719e-05,3.0681014322908597e-06
2812,5.4809758217533494e-05,-3.2803038221241944e-05,7.307442865567282e-05,3.653721432783641e-06
2813,6.676877069819387e-05,-1.7255485248640264e-05,7.877889584051445e-05,3.938944792025723e-06
2814,0.0001832761850564316,9.898193612746695e-05,0.0001502545492257923,7.512727461289615e-06
2815,0.0003764052802575711,0.00028383126148730475,0.0003088642260991037,1.5443211304955186e-05
2816,0.00031410379601100167,0.00021854840743658802,0.00021068801288492978,1.0534400644246489e-05
2817,0.00038989793158208415,0.0002894298013970114,0.00025555703905411065,1.2777851952705533e-05
2818,0.00033294263733338894,0.00023010355556677992,0.00021226477110758424,1.0613238555379213e-05
2819,0.0004403595436097771,0.00033115915473962344,0.000297654332825914,1.4882716641295701e-05
2820,0.00024159383749492542,0.0001349327783263194,0.00012837354734074324,6.4186773670371625e-06
2821,0.00011260743517385771,1.4318567872807347e-05,1.30006064864574e-05,6.5003032432287e-07
2822,-6.482363200066603e-05,-0.0001485368813006074,-0.00011832344898721203,-5.916172449360602e-06
2823,8.330193826785021e-05,5.731599934072867e-06,3.3734311728039756e-05,1.686715586401988e-06
2824,0.0001204423956074363,4.6344039454226496e-05,7.515128527302295e-05,3.7575642636511476e-06
2825,-7.588963345622961e-06,-7.264980359028117e-05,-4.382647239253856e-05,-2.1913236196269284e-06
2826,-3.339983066351626e-05,-8.937984727824434e-05,-5.614221663563512e-05,-2.807110831781756e-06
2827,-8.045579956118441e-05,-0.00012749871429097427,-6.623946683248505e-05,-3.3119733416242527e-06
2828,-6.673255601677914e-05,-0.00010658297897038554,-4.4795517169404775e-05,-2.239775858470239e-06
2829,7.459666671745911e-06,-2.8912310839733463e-05,1.7520871551823802e-05,8.760435775911902e-07
2830,-4.13290752520766e-05,-7.086666374862245e-05,-5.74037003389094e-05,-2.8701850169454704e-06
2831,-3.229242809508369e-05,-5.388840276208665e-05,-8.904987043933943e-05,-4.452493521966972e-06
2832,0.00014130864020654355,0.00011961962936685714,6.038791252649389e-05,3.0193956263246947e-06
2833,9.951512017913528e-05,7.911650540111329e-05,2.859470077964943e-05,1.4297350389824715e-06
2834,4.852906022373671e-05,3.120931451162785e-05,-9.923714969772846e-06,-4.961857484886423e-07
2835,0.0001665647691286427,0.00014636814245552783,0.00010521955118747428,5.260977559373714e-06
2836,0.0001442861203097129,0.00012166905788176384,9.744489943841472e-05,4.872244971920736e-06
2837,1.2923614381290835e-05,-6.347059811936178e-06,-1.4936702427803539e-05,-7.46835121390177e-07
2838,0.00014695066608584817,0.000125260575715417,9.833418880589306e-05,4.916709440294653e-06
2839,9.76301287156223e-05,7.533325261407085e-05,6.373339419951662e-05,3.1866697099758315e-06
2840,0.00016474238780875023,0.00013873604867263304,0.00012709353177342564,6.354676588671283e-06
2841,7.100102726842112e-05,4.588829967282465e-05,3.923326949006878e-05,1.961663474503439e-06
2842,0.00011720018683345199,9.161418748734758e-05,6.740565731888637e-05,3.3702828659443186e-06
2843,0.00010844783212249119,8.276637178296735e-05,6.072708856663667e-05,3.0363544283318333e-06
2844,6.093089848199075e-05,3.706843628065254e-05,2.296553793712519e-05,1.1482768968562596e-06
2845,-0.00012159390186524768,-0.00013649463961629314,-0.00012136068107793108,-6.068034053896554e-06
2846,0.00010175044097795255,8.375833046945193e-05,0.0001104968978324905,5.524844891624525e-06
2847,4.7005316928270474e-05,2.784876440243859e-05,7.151351746870205e-05,3.5756758734351026e-06
2848,8.003200532208791e-05,5.9004996424383657e-05,8.666875510243699e-05,4.33343775512185e-06
2849,1.3599886469564514e-05,-6.030309946815582e-06,2.3616195903741755e-05,1.1808097951870878e-06
2850,4.4873481610413587e-05,2.522290112653221e-05,5.155610051588155e-05,2.5778050257940777e-06
2851,0.00019862804343465345,0.00017252334017893724,0.0001801726466510445,9.008632332552224e-06
2852,3.8888174138551734e-05,1.37893188551266e-05,3.731805918505415e-05,1.8659029592527077e-06
2853,1.3042168356105356e-05,-1.0188697330715896e-05,2.1619716790155508e-05,1.0809858395077754e-06
2854,-5.9011959695449135e-05,-7.798118870141795e-05,-2.7386526198824868e-05,-1.3693263099412435e-06
2855,1.9084982059883303e-05,1.6439493642588289e-06,2.2785839973948896e-05,1.1392919986974448e-06
2856,4.6802194813043617e-05,3.0447235787544805e-05,2.849495103873778e-05,1.424747551936889e-06
2857,0.00018767674970944005,0.00016753120211294322,0.00012384050933178514,6.192025466589257e-06
2858,0.00012536748521002635,0.00010550532987904385,4.528342469711788e-05,2.264171234855894e-06
2859,0.0001277037074258612,0.00010802505081290188,4.819961395696737e-05,2.4099806978483687e-06
2860,1.9757086625210525e-05,4.92950792630207e-06,-4.490292849368416e-05,-2.245146424684208e-06
2861,-8.499804186466573e-05,-9.048301627973695e-05,-0.0001392902049701661,-6.964510248508304e-06
2862,-0.0001775242260090015,-0.00017198940251771645,-0.00018362315313424915,-9.181157656712459e-06
2863,-0.00018983576603617567,-0.00017487228203297184,-0.00016664103895891458,-8.332051947945729e-06
2864,-2.077628690127682e-05,-4.915107276165703e-06,-1.09018610601197e-05,-5.45093053005985e-07
2865,-4.614403938561574e-05,-2.8242790134086264e-05,-4.036612153868191e-05,-2.0183060769340955e-06
2866,4.434293754449088e-05,6.104282020812322e-05,1.9885192159563303e-05,9.942596079781651e-07
2867,0.00017944215748100668,0.00018914314358418758,0.00013518882042262703,6.759441021131352e-06
2868,0.00011784914904921762,0.00012388991022155068,7.492516306228936e-05,3.746258153114468e-06
2869,0.0001992783103959062,0.00019876606075804368,0.00013879730249755085,6.939865124877543e-06
2870,0.00033889439806314913,0.0003258849912165691,0.00026634198729880154,1.3317099364940078e-05
2871,0.00027212893777559075,0.00025130083315640073,0.00018826412269845605,9.413206134922804e-06
2872,0.0003759296647196359,0.0003433707536840354,0.0002800947695504874,1.400473847752437e-05
2873,0.00046744393617010834,0.0004208626774713617,0.00034263069392181933,1.7131534696090968e-05
2874,0.0003123172281877933,0.00026068149105020323,0.00018344794807489961,9.172397403744982e-06
2875,0.00015703220816957057,0.00010852188295563868,3.266359635745175e-05,1.6331798178725878e-06
2876,0.00035842832869557596,0.00030251379504552293,0.00024530451628379524,1.2265225814189762e-05
2877,0.0003107862038138794,0.0002498000523620075,0.0002068403409793973,1.0342017048969865e-05
2878,0.00027128569427536774,0.00020879033986511124,0.00014387982082553208,7.193991041276605e-06
2879,0.00020810094696629763,0.00014730826225743562,8.45158429001458e-05,4.2257921450072905e-06
2880,7.879735288916656e-05,2.5537427058662972e-05,-3.164132795063779e-05,-1.5820663975318895e-06
2881,0.00019791940915113754,0.0001461399021390189,8.246927609434351e-05,4.123463804717176e-06
2882,0.00016040931059276445,0.00011099360145305725,6.0916176153114066e-05,3.0458088076557034e-06
2883,0.00034248764333064623,0.00028693297867552576,0.0002273842110298574,1.1369210551492871e-05
2884,0.0004201869953334331,0.0003558999286698633,0.0002840584784280509,1.4202923921402544e-05
2885,0.000486957710721572,0.00041266200047703947,0.00032014588941819966,1.6007294470909985e-05
2886,0.0002381369258310852,0.00016705009604653986,6.983491039136425e-05,3.4917455195682126e-06
2887,0.00029352027825792345,0.00022357115178100095,0.00011378191265976056,5.689095632988029e-06
2888,0.00026732985287596247,0.00019878939058580778,0.00010849371028598398,5.4246855142992e-06
2889,0.0001550817103881087,9.242982728070819e-05,1.7844073227024637e-05,8.922036613512319e-07
2890,7.462330245821146e-05,1.9255382933158396e-05,-1.5938563592499122e-05,-7.969281796249561e-07
2891,8.168749936837511e-05,3.192905521179803e-05,8.450863788311835e-06,4.225431894155918e-07
2892,0.00024304118192705086,0.00019169637702216245,0.0001430012343917042,7.15006171958521e-06
2893,0.000144496185869145,9.634238424137534e-05,4.474796514841728e-05,2.237398257420864e-06
2894,0.00013683624310347484,9.171707976042188e-05,4.334252298576757e-05,2.1671261492883786e-06
2895,0.00018000294877212357,0.00013504909148545678,9.546442743157968e-05,4.773221371578984e-06
2896,0.0002517880257120222,0.00020369029369091056,0.00015859298582654446,7.929649291327223e-06
2897,0.0003557357730502147,0.00030099152275493154,0.00022922857897356153,1.1461428948678077e-05
2898,0.00023946643423903026,0.00018482120176801226,0.00010017983004217967,5.008991502108984e-06
2899,8.038740426656806e-05,3.429972815050622e-05,-6.700737139908597e-05,-3.3503685699542986e-06
2900,0.00016094935609565353,0.00011993275728006484,-5.334673915058374e-06,-2.667336957529187e-07
2901,5.71890732407404e-05,2.5921283469741774e-05,-0.00010699337144615129,-5.349668572307565e-06
2902,0.0001451054616806699,0.00011920101231012754,-3.233589086448774e-05,-1.616794543224387e-06
2903,0.0001231283719672965,0.00010324946062313233,-5.619910007226281e-05,-2.8099550036131406e-06
2904,0.00020406243658003316,0.0001869745533135629,-2.195320803366485e-06,-1.0976604016832426e-07
2905,0.0003869676017932657,0.0003642979069204773,0.00015692580200266093,7.846290100133048e-06
2906,0.0003129299283713743,0.0002884301752746615,8.28881238703616e-05,4.14440619351808e-06
2907,0.0003821908857507116,0.00035116505921044223,0.0001774519623722881,8.872598118614406e-06
2908,0.0003011092733009642,0.00026639950236845224,0.00012602703645825386,6.3013518229126935e-06
2909,0.0003404138174016515,0.00029999731609349327,0.00017082277918234468,8.541138959117233e-06
2910,0.00019141843908961634,0.0001524420225521739,3.4407385101076216e-05,1.7203692550538108e-06
2911,0.00015086401131283908,0.0001145328049066512,1.0891819329117425e-05,5.445909664558712e-07
2912,0.0001638494153876293,0.0001286148592584047,3.8957914512138814e-05,1.9478957256069407e-06
2913,8.873201398352823e-05,5.816746053994311e-05,-3.4940330806421116e-05,-1.7470165403210558e-06
2914,0.00020451559177683218,0.00017307745552596848,6.9728288508486e-05,3.4864144254243003e-06
2915,0.00033442253238714074,0.00029680539377811057,0.0001736717385938391,8.683586929691956e-06
2916,0.0004904447832410097,0.00044110699028616923,0.00029006533441133797,1.4503266720566899e-05
2917,0.000433545486787356,0.00037684530112878434,0.00021640252089127898,1.082012604456395e-05
2918,0.00032528180989202645,0.00026781963975288715,9.669927385402843e-05,4.834963692701422e-06
2919,0.0004925920986197823,0.0004273019287062683,0.000243459377088584,1.2172968854429201e-05
2920,0.00038364728460048715,0.00031671897788627474,0.00012933940161019564,6.4669700805097825e-06
2921,0.00036099590357214974,0.0002938062416196965,0.00010709047637647018,5.354523818823509e-06
2922,0.00028364759011861087,0.00021919887917002312,4.931741932523437e-05,2.4658709662617187e-06
2923,0.0002419072453254066,0.00018214462704543228,8.621890629001427e-06,4.310945314500714e-07
2924,0.00019340231621411372,0.00014032631791390305,-3.662268863990903e-05,-1.8311344319954515e-06
2925,0.00012932911495038837,8.494344465855315e-05,-8.518747927155346e-05,-4.259373963577673e-06
2926,0.0002287925085270729,0.00018800361557233376,5.003783371648751e-06,2.501891685824376e-07
2927,0.0004002217410715418,0.00035396223367279816,0.0001783985790098086,8.91992895049043e-06
2928,0.000423006618963758,0.00037086935783345673,0.00018881447613239288,9.440723806619646e-06
2929,0.0005772349607323946,0.000512405710109885,0.00033167359651997685,1.6583679825998843e-05
2930,0.0005795591595850718,0.0005032586636881195,0.0003220913640689105,1.6104568203445524e-05
2931,0.0005925969963936137,0.0005065033870970027,0.0003053306427318603,1.5266532136593015e-05
2932,0.0005419869008943254,0.0004511401842654459,0.00022045549121685326,1.1022774560842664e-05
2933,0.0005481268060849408,0.00045392715492341125,0.0002031491749221459,1.0157458746107295e-05
2934,0.0005194305064343472,0.0004232516703582076,0.00018301517411600798,9.150758705800399e-06
2935,0.000396841733006029,0.00030396199547265103,8.217491995310411e-05,4.1087459976552054e-06
2936,0.00020709279330596907,0.0001257429741534654,-8.38393098092638e-05,-4.19196549046319e-06
2937,9.387128991853305e-05,2.698156732042938e-05,-0.0001541701058158651,-7.708505290793256e-06
2938,0.00012280860699167374,6.541757143180865e-05,-7.34592613298446e-05,-3.6729630664922298e-06
2939,8.60829483882244e-06,-3.6974246282694395e-05,-0.00013594978372566402,-6.797489186283201e-06
2940,-5.668315506861307e-05,-9.01370135037153e-05,-0.0001597110676812008,-7.98555338406004e-06
2941,-0.00015763956117160392,-0.00017666322599498274,-0.00022401595197152346,-1.1200797598576174e-05
2942,-0.000280481643787748,-0.00028124859881955693,-0.0003214616153854877,-1.6073080769274383e-05
2943,-0.00023145915105188118,-0.0002178774936417254,-0.0002690093533601612,-1.345046766800806e-05
2944,-0.0002066723988367863,-0.00018169784896368928,-0.0002336976322112605,-1.1684881610563026e-05
2945,-0.00016047831441873278,-0.00012792125695774346,-0.00017773901345208287,-8.886950672604143e-06
2946,-0.0001706781993543485,-0.00013139916085309794,-0.00017575050878804177,-8.787525439402089e-06
2947,-9.121094500914695e-05,-5.134798540787181e-05,-6.548187229782343e-05,-3.2740936148911715e-06
2948,-0.00013171596760488608,-8.956390758921625e-05,-0.00010507886327104643,-5.253943163552322e-06
2949,-6.476423946765887e-05,-2.303879593914997e-05,-5.524877633433789e-05,-2.7624388167168946e-06
2950,1.911859632128274e-05,5.6130598958416345e-05,2.902701271523256e-05,1.451350635761628e-06
2951,5.729021050097038e-05,8.879724257042694e-05,4.8731777496868744e-05,2.4365888748434375e-06
2952,-4.5946670791225256e-05,-1.4611477392961013e-05,-5.1229151722509414e-05,-2.561457586125471e-06
2953,8.403326655067042e-05,0.00010875487320289196,8.021077519515529e-05,4.010538759757765e-06
2954,8.005690917733394e-06,3.0598372165685647e-05,-2.1629364255204564e-06,-1.0814682127602282e-07
2955,1.5526284012504314e-05,3.716255611157654e-05,-2.0838415366597474e-05,-1.0419207683298737e-06
2956,0.00013462597629406323,0.00014944734988362637,9.899966971715912e-05,4.9499834858579565e-06
2957,-2.2925237046152426e-05,-6.287452643880439e-06,-6.604893133044243e-05,-3.3024465665221218e-06
2958,8.14761390557245e-05,9.421099286725343e-05,4.9404286983190104e-05,2.4702143491595056e-06
2959,6.913376982280856e-05,7.839953255778926e-05,4.487435580813326e-05,2.2437177904066632e-06
2960,1.6377953910555878e-05,2.561437806536199e-05,-1.9004903151653707e-05,-9.502451575826854e-07
2961,7.134038843188777e-05,7.78354766145246e-05,3.710532473633066e-05,1.855266236816533e-06
2962,7.801722891243833e-05,8.136658557780365e-05,4.854370126849972e-05,2.427185063424986e-06
2963,0.00013034169698425679,0.00012832496772629658,9.727144060889259e-05,4.8635720304446295e-06
2964,8.651948462738712e-05,8.105400419905374e-05,6.579234468517825e-05,3.289617234258913e-06
2965,-4.867793086267514e-05,-5.1638894396431194e-05,-4.728053681901656e-05,-2.364026840950828e-06
2966,-9.510998217902588e-05,-9.407877737909591e-05,-7.71645427448675e-05,-3.858227137243376e-06
2967,3.290472021195191e-05,3.087371218052769e-05,5.99934282945469e-05,2.999671414727345e-06
2968,0.00017909928915019115,0.00016840747912554062,0.00017344491789117455,8.672245894558729e-06
2969,0.00017806095593701353,0.00015955312657516305,0.00016556393529754132,8.278196764877066e-06
2970,0.00017594028792228202,0.00015119280564761183,0.00014513960923068225,7.256980461534113e-06
2971,0.00016916634964154407,0.000139008390485601,0.00013942050281912088,6.971025140956044e-06
2972,0.00018991885817687973,0.00015360823347150416,0.0001646847085794434,8.23423542897217e-06
2973,0.0001681283729356468,0.0001273592053769169,0.0001403504138579592,7.017520692897961e-06
2974,0.00024650974065370954,0.0001980752377689379,0.00021243449009489268,1.0621724504744635e-05
2975,5.6421533852597214e-05,1.096804622243025e-05,9.984981261368375e-06,4.992490630684188e-07
2976,6.606528210186222e-07,-3.924320878618681e-05,-4.027917020721361e-05,-2.0139585103606808e-06
2977,7.606727432168178e-06,-2.8881191107091415e-05,-2.4855373794707702e-06,-1.2427686897353853e-07
2978,0.00011719255101329724,7.84461217976384e-05,0.00010570676386123523,5.285338193061762e-06
2979,0.0003617719764746035,0.00031026381443020597,0.00031597280758433044,1.5798640379216523e-05
2980,0.00047754513084859743,0.00041073630239807764,0.0003792176430579275,1.8960882152896376e-05
2981,0.0005396831980444986,0.00045791946775024375,0.00039191797259263694,1.959589862963185e-05
2982,0.0004559448677945044,0.0003663968758319192,0.0002705159713514149,1.3525798567570747e-05
2983,0.00044880260007674696,0.000352596674874827,0.0002639537851791829,1.3197689258959145e-05
2984,0.0003604512997853801,0.0002627355186611515,0.0001735536498017609,8.677682490088046e-06
2985,0.0005039206370654806,0.00039737056668588525,0.00032630612258799374,1.6315306129399688e-05
2986,0.0006200907094189815,0.0005000757291420841,0.0004298874700907618,2.149437350453809e-05
2987,0.0007455192472515007,0.0006083095350577245,0.0005217454745434225,2.6087273727171124e-05
2988,0.0006758154086077861,0.0005277393208298232,0.000418464420363307,2.092322101816535e-05
2989,0.00047210250279183043,0.0003249290181520142,0.00020252847752999514,1.0126423876499758e-05
2990,0.00031248521506948483,0.0001738673901730552,5.601790326181799e-05,2.8008951630909e-06
2991,0.0003445982034917186,0.00021180004542750616,0.00010493396985111758,5.246698492555879e-06
2992,0.00029287855426651343,0.0001673117183824805,6.88342479406856e-05,3.4417123970342803e-06
2993,0.0001510247657002846,3.846233508735839e-05,-5.665239950758405e-05,-2.8326199753792026e-06
2994,6.906051070067051e-06,-8.740591501576511e-05,-0.00017792495782487094,-8.896247891243547e-06
2995,-2.4914748415553556e-05,-0.00010200391698255629,-0.0001808877568691969,-9.044387843459844e-06
2996,-6.8078770040571e-05,-0.00012869692083613226,-0.00019119192438665777,-9.55959621933289e-06
2997,1.4210881940351639e-05,-3.691674210197466e-05,-7.701579306740314e-05,-3.850789653370157e-06
2998,-4.385910183653526e-05,-8.446065471652884e-05,-0.0001164564018836245,-5.822820094181225e-06
2999,6.534256589130553e-05,2.8600972721102614e-05,-3.4939262150146533e-07,-1.7469631075073266e-08
3000,9.89345923690146e-05,6.453531707114605e-05,1.952169623109512e-05,9.76084811554756e-07
3001,0.0001850852458806193,0.0001486938951453274,9.921894525177777e-05,4.9609472625888886e-06
3002,0.0002024839032099895,0.00016426555711598575,9.446909098187461e-05,4.723454549093731e-06
3003,0.00010059312858164688,6.668832639979555e-05,-2.7225851226830855e-05,-1.3612925613415428e-06
3004,0.00011940974444768525,8.798810661871926e-05,5.804875399917364e-06,2.9024376999586823e-07
3005,-2.1942991407892816e-06,-2.6352492691023997e-05,-9.357763337902725e-05,-4.678881668951363e-06
3006,1.1173512849248765e-06,-1.640932618822253e-05,-8.941138366935775e-05,-4.470569183467887e-06
3007,-0.0001867472757846314,-0.00018952365513060852,-0.00026133531355299056,-1.3066765677649528e-05
3008,-0.00026987691317237604,-0.00025707290054003226,-0.00029589320183731616,-1.4794660091865808e-05
3009,-0.0001625218569806961,-0.00014146868380827526,-0.00017130241030827165,-8.565120515413582e-06
3010,-3.822157827618028e-05,-1.603578170322045e-05,-4.547792923403904e-05,-2.273896461701952e-06
3011,-3.372466017596353e-05,-1.0728126577300498e-05,-4.6530742110917345e-05,-2.3265371055458673e-06
3012,4.17876329575697e-05,6.283887673935458e-05,4.852294296142645e-06,2.4261471480713227e-07
3013,-4.019507844183948e-05,-1.7298648626314276e-05,-7.057806942611933e-05,-3.5289034713059667e-06
3014,7.66137586194474e-05,9.59593374017596e-05,3.560726690921001e-05,1.7803633454605007e-06
3015,6.434310884448048e-05,8.077971236345953e-05,2.547894837334752e-05,1.273947418667376e-06
3016,9.525185470520669e-05,0.00010864164550725054,3.203074084012769e-05,1.6015370420063847e-06
3017,1.8332278448306384e-05,3.302260364601354e-05,-5.0560756790218875e-05,-2.5280378395109437e-06
3018,6.475436398264881e-05,7.942250996344288e-05,-2.3762464479659684e-05,-1.1881232239829842e-06
3019,0.0001538927982836888,0.0001653855302186911,3.93982081732247e-05,1.969910408661235e-06
3020,9.543434556969665e-05,0.00010747086078875587,-3.190484858350828e-05,-1.5952424291754142e-06
3021,0.00015402541026984123,0.00016328764283093106,3.605781603255309e-05,1.8028908016276547e-06
3022,4.9866839102116425e-06,1.7825936179790343e-05,-8.791386062512174e-05,-4.395693031256088e-06
3023,-0.0002252975094671572,-0.00019860211306941977,-0.00029591628117486835,-1.4795814058743419e-05
3024,-0.00017365945164772809,-0.00013742836581422495,-0.00022398680448532104,-1.1199340224266053e-05
3025,-0.0001516140650664931,-0.00010983853415543612,-0.00015909063222352415,-7.954531611176208e-06
3026,-0.00018713365358649309,-0.00013942426346586,-0.0001781259779818356,-8.906298899091781e-06
3027,-9.117117077643561e-05,-4.246856224615461e-05,-8.95550474524498e-05,-4.47775237262249e-06
3028,7.57863739399976e-05,0.0001184843920767398,4.5335731556406245e-05,2.2667865778203124e-06
3029,-8.605868354473548e-06,3.2198378871725956e-05,-3.315198409836739e-05,-1.6575992049183697e-06
3030,6.94985987461679e-06,4.5275008310919684e-05,-1.8341168470215052e-05,-9.170584235107526e-07
3031,4.0538616522455704e-05,7.446121815759231e-05,2.3571410565637052e-05,1.1785705282818526e-06
3032,0.00013992201536430887,0.00016506453300948608,0.00011657978757284582,5.828989378642291e-06
3033,0.0002538049797394495,0.0002659332464645586,0.0002117738767992705,1.0588693839963526e-05
3034,0.00019467608576630992,0.00019842917214300994,0.00013678966206498444,6.839483103249222e-06
3035,3.6107254178182406e-05,3.997082760993971e-05,-1.7718895833240822e-05,-8.859447916620412e-07
3036,2.6882818445662654e-05,3.272923518916387e-05,-4.9334335926687345e-05,-2.4667167963343675e-06
3037,0.00013111195783589168,0.0001335635647208556,5.8618683397071436e-05,2.930934169853572e-06
3038,8.679033473651206e-05,8.69158958122757e-05,4.059718776261434e-05,2.029859388130717e-06
3039,-2.0797388316973528e-05,-1.8754577557136557e-05,-4.0729551983531564e-05,-2.0364775991765785e-06
3040,4.134210561970923e-06,5.86933693101379e-06,3.2596956316410797e-06,1.62984781582054e-07
3041,-8.099663987097433e-05,-7.671700671903133e-05,-5.3691172070102766e-05,-2.6845586035051386e-06
3042,-0.00011935035710526504,-0.00011087852610446151,-8.909632742870599e-05,-4.4548163714353e-06
3043,-9.411026566463521e-05,-8.298347110270947e-05,-6.339067476801574e-05,-3.1695337384007873e-06
3044,0.00015281044502884436,0.00015513970504938012,0.0001611138868611306,8.05569434305653e-06
3045,-8.087891016506248e-06,-5.478947437770429e-06,-1.3635013601742685e-05,-6.817506800871343e-07
3046,3.188523638159008e-05,3.3505939155232754e-05,1.4037459550308995e-05,7.018729775154497e-07
3047,-0.00010477899693241328,-9.810164950892374e-05,-0.0001050232895067893,-5.251164475339465e-06
3048,-6.327126991256797e-05,-5.338259245870832e-05,-7.235028897412121e-05,-3.617514448706061e-06
3049,6.890111488977743e-05,7.525419352085548e-05,5.781533764093183e-05,2.8907668820465917e-06
3050,-0.00011839826521629203,-0.0001075909010974244,-0.00010039774497272447,-5.019887248636224e-06
3051,-7.78261765559198e-05,-6.514035644524144e-05,-5.264210267341696e-05,-2.632105133670848e-06
3052,-3.54359033309324e-05,-2.3509639604546093e-05,-3.1912866234051762e-06,-1.5956433117025883e-07
3053,-6.425338135864382e-05,-5.136490742062054e-05,-3.819963967544027e-05,-1.9099819837720133e-06
3054,-6.177566761857891e-05,-4.873403098801554e-05,-2.3221731680678204e-05,-1.1610865840339104e-06
3055,-0.00015156158905296773,-0.00013450424357712667,-0.00010113151074619964,-5.056575537309982e-06
3056,-1.158141053607812e-05,2.7704835633737946e-06,2.9075323254801333e-05,1.4537661627400667e-06
3057,-5.72652291589833e-05,-4.354918372388156e-05,-1.1356505638104863e-05,-5.678252819052432e-07
3058,-7.953967895905068e-05,-6.38621950828979e-05,-6.237145134946331e-05,-3.118572567473166e-06
3059,-8.385200454247354e-05,-6.582553234298973e-05,-7.173197082011029e-05,-3.586598541005515e-06
3060,-2.7231846292760602e-05,-8.45010268467835e-06,-4.28228267992381e-05,-2.1411413399619053e-06
3061,-3.2335824761747716e-05,-1.2654215357991862e-05,-4.7653473302489147e-05,-2.3826736651244577e-06
3062,8.675042873014918e-06,2.7803548111450874e-05,-2.0284636775613762e-05,-1.014231838780688e-06
3063,0.00014278868897112798,0.0001557215383594464,9.238333586836234e-05,4.619166793418117e-06
3064,0.0001243905708561525,0.00013358973622546626,4.903853186988272e-05,2.451926593494136e-06
3065,8.019932758342348e-05,8.831006616248336e-05,1.973895223272848e-06,9.86947611636424e-08
3066,0.00020689050637806962,0.00020858516319371335,0.00011178302520420402,5.589151260210202e-06
3067,0.00031498553406124363,0.00030659041183628814,0.00019278486433904618,9.639243216952309e-06
3068,0.00021717390507746087,0.00020604815390332898,5.985186362522654e-05,2.992593181261327e-06
3069,0.0004411187546588504,0.00041975965254416754,0.0002175167901441455,1.0875839507207274e-05
3070,0.0004877984040536032,0.0004557223266115675,0.00023998321557883173,1.1999160778941587e-05
3071,0.0004950847553062501,0.000454573256518877,0.00020964308350812644,1.0482154175406322e-05
3072,0.0003747139444928464,0.0003337792917049823,6.342751294141635e-05,3.171375647070818e-06
3073,0.0004307595815116036,0.00038698092508857224,0.00011761420319089666,5.880710159544833e-06
3074,0.00045608022631466377,0.00040824298565227536,0.0001468706177547574,7.343530887737871e-06
3075,0.0004976871118988741,0.0004445496811630902,0.0001775392156559974,8.87696078279987e-06
3076,0.000513432410689378,0.0004546730352216797,0.00019134909962303936,9.567454981151968e-06
3077,0.0004566304645790777,0.000395358368756515,0.0001374393468722701,6.871967343613505e-06
3078,0.0005468358506444127,0.00047881233736535387,0.00022781331790611148,1.1390665895305575e-05
3079,0.0006129660632971934,0.0005348402654197563,0.0003035239933524281,1.5176199667621404e-05
3080,0.0005233444657817346,0.00044073125453318016,0.00020435448095668107,1.0217724047834054e-05
3081,0.000619570778127548,0.0005298547296620486,0.00026603377773426473,1.3301688886713238e-05
3082,0.0005039191498687615,0.0004137639539480011,0.0001432347926311195,7.1617396315559745e-06
3083,0.0004827867574277135,0.00039439677715488074,0.00010357487917644903,5.178743958822452e-06
3084,0.0004960502967108125,0.0004087533725741405,0.00011699548485921696,5.849774242960849e-06
3085,0.000642712543662914,0.0005497300516988122,0.0002514981897547841,1.2574909487739206e-05
3086,0.0005244748779089168,0.0004321670541651059,0.0001294044341193512,6.47022170596756e-06
3087,0.0004410626952768394,0.0003531409673475432,5.6473127187928185e-05,2.8236563593964092e-06
3088,0.00048788511100900605,0.00040121267332529354,0.00011544669541763142,5.772334770881571e-06
3089,0.00032232568675170665,0.00024426499247353934,-3.445234688115306e-05,-1.7226173440576531e-06
3090,0.00023938625099913517,0.000173129933541542,-0.00010767754429252818,-5.38387721462641e-06
3091,0.00025469390393233963,0.00019752006016162353,-6.827922334196046e-05,-3.413961167098023e-06
3092,0.0003278668590355487,0.0002749851072302708,1.2966424947080668e-05,6.483212473540334e-07
3093,0.0002601933131085739,0.0002135284971024172,-3.525942156556994e-05,-1.762971078278497e-06
3094,0.0001358988548863114,0.00010093531151589401,-0.00015469772915821522,-7.734886457910761e-06
3095,0.00030536774461124204,0.00027388624596128697,-5.39760003448464e-06,-2.69880001724232e-07
3096,0.00017858976895649626,0.0001553264032319358,-0.00010926149116130546,-5.463074558065273e-06
3097,0.00020141030565066202,0.00018359256811448048,-6.52815870125778e-05,-3.2640793506288903e-06
3098,0.0002708266773711126,0.0002534478416947885,2.518507062632125e-05,1.2592535313160626e-06
3099,0.00021084149547494042,0.00019690378581664774,-3.897829810739495e-05,-1.9489149053697475e-06
3100,0.00025820983085410456,0.00024553034552778384,-2.3420284378516953e-07,-1.1710142189258477e-08
3101,0.0003574711051599782,0.0003404624248936055,0.00010841573384823278,5.420786692411639e-06
3102,0.0006014054201621667,0.0005697873091108963,0.0003170397540088743,1.5851987700443716e-05
3103,0.0005403593569534535,0.0004987795583935533,0.00023942107509355992,1.1971053754677997e-05
3104,0.0003488850206534396,0.00030886335940299856,2.4553342882427387e-05,1.2276671441213694e-06
3105,0.00025138775317988526,0.0002178866512270098,-7.027628453215584e-05,-3.513814226607792e-06
3106,0.00033497191262887296,0.00030253146392244146,3.427947740419768e-05,1.713973870209884e-06
3107,0.00036705381940311263,0.0003342467971163023,6.002110239933245e-05,3.0010551199666224e-06
3108,0.00037928212560407217,0.00034681251506872834,4.522665039985441e-05,2.2613325199927203e-06
3109,0.0002909347502482912,0.000262950342213572,-3.8329733797581866e-05,-1.9164866898790932e-06
3110,0.00019555861477746998,0.00017647700422169488,-0.00013126528938300908,-6.563264469150454e-06
3111,0.00013481816556069887,0.00012600262055151632,-0.00016892433632165194,-8.446216816082596e-06
3112,0.00016604907248939248,0.00016438836461427967,-0.00012063615577062592,-6.031807788531297e-06
3113,6.904382598947957e-05,7.764418579108319e-05,-0.00019502994837239385,-9.751497418619693e-06
3114,7.608343694715848e-05,9.390534631232013e-05,-0.00018888749764300883,-9.444374882150441e-06
3115,0.00013848605678572234,0.00016142723638261271,-0.00012138924648752436,-6.069462324376218e-06
3116,0.00032522876740692403,0.00034270938266876003,7.968104182509705e-05,3.984052091254853e-06
3117,0.00028390841916286927,0.0002987707548117489,2.4115764972520992e-05,1.2057882486260498e-06
3118,0.00022452802784414793,0.00024070509656316444,-5.151357254362665e-05,-2.5756786271813326e-06
3119,7.828525468025144e-05,0.00010319150112680964,-0.00019992110901512206,-9.996055450756104e-06
3120,0.00018497013123350568,0.00021282493951326598,-9.282844257541001e-05,-4.641422128770501e-06
3121,0.0002651545531434407,0.000290572511560224,8.763094228925183e-06,4.381547114462592e-07
3122,0.00018671522253121338,0.00021401485476345828,-7.757804269203916e-05,-3.878902134601958e-06
3123,8.226796825767752e-05,0.00011537505577012654,-0.00015790920588187873,-7.895460294093937e-06
3124,6.600768296819274e-05,0.00010356244296052019,-0.00013704493176192045,-6.852246588096023e-06
3125,0.00016245232746266603,0.00019930042265600695,-4.069438364240341e-05,-2.0347191821201704e-06
3126,0.0001804819365462599,0.00021507585073585065,-1.1631023880909197e-05,-5.815511940454599e-07
3127,0.00032197834562251,0.00034661745549391436,0.0001438490580767393,7.192452903836966e-06
3128,0.00014993691753956446,0.00017276440295113386,-8.789781531959306e-06,-4.3948907659796535e-07
3129,7.957772681801674e-05,0.00010367800826526978,-6.4813946664799e-05,-3.2406973332399506e-06
3130,0.00027725135510954177,0.0002922989517030727,0.00014262358308769763,7.131179154384882e-06
3131,0.00018121875791346883,0.00019249934583840316,4.6052886318648234e-05,2.302644315932412e-06
3132,0.0001814766762231564,0.00019002361656524072,3.253494651289657e-05,1.6267473256448285e-06
3133,0.0002594219857568667,0.00026058645453234664,0.0001308960490860045,6.544802454300225e-06
3134,0.00032839488814481163,0.00031876082976004243,0.00020844084792770445,1.0422042396385223e-05
3135,0.00030742130358657943,0.0002890091618205735,0.00018203837680630386,9.101918840315193e-06
3136,0.0003633589613479871,0.0003347288646393806,0.0002247075899504125,1.1235379497520626e-05
3137,0.0003770044698437539,0.00033792169176972964,0.0002446203143335879,1.2231015716679394e-05
3138,0.0002576172850553358,0.0002158120327036669,0.0001059765272657387,5.298826363286935e-06
3139,0.00015646311174748764,0.00011656962246677997,2.2031086700735614e-05,1.1015543350367807e-06
3140,7.944454947347247e-05,4.401865657896786e-05,-2.7603411581367254e-05,-1.3801705790683628e-06
3141,7.358124049523148e-05,4.162173717244838e-05,-1.1350304703228176e-05,-5.675152351614088e-07
3142,0.0001332275009576866,0.00010035011961749263,7.152945181587711e-05,3.5764725907938557e-06
3143,7.210762363636219e-05,3.929864411837355e-05,5.085936209070496e-05,2.542968104535248e-06
3144,0.00012596331619768372,8.94511497650677e-05,0.00012586396769620478,6.29319838481024e-06
3145,0.00017042779985314806,0.0001286437901105094,0.00016066900570876896,8.033450285438448e-06
3146,4.9908572476742054e-05,9.766927198894163e-06,2.8813657991122454e-05,1.4406828995561228e-06
3147,0.00010104474205966784,6.085101013067081e-05,6.356384983519092e-05,3.178192491759546e-06
3148,8.529699788784354e-05,4.625138273727036e-05,3.993928476120345e-05,1.9969642380601726e-06
3149,3.087828303503505e-05,-4.64347461985001e-06,-8.545170203433372e-06,-4.272585101716686e-07
3150,0.0001537590096308249,0.00011498779448883966,0.00012312977924011648,6.156488962005824e-06
3151,0.00022504274781770645,0.0001793416765102651,0.0001984441769309342,9.92220884654671e-06
3152,0.0002578939088950657,0.0002038265540665949,0.00023455206246580929,1.1727603123290464e-05
3153,0.00037404500456907693,0.00030635128358674036,0.00035069440491497517,1.753472024574876e-05
3154,0.0003628758993200683,0.000284732698906182,0.0003045641933567822,1.5228209667839111e-05
3155,0.00020848445298528783,0.00012969927813277844,0.00012520758900791407,6.260379450395703e-06
3156,-0.0001020993172074698,-0.00016612988724271565,-0.0001755247503751889,-8.776237518759445e-06
3157,4.579983319191862e-05,-1.3213784688790826e-05,7.70171573094558e-06,3.8508578654727903e-07
3158,9.028611917022062e-05,3.2840360737155856e-05,6.725655839545652e-05,3.3628279197728265e-06
3159,-5.4776329600768355e-05,-0.00010365499543141718,-7.743466994725168e-05,-3.871733497362584e-06
3160,4.373759711329081e-05,-1.8700933193040811e-06,1.8393315258435905e-05,9.196657629217953e-07
3161,-1.838112008274621e-05,-5.939731561258895e-05,-1.4812534573138691e-05,-7.406267286569346e-07
3162,6.622082307519749e-05,2.6101467114113316e-05,5.1908213208662346e-05,2.5954106604331175e-06
3163,2.6819809049567065e-05,-1.0223783136711659e-05,4.752170752908569e-06,2.3760853764542845e-07
3164,-6.450791890255474e-05,-9.412268640583456e-05,-8.642967441119254e-05,-4.321483720559627e-06
3165,-6.166523523185773e-05,-8.554963032137614e-05,-6.113151175668463e-05,-3.056575587834232e-06
3166,-4.4502566835036355e-05,-6.489749938700581e-05,-2.509562546038069e-05,-1.2547812730190345e-06
3167,-6.286206214247729e-05,-7.883173775261516e-05,-5.047444938099943e-05,-2.5237224690499717e-06
3168,1.927521321865795e-05,3.161492401547526e-06,3.413252852624282e-05,1.7066264263121412e-06
3169,-9.412535812845414e-05,-0.00010627920109884118,-5.0332891987636685e-05,-2.5166445993818343e-06
3170,-0.00022358798320446104,-0.0002264636192284169,-0.00016140828665811568,-8.070414332905785e-06
3171,-0.00021329804738273524,-0.00020889839277763635,-0.00013214473437983543,-6.607236718991772e-06
3172,-0.0001833574449057008,-0.0001752088838386334,-7.282026490429416e-05,-3.6410132452147085e-06
3173,-0.00028747728660435127,-0.00027201276506092566,-0.00015211169375106692,-7.605584687553347e-06
3174,-0.00010994792237989315,-9.624820126197877e-05,1.9304334273329005e-05,9.652167136664502e-07
3175,-9.227534996227474e-05,-8.166278743953425e-05,4.3515832658158615e-05,2.175791632907931e-06
3176,-0.00014430987356984864,-0.00013456151565861756,1.158624627350946e-06,5.79312313675473e-08
3177,0.00013235024284389735,0.0001283425820180435,0.00026059887022711337,1.3029943511355669e-05
3178,0.00013829412994933538,0.00012151645888722502,0.0002548613410908729,1.2743067054543645e-05
3179,0.00016139630577742948,0.00013223204229135098,0.0002649962261784822,1.324981130892411e-05
3180,2.5455551288057877e-05,-8.001069284522355e-06,0.00012204997619846836,6.102498809923418e-06
3181,2.651225910828347e-05,-1.0934925110982591e-05,0.00012754491763189435,6.3772458815947175e-06
3182,-3.901520858248334e-05,-7.795521087658344e-05,8.601386070949957e-05,4.300693035474978e-06
3183,7.013273291728173e-05,2.4472226554918216e-05,0.00019538565538823605,9.769282769411802e-06
3184,-0.0001532595085460286,-0.0001948509346956337,-1.1864077350765001e-05,-5.932038675382501e-07
3185,-0.00010310312393256558,-0.00014178622081150913,1.0824900527950376e-05,5.412450263975189e-07
3186,-0.00018710549012855503,-0.0002193262581731575,-6.312922778306529e-05,-3.1564613891532645e-06
3187,4.6645412316748864e-05,1.0373088473810012e-05,0.00013990209845360368,6.995104922680184e-06
3188,1.1540612319991845e-05,-2.7684211338117357e-05,0.00011922723933821544,5.961361966910773e-06
3189,4.167288610227257e-05,-2.28898603120561e-06,0.00015843578148633242,7.921789074316622e-06
3190,2.500380229367482e-05,-2.305880368555984e-05,0.00015182254719547927,7.591127359773964e-06
3191,-1.0888118822612988e-06,-5.121869140493458e-05,0.00011765597446355969,5.882798723177985e-06
3192,-0.00011967432442195034,-0.00016632612028093124,1.143420104199322e-05,5.71710052099661e-07
3193,-0.0001290058280914348,-0.00017237497745508236,1.393721322529018e-05,6.96860661264509e-07
3194,-0.0001345018520117983,-0.00017494569573874724,1.7528689568280242e-05,8.764344784140121e-07
3195,-0.0002317762995629723,-0.00026507807795816827,-7.08473744452931e-05,-3.542368722264655e-06
3196,-0.00018340382221484255,-0.00021238045253371452,-2.285674236190971e-05,-1.1428371180954855e-06
3197,-0.0001315293234688546,-0.00015956370892188237,3.752642442123033e-05,1.8763212210615166e-06
3198,-0.00016078685503892289,-0.00018537358553158255,-1.6166413843166083e-05,-8.083206921583042e-07
3199,-0.00036741166405510837,-0.0003792639903954089,-0.0002065221342490986,-1.032610671245493e-05
3200,-0.0003686111732083331,-0.00036926961281749746,-0.00018979335436597466,-9.489667718298733e-06
3201,-0.0004720173188600439,-0.0004588311784742191,-0.0002590504300314933,-1.2952521501574665e-05
3202,-0.000566883890997921,-0.0005376492318069522,-0.0003228251589462161,-1.6141257947310806e-05
3203,-0.0006769530977942484,-0.0006295320290491096,-0.00038879967178218067,-1.9439983589109033e-05
3204,-0.0005438099966846189,-0.0004863943273284819,-0.00025167109561152756,-1.2583554780576379e-05
3205,-0.0004815726793348814,-0.0004187083785337905,-0.0001808788802009076,-9.043944010045379e-06
3206,-0.00043755777582324314,-0.00037290785458936397,-0.00012084023182978854,-6.042011591489427e-06
3207,-0.00029932483832417197,-0.00024066386738048537,2.761645009741187e-05,1.3808225048705937e-06
3208,-0.00027205352555611346,-0.00021996769953005913,4.2239626054652035e-05,2.1119813027326018e-06
3209,-0.0004082662435015464,-0.0003555806988069565,-9.396929090144113e-05,-4.698464545072057e-06
3210,-0.0004338733908145141,-0.00037960961886817035,-0.00011154235835419968,-5.577117917709984e-06
3211,-0.0004242583370083899,-0.0003698996320771218,-8.285651711048558e-05,-4.142825855524279e-06
3212,-0.000371825505790067,-0.00031941858677876297,-4.259973138687201e-05,-2.1299865693436004e-06
3213,-0.000498658569963195,-0.00044234642335924467,-0.0001583075209055096,-7.91537604527548e-06
3214,-0.0004570661683759232,-0.0003991893500683279,-0.00011495913349790499,-5.7479566748952495e-06
3215,-0.00040721422581438025,-0.0003516833434370636,-3.9813367038732395e-05,-1.9906683519366197e-06
3216,-0.00038047316336941325,-0.0003273357528646541,-3.79720950149931e-05,-1.898604750749655e-06
3217,-0.0003601626848764506,-0.00030942174533747375,-3.5454700991977006e-05,-1.7727350495988504e-06
3218,-0.00036952662314397057,-0.00032092991230228907,-3.743142951861955e-05,-1.8715714759309777e-06
3219,-0.0002342808619042304,-0.00019355157274866943,8.009726298041642e-05,4.004863149020821e-06
3220,-0.000395125212822539,-0.0003543601333668594,-6.931673851795495e-05,-3.4658369258977473e-06
3221,-0.00034878181880065726,-0.0003090136111926305,-4.61630588688422e-05,-2.30815294344211e-06
3222,-0.0001521203540350711,-0.00012338441528204525,0.00015678265481255949,7.839132740627974e-06
3223,-4.3630660785857496e-05,-2.9918391971165602e-05,0.00024818300153128803,1.2409150076564402e-05
3224,1.0075460955157285e-05,8.933372844157562e-06,0.0002638020378071815,1.3190101890359074e-05
3225,-0.00015245449942147764,-0.00015767683448234145,6.999990728218108e-05,3.4999953641090543e-06
3226,-3.9083707382714516e-05,-5.25208516449262e-05,0.00016493332805112004,8.246666402556002e-06
3227,-4.2879637443946275e-05,-6.2980595831074e-05,0.00014656450366601348,7.328225183300675e-06
3228,-8.716654094983289e-05,-0.00011093585735015506,9.795693040359765e-05,4.897846520179883e-06
3229,-9.582171652650386e-05,-0.0001221790383218898,8.422794780926779e-05,4.21139739046339e-06
3230,-0.0003014196335087229,-0.00032108075455812096,-9.593457070877776e-05,-4.7967285354388885e-06
3231,-0.000366688356343235,-0.0003780700900753284,-0.0001319899456575513,-6.5994972828775644e-06
3232,-0.00048636319182020937,-0.0004862429714149547,-0.00020615641551557928,-1.0307820775778965e-05
3233,-0.00044177886946476525,-0.0004332555670281965,-0.0001590559841133654,-7.952799205668272e-06
3234,-0.00042217143561734536,-0.00040716907274707267,-0.00013441582268569618,-6.720791134284809e-06
3235,-0.0003974346765573978,-0.00037722911792363345,-0.00012047494965372607,-6.023747482686304e-06
3236,-0.00032366693526005345,-0.0003015939224377856,-6.323320849332958e-05,-3.1616604246664796e-06
3237,-0.0004531293742693806,-0.00042409467998801286,-0.00017054908676072955,-8.527454338036479e-06
3238,-0.00035961059818679156,-0.0003278319919407494,-9.502672037342563e-05,-4.751336018671282e-06
3239,-0.0003945371062554832,-0.0003582527610507015,-0.00013630097964778543,-6.815048982389272e-06
3240,-0.0003352651139695426,-0.00029612808888243504,-0.00010992019815603271,-5.496009907801636e-06
3241,-0.00026268372768376865,-0.0002243637807716964,-4.184612043900415e-05,-2.092306021950208e-06
3242,-0.00010914700839209688,-7.829027806399709e-05,8.98373982636258e-05,4.49186991318129e-06
3243,-0.0001486289973795537,-0.00012254912388940642,4.288218406145461e-05,2.1441092030727305e-06
3244,-0.00018527732703885744,-0.00016144837776540516,-4.124028691876447e-07,-2.0620143459382235e-08
3245,-0.00030102370481526223,-0.00027364285233113047,-0.00011152439401485026,-5.576219700742513e-06
3246,-0.0003180234328113153,-0.00028660268646209155,-0.00012284376134630293,-6.1421880673151465e-06
3247,-3.285761288232214e-05,-9.849635840825472e-06,0.00012169185356469825,6.084592678234913e-06
3248,-1.691092444632837e-05,-3.1911467332860835e-06,0.00014564202865585685,7.2821014327928426e-06
3249,9.97795504550908e-06,1.5252419388471638e-05,0.00014026180724613369,7.013090362306685e-06
3250,-4.2136395104919394e-05,-4.077906906012164e-05,6.228107667993754e-05,3.1140538339968774e-06
3251,0.0001769898193141271,0.00016624376628241158,0.000234585051657632,1.1729252582881601e-05
3252,0.00037653573008009984,0.0003455579775077639,0.0004122201644349843,2.061100822174922e-05
3253,0.00034273254315542775,0.00029565888489015184,0.00035502135870046914,1.7751067935023458e-05
3254,0.0002926125473534258,0.00023478735531579217,0.0002736893657129258,1.368446828564629e-05
3255,0.0004546135272733294,0.00038083483422825124,0.0003981522168032825,1.9907610840164126e-05
3256,0.00016575938883446018,9.19255954944429e-05,0.00010375953570473939,5.18797678523697e-06
3257,0.0001247370340529923,5.4069472379829236e-05,4.8678077291697264e-05,2.4339038645848633e-06
3258,3.90503419292875e-05,-2.566801211760502e-05,-6.2112776504363865e-06,-3.1056388252181936e-07
3259,-6.882558297948969e-06,-6.45137857038494e-05,-3.419968925300054e-05,-1.7099844626500272e-06
3260,-8.206484592692212e-05,-0.00013015150432272609,-9.200265776598826e-05,-4.6001328882994135e-06
3261,-9.616886442174025e-05,-0.00013492942888576427,-0.00010001792543334886,-5.000896271667444e-06
3262,-0.00013828980591958458,-0.00016774319853460717,-0.0001132733523263596,-5.66366761631798e-06
3263,-0.00018313940631840722,-0.00020272431976423074,-0.0001386282528983429,-6.931412644917146e-06
3264,-0.00014493504188551278,-0.00015757634065885598,-9.50319881667383e-05,-4.751599408336916e-06
3265,-2.828410247915428e-05,-4.003893663501384e-05,1.3727517398365308e-05,6.863758699182654e-07
3266,-7.24212356704175e-05,-8.181780871108527e-05,-2.1253425074974075e-05,-1.0626712537487039e-06
3267,8.917103436721554e-05,7.338434362697433e-05,0.00014934322098270059,7.46716104913503e-06
3268,-2.1204648140600075e-05,-3.8196630032334603e-05,5.024200800107792e-05,2.512100400053896e-06
3269,8.631802091569905e-05,6.381895432722669e-05,0.00013926922110840678,6.9634610554203394e-06
3270,-5.932684630446995e-05,-8.089517166272965e-05,1.7088970707845874e-05,8.544485353922938e-07
3271,-0.00016363800267294367,-0.000179566503998109,-7.540058868471533e-05,-3.7700294342357667e-06
3272,-0.0002585451603153062,-0.0002667321593574087,-0.00012220114876981825,-6.1100574384909125e-06
3273,-0.00023854907920011859,-0.0002415732368290407,-7.993246254045516e-05,-3.996623127022759e-06
3274,-0.000213128935099029,-0.0002133368565066144,-4.267000258550979e-05,-2.1335001292754898e-06
3275,-0.00024215840118326577,-0.00023927420228268972,-5.5798314861021936e-05,-2.789915743051097e-06
3276,-0.00024823171954914543,-0.00024221316177039067,-6.360420229611918e-05,-3.180210114805959e-06
3277,-0.0001524011787813714,-0.00014762723971598976,1.8570213796920143e-05,9.285106898460072e-07
3278,-0.0002868563031875127,-0.00027653069803428384,-0.000118082738481462,-5.9041369240731e-06
3279,-0.0001883838412855427,-0.00017611888059151278,-5.15039027959574e-05,-2.57519513979787e-06
3280,-0.0003288780017531355,-0.00030981088515133785,-0.00015280739171430469,-7.640369585715235e-06
3281,-0.00022073958304896644,-0.00020019922189840262,-5.437873551272787e-05,-2.7189367756363937e-06
3282,-4.265210516763692e-05,-2.7941244059633908e-05,8.713306306162849e-05,4.356653153081424e-06
3283,0.00018091655354778114,0.00018103920963608678,0.0002661290345713496,1.3306451728567481e-05
3284,0.00023873496115617063,0.0002245826088865977,0.00027548676007427275,1.3774338003713638e-05
3285,0.0002292482158026009,0.00020398244497078422,0.0002321351203136146,1.1606756015680731e-05
3286,0.00013169987345386868,0.0001015323166743124,0.00012638309272006154,6.319154636003077e-06
3287,1.3432563616871956e-06,-2.763079993922105e-05,1.6412162949563935e-05,8.206081474781968e-07
3288,0.00010498638823987153,7.270622553155985e-05,0.00010991684393957257,5.495842196978629e-06
3289,0.00013320403369327944,9.669080187073367e-05,0.00013313270756043494,6.656635378021747e-06
3290,8.089937405058025e-05,4.277884722632111e-05,8.66548070916906e-05,4.33274035458453e-06
3291,0.00010186913340649222,6.190114963527631e-05,9.547259833198041e-05,4.773629916599021e-06
3292,-1.5020033144147603e-05,-5.102626368237324e-05,-1.722945671644993e-05,-8.614728358224966e-07
3293,0.00012067274085213777,8.381947720989876e-05,7.657006062800065e-05,3.828503031400033e-06
3294,8.732417022856275e-05,5.010155486445713e-05,6.707421562168747e-05,3.3537107810843736e-06
3295,0.00016836738371921552,0.0001273039490743069,0.0001370287500321865,6.851437501609326e-06
3296,0.00032203874511159945,0.000269005131160928,0.00030370469903573394,1.5185234951786697e-05
3297,0.00026122392151879523,0.00020016697674808863,0.00023815614986233413,1.1907807493116707e-05
3298,0.00018621036236462663,0.00012122901475333541,0.00016931770369410515,8.465885184705258e-06
3299,0.0003615997731248028,0.0002862340610609498,0.0003075981803704053,1.5379909018520266e-05
3300,0.0004306059171107145,0.0003427417974683392,0.00036372162867337465,1.8186081433668733e-05
3301,0.0003897885405919168,0.00029319787077706485,0.00030604659696109593,1.5302329848054798e-05
3302,0.00024781700625167095,0.00014946851154806962,0.00018230348359793425,9.115174179896712e-06
3303,0.00022850996107162284,0.00012927811807266984,0.00017287302762269974,8.643651381134988e-06
3304,0.00010042771477819057,6.185271805396036e-06,5.9739253629231825e-05,2.9869626814615914e-06
3305,0.0003041252288448968,0.00020572886525705916,0.00023977844102773815,1.1988922051386909e-05
3306,0.00032851416084390977,0.00022560953418234632,0.00025020012981258333,1.2510006490629168e-05
3307,0.0003879039552496939,0.0002792081219316598,0.00028190904413349926,1.4095452206674965e-05
3308,0.00023195371665113445,0.00012610582839073342,0.00011748114775400609,5.874057387700305e-06
3309,0.00011757212314114862,2.035011442818914e-05,2.760067445706227e-06,1.3800337228531134e-07
3310,0.00016452604819244915,7.16869715726894e-05,7.994243787834421e-05,3.99712189391721e-06
3311,0.00015284094665881818,6.266092844711396e-05,0.00010759325959952548,5.379662979976274e-06
3312,0.00019098973336979124,0.00010157113940506392,0.00014070715405978262,7.035357702989132e-06
3313,0.0004499326392639986,0.00035031988072294523,0.0003575787122827023,1.7878935614135118e-05
3314,0.0003942109839130954,0.00028794187690880674,0.0002962500730063766,1.4812503650318831e-05
3315,0.0005530490004086575,0.00043510894564207297,0.00040701779653318226,2.0350889826659113e-05
3316,0.0005720423572171642,0.0004437290390786774,0.0003968536911997944,1.9842684559989723e-05
3317,0.00044384198698467926,0.0003125951390638834,0.0002646587963681668,1.3232939818408341e-05
3318,0.0003004630902594708,0.00017313559390352718,0.00013729927013628185,6.8649635068140926e-06
3319,0.00015024259552935776,3.254125053799925e-05,2.355713331780862e-05,1.1778566658904311e-06
3320,0.0001221763438572691,1.334155025190988e-05,3.00115134450607e-05,1.5005756722530351e-06
3321,0.00015255910646222332,4.986951458047811e-05,7.291596557479352e-05,3.645798278739676e-06
3322,0.00011116399333705186,1.4815858276415038e-05,5.902261545998044e-05,2.9511307729990222e-06
3323,6.620234813816204e-05,-2.165303424511922e-05,6.406986358342692e-06,3.2034931791713466e-07
3324,3.7166460567857076e-05,-4.22240677856843e-05,-4.601633918355219e-06,-2.3008169591776095e-07
3325,9.17122881514542e-06,-6.237355224879645e-05,-4.54698056273628e-06,-2.2734902813681403e-07
3326,-5.013079215965034e-05,-0.00011186890855292893,-5.5812877690186724e-05,-2.7906438845093365e-06
3327,-3.555456586686042e-05,-8.845737400905636e-05,-5.026812505093403e-05,-2.513406252546702e-06
3328,-9.855671014120774e-05,-0.0001399434297908062,-0.0001175582583528012,-5.877912917640061e-06
3329,-0.00012706992114975272,-0.0001567656225785235,-0.00013729922648053616,-6.864961324026809e-06
3330,-0.0001885610906029142,-0.00020572406514797006,-0.00017157182446680963,-8.578591223340482e-06
3331,-0.00014987665994350855,-0.00015849876969006082,-0.00011049566091969609,-5.524783045984805e-06
3332,-0.00025780880560956934,-0.0002545811678500188,-0.00019209744641557336,-9.604872320778669e-06
3333,-0.00022499171249740866,-0.0002132070609835572,-0.00014365059905685484,-7.182529952842742e-06
3334,-0.000177928003002957,-0.00016067708113450219,-9.683788812253624e-05,-4.841894406126812e-06
3335,-0.00029602426769765325,-0.0002671408100089963,-0.0002312671858817339,-1.1563359294086695e-05
3336,-0.00037259873184524806,-0.0003298264558262708,-0.0002920392726082355,-1.4601963630411775e-05
3337,-0.00032280087759833253,-0.00027076238512057055,-0.00021921307779848576,-1.0960653889924288e-05
3338,-0.00023049275301477497,-0.0001759259377580674,-0.00010114938049810007,-5.057469024905004e-06
3339,-0.00035226064310514565,-0.00029063001327795816,-0.000200902228243649,-1.0045111412182451e-05
3340,-0.00012505940345295993,-6.530874364666342e-05,-3.257757634855807e-05,-1.6288788174279036e-06
3341,-0.00016254051928413487,-0.00010360849665623533,-5.6241311540361494e-05,-2.812065577018075e-06
3342,-0.000184881001356787,-0.00012564796346290903,-7.89993500802666e-05,-3.94996750401333e-06
3343,-0.0001579501399882623,-9.986790769718393e-05,-5.0624588766368106e-05,-2.5312294383184055e-06
3344,-0.00031346343496895245,-0.00025037874483394826,-0.00017305092478636652,-8.652546239318327e-06
3345,-0.00029501978954484713,-0.00022814870693350312,-0.00015358695236500353,-7.679347618250176e-06
3346,-0.0001473515180249034,-8.441869211676137e-05,-4.8848323785932735e-06,-2.4424161892966367e-07
3347,-7.184059725145523e-05,-1.5267540093983678e-05,4.491239451454021e-05,2.2456197257270105e-06
3348,-2.7818281476379684e-05,2.038143456996153e-05,9.166039671981707e-05,4.583019835990854e-06
3349,0.0001264129380001876,0.00016018721136278912,0.00022311796783469617,1.1155898391734809e-05
3350,0.000344646927277682,0.0003557469740668135,0.00040594517486169934,2.0297258743084967e-05
3351,7.654976856434765e-05,8.063042937757391e-05,0.00012163619976490736,6.081809988245369e-06
3352,-3.767002359259688e-05,-3.554000781114752e-05,3.80559686163906e-05,1.90279843081953e-06
3353,-7.814409321236144e-05,-7.775694928697359e-05,4.258285844116472e-05,2.1291429220582358e-06
3354,-0.00022527043049247765,-0.00022091588293538493,-6.661580118816346e-05,-3.3307900594081733e-06
3355,-0.0001435302995769835,-0.00013992707434691196,2.5802677555475384e-05,1.2901338777737694e-06
3356,-2.748022524015762e-05,-3.068315526927539e-05,0.0001468675909563899,7.343379547819495e-06
3357,-3.625393255699072e-05,-4.4846966488645284e-05,0.00012515432899817824,6.257716449908912e-06
3358,-0.0001049632433118951,-0.00011468732615076533,4.77632820548024e-05,2.3881641027401203e-06
3359,-0.00023129442734620584,-0.00023562601529149052,-7.859626930439845e-05,-3.929813465219923e-06
3360,-0.00023002750219648158,-0.00022890993723543711,-8.337728650076315e-05,-4.168864325038157e-06
3361,-0.00011904286846160653,-0.00011853144095115892,3.104075585724786e-05,1.552037792862393e-06
3362,5.953456256606575e-06,1.235510149064874e-07,0.0001437766186427325,7.188830932136625e-06
3363,-9.866625227081588e-06,-2.0025711013671058e-05,0.00010896068852161989,5.4480344260809945e-06
3364,-9.03906912142115e-05,-0.00010021642519007613,2.202525683969725e-05,1.1012628419848625e-06
3365,3.718217428877101e-05,2.3078224071916896e-05,0.00011638335126917809,5.819167563458905e-06
3366,7.741718526967443e-05,5.931872364193726e-05,0.00011572967923711985,5.786483961855993e-06
3367,9.752035574844084e-05,7.570233939570897e-05,0.00011609635112108663,5.804817556054332e-06
3368,0.0001404713870606894,0.00011271520908515982,0.0001664047158556059,8.320235792780295e-06
3369,-2.4528988078187994e-05,-5.081679085662248e-05,2.641399987624027e-05,1.3206999938120134e-06
3370,0.00011569942582154159,8.505015357961922e-05,0.00014479667879641056,7.2398339398205285e-06
3371,-4.0704273559913114e-05,-6.851234989269729e-05,5.778637387265917e-06,2.8893186936329586e-07
3372,8.314243277927055e-06,-1.9789255248781868e-05,6.778403621865436e-05,3.3892018109327185e-06
3373,-5.7996075078580585e-05,-8.392548685282603e-05,1.851211163739208e-05,9.256055818696042e-07
3374,-0.0001426216416125649,-0.00016256964077131038,-5.959916234132834e-05,-2.979958117066417e-06
3375,-0.00025312922976555987,-0.0002626974544291378,-0.00015404619625769556,-7.702309812884779e-06
3376,-0.00030123913105615553,-0.0003002659706437239,-0.00016979305655695498,-8.489652827847749e-06
3377,-0.000253455303939698,-0.0002456710226067119,-0.00011020535748684779,-5.51026787434239e-06
3378,-0.0002643983759757253,-0.00025061848078085445,-0.00010627392475726083,-5.313696237863042e-06
3379,-0.00017090817686287447,-0.0001569431502336671,-6.666075478278799e-07,-3.3330377391394e-08
3380,-8.225430782659535e-05,-7.223787310160919e-05,7.772417302476242e-05,3.886208651238122e-06
3381,2.5465662027957924e-05,2.7412100951419446e-05,0.00016231044719461352,8.115522359730677e-06
3382,-0.00015115344871145857,-0.0001478610836042386,-1.7356796888634562e-05,-8.678398444317281e-07
3383,-0.00015384187370454566,-0.00014870896944459678,-2.5264011128456332e-05,-1.2632005564228168e-06
3384,-1.7148170141209084e-05,-1.6741775230086998e-05,0.00010502844088478014,5.2514220442390074e-06
3385,-2.6040458578152534e-05,-3.019477918247948e-05,0.00010589900921331719,5.29495046066586e-06
3386,0.00015281799978502926,0.00013693544048671094,0.0002552922524046153,1.2764612620230764e-05
3387,7.600434839612632e-05,5.317913771987801e-05,0.00017333615687675774,8.666807843837887e-06
3388,0.00010514479250919772,7.487484940028802e-05,0.00019546056864783168,9.773028432391584e-06
3389,9.689734109461202e-05,5.964680913748606e-05,0.00019813784456346184,9.906892228173093e-06
3390,0.00012683207537373864,8.202913789598379e-05,0.00022106399410404265,1.1053199705202134e-05
3391,8.686575336806164e-05,3.7861839983182744e-05,0.00016593001782894135,8.296500891447068e-06
3392,-4.224073880204115e-06,-5.2758723908630386e-05,8.133719529723749e-05,4.066859764861875e-06
3393,-7.906737971940268e-05,-0.00012391016764243715,1.998399784497451e-05,9.991998922487256e-07
3394,-0.00010226771656008702,-0.00014291756075015752,7.736047336948104e-06,3.868023668474052e-07
3395,3.7081240731356364e-05,-7.262687724333867e-06,0.000160713549121283,8.03567745606415e-06
3396,-3.2693044392204085e-05,-7.797306244347118e-05,0.00010749276407295838,5.374638203647919e-06
3397,0.00017039649792520228,0.00011417684485981343,0.00030938893905840814,1.5469446952920408e-05
3398,0.00018788800973410462,0.00012145826844194435,0.0003063337644562125,1.5316688222810627e-05
3399,0.00012911118167136762,5.721139523372189e-05,0.00022610914311371744,1.1305457155685873e-05
3400,0.00012872913089416075,5.2228875675342177e-05,0.00021987479703966528,1.0993739851983265e-05
3401,0.00018485200285998335,0.00010118839470443866,0.00028015737188979983,1.4007868594489992e-05
3402,0.0002046451334239277,0.00011286779862323607,0.00030989115475676954,1.549455773783848e-05
3403,0.00018313487382711462,8.4688175588465e-05,0.0002933342184405774,1.466671092202887e-05
3404,4.936726341501596e-05,-4.9207963837804184e-05,0.00017408424173481762,8.704212086740882e-06
3405,0.00014035434195885493,3.680003839223297e-05,0.00027602084446698427,1.3801042223349214e-05
3406,8.534117500997633e-05,-2.1110573581703556e-05,0.0002415054914308712,1.207527457154356e-05
3407,0.0001613879359136083,4.9712414688730784e-05,0.00029397683101706207,1.4698841550853104e-05
3408,6.850229926616802e-05,-4.300493841491179e-05,0.0001939113426487893,9.695567132439465e-06
3409,9.844997062070723e-05,-1.3024688064808952e-05,0.00019986509869340807,9.993254934670404e-06
3410,5.601691997968608e-05,-5.363400647458321e-05,0.0001656807289691642,8.28403644845821e-06
3411,2.4514217407378547e-05,-8.317551369831854e-05,0.00016221270198002458,8.110635099001228e-06
3412,5.340325002473395e-05,-5.336466855898842e-05,0.00018124005873687565,9.062002936843782e-06
3413,0.00010005198297226842,-6.39330620906157e-06,0.0001920710492413491,9.603552462067456e-06
3414,0.00012715273289057953,2.082706783312507e-05,0.00019579101353883743,9.789550676941872e-06
3415,6.747215400691901e-05,-3.529871189235602e-05,0.00012725434498861432,6.3627172494307165e-06
3416,2.7396506524735726e-05,-7.072789946533101e-05,0.00010243291762890294,5.121645881445147e-06
3417,-0.00010284607604022583,-0.00019144328818145474,-4.5292722461454105e-07,-2.2646361230727052e-08
3418,-0.0002221671423272136,-0.00029716101732649326,-9.289420995628461e-05,-4.644710497814231e-06
3419,-6.686671543100996e-05,-0.00013709982243115718,6.687173299724236e-05,3.3435866498621184e-06
3420,-3.063222254363522e-05,-9.959506797257574e-05,0.00012555919238366187,6.277959619183094e-06
3421,1.0740429236959094e-05,-5.8429536990169154e-05,0.0001494219759479165,7.471098797395825e-06
3422,0.00012292819944304773,4.849062564708023e-05,0.00024914598907344043,1.2457299453672023e-05
3423,0.00011340416171848648,3.5084112487159715e-05,0.00022627873113378882,1.1313936556689442e-05
3424,-1.4765199927428164e-05,-8.971730580623516e-05,8.710918336873874e-05,4.355459168436937e-06
3425,-6.470625365029884e-05,-0.00013395429373966935,3.9009526517475024e-05,1.950476325873751e-06
3426,0.000173496791192518,9.822560595994115e-05,0.00026801115018315613,1.3400557509157807e-05
3427,0.00019565969855582296,0.00011385072156159987,0.000282326596789062,1.4116329839453102e-05
3428,0.00019856106877020778,0.00011048539293122834,0.0002851058088708669,1.4255290443543346e-05
3429,0.00025352358980387226,0.00015711335369032782,0.00033602133044041693,1.6801066522020847e-05
3430,0.00046102774161924646,0.0003477868456464136,0.0005180598818697035,2.590299409348518e-05
3431,0.0003899893854242179,0.00026525107906825567,0.0004328020440880209,2.1640102204401046e-05
3432,0.00030699390023988457,0.00017687210241006424,0.0003303466073703021,1.6517330368515105e-05
3433,0.0003267992251993311,0.00019246230635590564,0.00032028250279836357,1.601412513991818e-05
3434,0.0002859855109871984,0.00014976564001377258,0.0002833342587109655,1.4166712935548277e-05
3435,0.00018083495366071864,4.84375860806367e-05,0.00017528531316202134,8.764265658101067e-06
3436,3.5556500581976196e-05,-8.664056342906501e-05,4.6847308112774044e-05,2.3423654056387022e-06
3437,-5.747060916424131e-05,-0.0001665853984218356,-2.05570031539537e-05,-1.027850157697685e-06
3438,1.676827870972594e-05,-8.508332557593215e-05,7.981831004144624e-05,3.990915502072312e-06
3439,9.188653254232523e-05,-7.768187700027492e-06,0.00016837476869113743,8.418738434556872e-06
3440,0.0002625028109128764,0.00015736983767427533,0.00031525420490652323,1.576271024532616e-05
3441,0.00019426608483373405,8.825844814131351e-05,0.0002263791102450341,1.1318955512251706e-05
3442,0.0003384200027831167,0.00022569558487541122,0.0003457032726146281,1.7285163630731406e-05
3443,0.0003051343043466745,0.00018756986782703488,0.0003160744090564549,1.5803720452822747e-05
3444,0.00020767932395365953,9.036991541802037e-05,0.0002223486953880638,1.111743476940319e-05
3445,8.047164267590438e-05,-3.0149218343131375e-05,9.700891678221524e-05,4.850445839110762e-06
3446,6.119899183314401e-05,-4.3660146341654234e-05,0.00011075387737946585,5.537693868973293e-06
3447,7.425342932867433e-05,-2.6828297050254784e-05,0.0001434235746273771,7.171178731368855e-06
3448,-1.878343100641413e-05,-0.00011214438680489004,5.860171586391516e-05,2.9300857931957584e-06
3449,4.677040258426662e-06,-8.23317295204723e-05,7.656609523110092e-05,3.828304761555046e-06
3450,-9.060435651174852e-05,-0.00016824600006300726,6.845154530310538e-06,3.422577265155269e-07
3451,-0.00012084889791757029,-0.00018902035034890565,-7.607237421325408e-06,-3.8036187106627044e-07
3452,-7.218339993846162e-05,-0.00013506518456403473,6.234126340132207e-05,3.1170631700661035e-06
3453,7.136228897791069e-05,6.570650024576256e-06,0.00019622224499471486,9.811112249735743e-06
3454,0.00018158854577798072,0.00011081992619353168,0.0002758089976850897,1.3790449884254485e-05
3455,0.00010871735143937498,3.690772099308225e-05,0.00018249625281896442,9.12481264094822e-06
3456,3.111443336310618e-05,-3.785789783599872e-05,0.0001082846792996861,5.414233964984305e-06
3457,0.00024406478773183142,0.00016717376181949267,0.00032219928107224405,1.6109964053612203e-05
3458,0.0002071014578319064,0.00012436226208124157,0.0002883145061787218,1.441572530893609e-05
3459,-3.802520254643485e-05,-0.00011517873755264328,6.851119542261586e-05,3.425559771130793e-06
3460,-0.00012188639020291981,-0.00019130398574684137,2.3771934138494544e-05,1.1885967069247273e-06
3461,0.00019151723649694338,0.00011427231350923246,0.0003271345340181142,1.635672670090571e-05
3462,0.00023306934986301562,0.00014678104563613015,0.00035633580409921706,1.7816790204960853e-05
3463,0.0002947785292406068,0.00019813278645980815,0.00039359545917250216,1.967977295862511e-05
3464,0.00019839928820019234,9.7737622010391e-05,0.000281388929579407,1.4069446478970349e-05
3465,0.00016581361803749174,6.363540962777938e-05,0.00024127666256390512,1.2063833128195257e-05
3466,0.00020056679119548405,9.617530166602845e-05,0.00026085253921337426,1.3042626960668713e-05
3467,0.00012596861714728224,2.2960264148806822e-05,0.00019363293540664017,9.68164677033201e-06
3468,8.269930328073888e-05,-1.7307836845122416e-05,0.00016212723858188838,8.10636192909442e-06
3469,1.0289272170645312e-05,-8.421607120901333e-05,0.0001099172150134109,5.4958607506705455e-06
3470,-1.4759884118605308e-05,-0.00010376953272918191,0.00010422537161502987,5.211268580751494e-06
3471,-6.0222342117569084e-05,-0.00014336814443211414,8.965202869148925e-05,4.482601434574463e-06
3472,4.509615147929198e-05,-3.749859013686498e-05,0.00018778386584017426,9.389193292008714e-06
3473,-9.214105131837827e-05,-0.00016840394060424566,6.885074981255457e-05,3.4425374906277284e-06
3474,-4.8095315243624193e-05,-0.00012045562358228695,0.00011031823669327423,5.515911834663712e-06
3475,-2.197459050006919e-05,-9.336225585816855e-05,0.00016269052866846323,8.134526433423162e-06
3476,-0.00019798812773317732,-0.0002624379896705999,4.034198718727566e-05,2.0170993593637833e-06
3477,-0.00031260438574946434,-0.0003669667951686715,-3.029919389518909e-05,-1.5149596947594546e-06
3478,-0.00038165119904536,-0.0004239242420601556,-8.28406773507595e-05,-4.142033867537976e-06
3479,-0.00040046485058363587,-0.00043129242552846544,-8.631077798781916e-05,-4.315538899390958e-06
3480,-0.00037521000826578146,-0.0003978860020432786,-3.7669058656319976e-05,-1.883452932815999e-06
3481,-0.00017537766910383142,-0.00019986525972752,0.00014585111057385802,7.292555528692902e-06
3482,-0.00011947581234871571,-0.0001480366120538182,0.00018609350081533194,9.304675040766597e-06
3483,-0.00015013182306146283,-0.00017931303786235058,0.00011845493281725794,5.922746640862898e-06
3484,-3.748301582292784e-05,-7.001229221520954e-05,0.00017398201453033835,8.699100726516918e-06
3485,-0.00017220982376171565,-0.00020112632767708567,3.767788075492717e-05,1.8838940377463588e-06
3486,-0.00012156468229731499,-0.0001490525743086746,7.845612708479166e-05,3.922806354239583e-06
3487,-0.0001564922038303712,-0.00018248558498789731,7.399002060992643e-05,3.699501030496322e-06
3488,-0.00014025858141718275,-0.0001670604398902819,0.00011680859461193904,5.8404297305969525e-06
3489,-0.00017656082447090263,-0.0002030557376642757,9.331115143140778e-05,4.66555757157039e-06
3490,-0.0002145976576296171,-0.00023947900761912824,6.553256389452145e-05,3.2766281947260725e-06
3491,-0.0002500089304856153,-0.0002712081283082654,2.0922463590977713e-05,1.0461231795488858e-06
3492,-0.00016081431908333027,-0.0001821133594188465,9.106700599659234e-05,4.553350299829618e-06
3493,-0.0002501826142183743,-0.00026774295384480177,1.1250498573645018e-05,5.62524928682251e-07
3494,-0.0002355148145755434,-0.0002510890685174928,4.05209357268177e-05,2.026046786340885e-06
3495,-0.00038831558518154344,-0.00039624792876109366,-7.834604184608907e-05,-3.917302092304453e-06
3496,-0.000563884503780901,-0.0005578862911629242,-0.00021607786766253412,-1.0803893383126706e-05
3497,-0.0006743650685840726,-0.0006520017655882966,-0.00028567464323714375,-1.4283732161857189e-05
3498,-0.0006290360856322383,-0.0005940602374860864,-0.00023714308917988092,-1.1857154458994047e-05
3499,-0.00043910313007233413,-0.0004005435148532947,-8.081649866653606e-05,-4.040824933326803e-06
3500,-0.0004274770021733161,-0.0003864339608056596,-7.336556154768914e-05,-3.6682780773844573e-06
3501,-0.0004407704143261738,-0.00039690579391499535,-8.996224642032757e-05,-4.4981123210163785e-06
3502,-0.0004035923171621701,-0.0003583392944376576,-6.950419628992677e-05,-3.4752098144963385e-06
3503,-0.0002788801149981241,-0.00023686230294784965,1.7287893570028245e-05,8.643946785014123e-07
3504,-8.59175394283043e-05,-5.4458586949149656e-05,0.0001643325376790017,8.216626883950085e-06
3505,-9.248975155671455e-06,9.541493631266197e-06,0.00021692720474675298,1.084636023733765e-05
3506,4.425483392750204e-05,5.0483045535608064e-05,0.00023112763301469386,1.1556381650734693e-05
3507,-3.8836814195721295e-06,-6.770750293415511e-06,0.0001805950014386326,9.029750071931631e-06
3508,-0.00012986869804421856,-0.00013532724109220872,6.524041236843914e-05,3.262020618421957e-06
3509,-0.00017483921349379378,-0.00018008698009643612,1.723105197015684e-05,8.615525985078421e-07
3510,-0.0001602593980516928,-0.00016618720347402974,3.7082263588672504e-05,1.8541131794336252e-06
3511,-6.215417267363508e-05,-7.261380880024624e-05,0.00011527689639478922,5.763844819739461e-06
3512,-2.8407229344530642e-05,-4.526366230738222e-05,0.00015728440484963357,7.864220242481678e-06
3513,8.498176078979318e-06,-1.6677564884984176e-05,0.00020376518659759313,1.0188259329879658e-05
3514,5.2864600086599614e-05,1.833726581561568e-05,0.0002357338962610811,1.1786694813054055e-05
3515,0.00018249828048595167,0.00013461121468649124,0.0003294343187008053,1.6471715935040265e-05
3516,0.000168016582852658,0.00010953789824567355,0.0002923986467067152,1.4619932335335763e-05
3517,0.00020552201441275097,0.00013601943752592556,0.0003185537352692336,1.592768676346168e-05
3518,0.00024182846148616043,0.00016070620629180798,0.0003481294843368232,1.7406474216841162e-05
3519,0.0002469524592278226,0.00015666813139847625,0.0003173183649778366,1.5865918248891832e-05
3520,0.00035147794145451314,0.0002493656532926252,0.00038688693894073367,1.9344346947036686e-05
3521,0.0004405589071103991,0.00032379139045176747,0.00046151873539201915,2.307593676960096e-05
3522,0.00026681542806627703,0.00014542589057874814,0.0002824437979143113,1.4122189895715564e-05
3523,0.0003505396332357883,0.00022260779234799035,0.0003340542607475072,1.670271303737536e-05
3524,0.00021389519526682216,8.540826257551773e-05,0.00022620191157329828,1.1310095578664915e-05
3525,0.00020130047804742338,7.227577196482329e-05,0.00023143566795624793,1.1571783397812397e-05
3526,4.4613234300522765e-05,-7.85298975417138e-05,0.00010620323882903904,5.3101619414519525e-06
3527,-6.500339185004159e-05,-0.0001784606654860375,2.609080729598645e-05,1.3045403647993226e-06
3528,1.1275378827297998e-05,-9.72636916601008e-05,0.00011094332148786634,5.547166074393318e-06
3529,4.2527085018614234e-05,-6.319493119741352e-05,0.00014460229431279004,7.230114715639502e-06
3530,-5.182598073363191e-05,-0.0001507001525512423,5.846745625603944e-05,2.9233728128019724e-06
3531,-6.851150031747782e-05,-0.0001602824254355853,4.498735142988153e-05,2.2493675714940767e-06
3532,-9.620816808653118e-05,-0.00018089794310661563,3.5691937227966264e-05,1.7845968613983132e-06
3533,3.822262009072115e-05,-4.706425908905466e-05,0.00017899213708005846,8.949606854002923e-06
3534,0.00012005723427055076,3.02032599343019e-05,0.0002553819795139134,1.276909897569567e-05
3535,0.00013371985698579588,4.040655359600738e-05,0.00023685963242314756,1.1842981621157378e-05
3536,0.0001539579398531585,5.740289358490562e-05,0.00023761627380736172,1.1880813690368087e-05
3537,0.00014696238049024277,4.857818223416666e-05,0.00021483772434294224,1.0741886217147113e-05
3538,0.00022952315207012738,0.00012590972781365668,0.0002870876051019877,1.4354380255099386e-05
3539,0.0003010468294887972,0.0001900322755492519,0.0003376273380126804,1.688136690063402e-05
3540,0.0003313598855328965,0.00021280975520940744,0.0003506450157146901,1.7532250785734506e-05
3541,0.00021662709631075874,9.772559112332741e-05,0.0002186821511713788,1.093410755856894e-05
3542,0.0002423629521452926,0.0001227218740263568,0.00023172603687271476,1.158630184363574e-05
3543,0.0003986274157828936,0.0002714849072638386,0.000370162510080263,1.8508125504013154e-05
3544,0.0004643151635234926,0.0003280020635377282,0.00041254391544498503,2.0627195772249253e-05
3545,0.0003376031300630311,0.0001997908667292759,0.0002719845506362617,1.3599227531813086e-05
3546,0.0004154282538323476,0.0002736012730406183,0.000329201779095456,1.64600889547728e-05
3547,0.00023187762563162037,9.482330511984208e-05,0.00016054039588198066,8.027019794099033e-06
3548,0.00021490070895728938,8.325587917781264e-05,0.00014640935114584863,7.320467557292432e-06
3549,0.0002778144124391711,0.00014807351063010626,0.00021124762133695185,1.0562381066847593e-05
3550,0.00016447200972447817,4.1560573340887525e-05,0.00010937824117718264,5.4689120588591326e-06
3551,8.578412366497787e-05,-2.7377246475993402e-05,4.353055192041211e-05,2.1765275960206053e-06
3552,4.7406793941690406e-05,-5.514699627591808e-05,1.4514116628561169e-05,7.257058314280584e-07
3553,0.00011458618210627084,1.8599056059193826e-05,8.090030314633623e-05,4.0450151573168116e-06
3554,8.441736879413317e-05,-4.758283901843171e-06,6.44893225398846e-05,3.22446612699423e-06
3555,0.00025135029162397064,0.0001613141923418098,0.00020726313232444227,1.0363156616222114e-05
3556,5.551478233048137e-05,-2.6007944790978972e-05,1.6898204194149002e-05,8.449102097074502e-07
3557,-2.6655039452499e-05,-9.599430540370768e-05,-6.55551630188711e-05,-3.277758150943555e-06
3558,-4.82442418809241e-07,-6.011662534514762e-05,-3.1003510230220854e-05,-1.5501755115110427e-06
3559,2.9541531400335875e-05,-2.2236827598950313e-05,-8.944070941652171e-06,-4.4720354708260857e-07
3560,-3.976685211382553e-05,-8.093475992098624e-05,-7.71631530369632e-05,-3.85815765184816e-06
3561,8.382481689852714e-06,-2.4905784121924532e-05,-3.770168041228317e-05,-1.8850840206141584e-06
3562,-4.9851776816791307e-05,-7.326809332862016e-05,-9.085674537345767e-05,-4.542837268672884e-06
3563,2.7614796770812126e-05,9.251500679942262e-06,-9.054534530150704e-06,-4.5272672650753525e-07
3564,-6.903508929047469e-05,-7.90720653734504e-05,-8.492239430779591e-05,-4.246119715389796e-06
3565,-0.00011156959203520759,-0.00011229314144416017,-0.00011668194929370657,-5.834097464685328e-06
3566,3.7365520994650625e-05,3.733361225943944e-05,4.2124807805521414e-05,2.106240390276071e-06
3567,3.8114190296776764e-05,3.882263751931876e-05,3.527337685227394e-05,1.7636688426136972e-06
3568,-2.8898095297047228e-05,-2.32891686543155e-05,-5.0895447202492505e-05,-2.5447723601246255e-06
3569,-5.494472881369231e-07,9.2066292016229e-06,-4.174109562882222e-05,-2.087054781441111e-06
3570,0.00015739739555516096,0.00016464681724517093,8.501276170136407e-05,4.2506380850682035e-06
3571,0.00027388425966104956,0.0002742228398050981,0.00017308694077655673,8.654347038827838e-06
3572,0.00036109005992930387,0.000352619802043477,0.00021775098866783082,1.0887549433391542e-05
3573,0.00014428515942227615,0.00013709390949300575,2.713937465159688e-05,1.3569687325798442e-06
3574,0.00018598727668142778,0.00017837772293619378,6.412899529095739e-05,3.20644976454787e-06
3575,0.0001684324817094497,0.00015986907863281192,7.643801654921845e-05,3.821900827460923e-06
3576,-3.511468723821092e-05,-3.6283310460920804e-05,-8.896488725440577e-05,-4.448244362720289e-06
3577,9.903992874226418e-05,9.788999972189951e-05,5.198203507461585e-05,2.5991017537307926e-06
3578,8.526822259646133e-05,8.262110388300041e-05,7.97746833995916e-05,3.98873416997958e-06
3579,-2.8391934667993013e-05,-2.6954506176911336e-05,-3.136077066301368e-05,-1.5680385331506842e-06
3580,-7.398816200046421e-05,-6.780698838983076e-05,-4.83249023091048e-05,-2.41624511545524e-06
3581,-0.00013112926490517674,-0.00011941432524486092,-7.019847544142976e-05,-3.509923772071488e-06
3582,-0.0001010990137323342,-8.515612060145142e-05,-5.1819664804497734e-05,-2.590983240224887e-06
3583,-0.00021829577664087655,-0.0001933784513832163,-0.00015387110761366785,-7.693555380683392e-06
3584,-5.3894453501205545e-05,-2.8618469500941183e-05,6.9148600232438184e-06,3.4574300116219093e-07
3585,5.018020015536695e-05,7.022673622460434e-05,0.00011382677621440962,5.691338810720481e-06
3586,-4.1719887250518266e-05,-2.2055946214444005e-05,2.0036031855852343e-05,1.0018015927926172e-06
3587,-9.51123991929962e-06,9.575877252189906e-06,2.5417459255550057e-05,1.270872962777503e-06
3588,-8.58533571006789e-05,-6.353197144897188e-05,-4.974677722202614e-05,-2.487338861101307e-06
3589,-4.6301389318815944e-05,-2.317302107936718e-05,-4.0236127460957505e-06,-2.0118063730478753e-07
3590,-0.00014699657408425137,-0.00011837677123465797,-9.966400830307975e-05,-4.983200415153988e-06
3591,5.689937348089957e-05,7.995267140556139e-05,0.00011530717893037945,5.765358946518973e-06
3592,0.0002515376028771784,0.00026067215639361495,0.00028530298732221127,1.4265149366110565e-05
3593,0.00025204157067238727,0.0002494621934759056,0.00025581082445569336,1.2790541222784669e-05
3594,0.00028143733750044366,0.0002684023866203122,0.0002476039226166904,1.2380196130834521e-05
3595,0.0003847015188945728,0.00035799703400601695,0.00032856230973266065,1.6428115486633033e-05
3596,0.00038999006516962545,0.0003506763272836855,0.0003257645294070244,1.628822647035122e-05
3597,0.0002456272317531227,0.000201214983592761,0.0001934659230755642,9.673296153778212e-06
3598,0.00015730052179454442,0.00011261628302519414,0.00010821154137374833,5.410577068687417e-06
3599,0.00025102076959055233,0.0002015247735232702,0.00020269036758691072,1.0134518379345537e-05
3600,0.0002317990531917296,0.00017904414428486777,0.00017691816901788116,8.845908450894059e-06
3601,0.0002818405258657157,0.00022487875493456953,0.00020007464627269655,1.0003732313634828e-05
3602,0.00029748649037782257,0.00023677530052046157,0.00019557689665816724,9.778844832908364e-06
3603,0.00022018627763596905,0.0001603320430265755,0.00010815695713972673,5.407847856986337e-06
3604,0.000103346277303496,4.954184144956544e-05,5.035853064327966e-06,2.5179265321639833e-07
3605,0.0002468286687342605,0.00019174769721526513,0.0001451421994715929,7.257109973579646e-06
3606,0.0002419194519170138,0.00018453876921205415,0.0001635825465200469,8.179127326002344e-06
3607,0.0004157905347240094,0.00034864173470682724,0.000312897318508476,1.56448659254238e-05
3608,0.0004233007078606848,0.0003473295419214674,0.00030192421399988234,1.5096210699994118e-05
3609,0.000460713330064286,0.0003760807242940191,0.0003086584329139441,1.5432921645697207e-05
3610,0.0005629193192108042,0.00046777113216079854,0.00035591673804447055,1.779583690222353e-05
3611,0.0005450095672577331,0.0004419408914475436,0.0003161790082231164,1.580895041115582e-05
3612,0.0005826120973520444,0.00047194054056124703,0.0003201057843398303,1.6005289216991515e-05
3613,0.0005510614628953176,0.00043575361313766226,0.00027017874526791275,1.3508937263395639e-05
3614,0.0005592920963523437,0.0004395527211890815,0.00027225949452258646,1.3612974726129323e-05
3615,0.0005063831364564717,0.0003847399414248101,0.00022668231395073235,1.1334115697536618e-05
3616,0.0005779037801246767,0.0004494717204115346,0.00032616776297800243,1.6308388148900123e-05
3617,0.0005085031126604006,0.00037615742764514674,0.00027479560230858624,1.3739780115429312e-05
3618,0.00033594698832923274,0.0002071610092671384,0.0001323529431829229,6.617647159146145e-06
3619,0.0003148713345938565,0.00018912429506867586,0.00014199540601111948,7.099770300555974e-06
3620,0.0003797982863429175,0.00025341012329522844,0.0002123512385878712,1.061756192939356e-05
3621,0.000563842686259517,0.00042903006299010337,0.00036740073119290173,1.8370036559645087e-05
3622,0.0005043672171205164,0.00036505880550849934,0.00029677004204131663,1.4838502102065833e-05
3623,0.000664885532831262,0.0005149075413578693,0.0004276442632544786,2.138221316272393e-05
3624,0.0006642995224225763,0.0005044901464698546,0.0004240643756929785,2.1203218784648926e-05
3625,0.0006420635353628799,0.0004744720428706787,0.0003976592270191759,1.9882961350958797e-05
3626,0.0007828821184109536,0.0006012784506598677,0.0005353844608180225,2.6769223040901124e-05
3627,0.0008412269246381086,0.0006450566480694621,0.0005650891689583659,2.8254458447918297e-05
3628,0.0007411634101011353,0.0005385757450972084,0.0004233568033669144,2.116784016834572e-05
3629,0.0007812789659887652,0.0005723900418904942,0.0004353818076197058,2.176909038098529e-05
3630,0.0008096216223031581,0.0005939784307888133,0.0004560395609587431,2.2801978047937155e-05
3631,0.0006963731428188732,0.00048035969994875697,0.0003393462102394551,1.6967310511972755e-05
3632,0.0006047038965115597,0.0003932162236685287,0.00024598187883384526,1.2299093941692264e-05
3633,0.0004931786991232305,0.0002906470717770891,0.0001547230058349669,7.736150291748346e-06
3634,0.0005387015461332882,0.00034254709583983277,0.00019659230019897223,9.829615009948611e-06
3635,0.0006420811373761282,0.0004475241632193417,0.00028228716109879315,1.4114358054939658e-05
3636,0.00046947398271943934,0.0002845668834520772,0.00011590721260290593,5.795360630145297e-06
3637,0.0003786888885458137,0.0002063500130223799,4.613545388565399e-05,2.3067726942826997e-06
3638,0.0003129782820961685,0.0001536613287483747,2.0503946871031076e-05,1.025197343551554e-06
3639,0.0003108873592600875,0.00016255965303293513,4.2191277316305786e-05,2.1095638658152893e-06
3640,0.0003305819591548393,0.00019117785205000507,6.55913827358745e-05,3.2795691367937255e-06
3641,0.00016056284927116048,3.7065153641799483e-05,-8.957004320109263e-05,-4.478502160054632e-06
3642,9.448705158591137e-05,-1.1437248540627207e-05,-0.00014427420683205128,-7.213710341602564e-06
3643,9.077533491251014e-05,-3.3536008508043356e-07,-0.00011429925507400185,-5.7149627537000924e-06
3644,0.00016899472584421912,8.686604474047781e-05,-2.1682069927919656e-05,-1.084103496395983e-06
3645,0.0001704585514135514,9.642362643125588e-05,-2.1809479221701622e-05,-1.0904739610850811e-06
3646,0.0002406028382336078,0.00017079652600542766,4.080157304997556e-05,2.040078652498778e-06
3647,5.79092190867427e-05,8.383718138755318e-08,-0.0001239617122337222,-6.198085611686111e-06
3648,-7.18332914880579e-07,-4.4342431487367276e-05,-0.0001836450828704983,-9.182254143524916e-06
3649,3.775470352180038e-05,5.941499648047074e-06,-0.00015545840142294765,-7.772920071147382e-06
3650,-3.560089933176419e-05,-5.408129380065927e-05,-0.00020462050451897085,-1.0231025225948543e-05
3651,-8.026689165740849e-05,-8.535000114773822e-05,-0.0002259336761198938,-1.129668380599469e-05
3652,0.00010797587105131273,0.00010621100928461603,-4.498770795180462e-05,-2.249385397590231e-06
3653,0.00013364504907619886,0.00013295253899260883,-1.1793036719609518e-05,-5.896518359804759e-07
3654,0.0002217043511669419,0.0002184933460823716,5.472969132824801e-05,2.7364845664124005e-06
3655,9.571956713801436e-05,9.645610235423858e-05,-7.416825246764347e-05,-3.7084126233821737e-06
3656,0.00010441958712177789,0.00010892392512697863,-7.424431532854214e-05,-3.7122157664271075e-06
3657,-2.0719129950237453e-05,-7.705431088127872e-06,-0.00017413540626876056,-8.706770313438029e-06
3658,8.172815739867013e-05,9.818017793874663e-05,-8.290827827295288e-05,-4.145413913647644e-06
3659,0.0002007498162888293,0.00021552163701525368,1.2230580068717245e-05,6.115290034358623e-07
3660,0.00011961461379964666,0.000137417200593179,-8.311980491271242e-05,-4.155990245635622e-06
3661,0.0001198266052674751,0.00014149304940173625,-0.00010315594408893958,-5.157797204446979e-06
3662,8.298262266329918e-06,3.833540636529637e-05,-0.00019833272381220013,-9.916636190610007e-06
3663,2.2398040887029668e-07,3.791225472576627e-05,-0.00019399273151066154,-9.699636575533078e-06
3664,0.00012628235636559653,0.00016531383705633263,-7.910130807431415e-05,-3.955065403715708e-06
3665,8.822215243916055e-05,0.00013078007755832211,-0.00012837369285989553,-6.418684642994777e-06
3666,0.00014938912314715417,0.00019264258145416442,-7.732088124612346e-05,-3.8660440623061735e-06
3667,0.00014348374210759962,0.00018657555045213314,-6.297824438661337e-05,-3.1489122193306685e-06
3668,0.00014252321316966525,0.000185976343699243,-7.435065344907343e-05,-3.717532672453672e-06
3669,3.952842153275364e-05,8.783639144715411e-05,-0.00016492049326188862,-8.246024663094431e-06
3670,6.968132210847585e-05,0.00012036427818591575,-0.00012030371726723388,-6.015185863361695e-06
3671,7.538219717866218e-05,0.00012762236932363293,-0.00010815626592375338,-5.4078132961876695e-06
3672,0.00011132654520553107,0.0001636722213726421,-8.224107295973226e-05,-4.112053647986613e-06
3673,2.8157328641919144e-05,8.43196602180489e-05,-0.00015775789506733418,-7.887894753366709e-06
3674,0.00021247310863750283,0.0002623288825551602,4.050695133628324e-05,2.025347566814162e-06
3675,0.00016903549387160894,0.00021512242412772002,-5.728921678382903e-06,-2.864460839191452e-07
3676,5.964902690513345e-05,0.00010875179241652892,-0.0001360378082608804,-6.801890413044021e-06
3677,3.269131875554492e-05,8.576288147837943e-05,-0.00015596806770190597,-7.7984033850953e-06
3678,-3.544732909902401e-05,2.3536404674605687e-05,-0.00019902117492165416,-9.951058746082709e-06
3679,6.956519150409799e-06,6.862411165504025e-05,-0.00014179326535668224,-7.089663267834112e-06
3680,-9.181555931261276e-06,5.618240736547875e-05,-0.00016746134497225285,-8.373067248612643e-06
3681,-0.0001075913906638517,-3.539196764417173e-05,-0.00023629415954928845,-1.1814707977464423e-05
3682,-2.542889832006923e-06,7.022069138022856e-05,-0.00011987875768681988,-5.993937884340994e-06
3683,6.89611493289599e-05,0.00013806803795573738,-3.9150552765931934e-05,-1.9575276382965966e-06
3684,-7.403548687922336e-05,-1.6640732092792045e-06,-0.00017572383512742817,-8.786191756371409e-06
3685,-0.0001565380776201679,-7.78663911044939e-05,-0.0002392709575360641,-1.1963547876803204e-05
3686,-5.742417102590904e-05,2.197468668734865e-05,-0.00013531255535781384,-6.765627767890692e-06
3687,-7.888130830967497e-06,6.935312832602412e-05,-8.149755740305409e-05,-4.074877870152705e-06
3688,5.0032516782176146e-05,0.0001220104182368706,-1.8504348190617748e-05,-9.252174095308874e-07
3689,-3.896027132077305e-06,6.6138642917823e-05,-7.94518637121655e-05,-3.9725931856082756e-06
3690,-5.695964948504707e-06,6.28381161377351e-05,-8.434928167844191e-05,-4.2174640839220954e-06
3691,-2.2302402958515396e-05,4.67319396295675e-05,-0.00012148192763561383,-6.074096381780692e-06
3692,3.7450760206984877e-06,7.218296205870383e-05,-9.891007357509807e-05,-4.945503678754904e-06
3693,3.609512879208288e-05,0.00010242735040439926,-6.774847133783624e-05,-3.387423566891812e-06
3694,0.00013911362868710263,0.0001998630059980316,4.791293577000033e-06,2.395646788500017e-07
3695,4.3382798816415656e-05,0.00010404046128069398,-9.826954192249104e-05,-4.913477096124552e-06
3696,5.949896381309404e-05,0.00012131659878216125,-0.00012037198030157015,-6.018599015078508e-06
3697,-0.00018114289526823408,-0.00010800387124940803,-0.00032415814348496497,-1.620790717424825e-05
3698,-0.00015315221978508335,-7.200173897895479e-05,-0.0002694474533200264,-1.347237266600132e-05
3699,-0.00019784785286244437,-0.00010904031782947197,-0.0002748401020653546,-1.374200510326773e-05
3700,-0.00016430578920597266,-7.063103581849504e-05,-0.00023158895783126354,-1.1579447891563178e-05
3701,-7.926635983306566e-05,1.441340893578999e-05,-0.00014422576350625604,-7.211288175312802e-06
3702,-0.00022817643524190615,-0.00012831765778063465,-0.00027184843202121556,-1.359242160106078e-05
3703,-0.0001273404027068412,-2.7180081816764512e-05,-0.00016226792649831623,-8.113396324915811e-06
3704,-0.00016572177289762515,-6.434943386848303e-05,-0.00018420291598886251,-9.210145799443126e-06
3705,-0.00013624307150487014,-3.498930789820871e-05,-0.00016058434266597033,-8.029217133298516e-06
3706,9.650399631360506e-05,0.00018721602531888152,4.6457425924018025e-05,2.3228712962009013e-06
3707,2.4028045621423646e-05,0.00010878254277212873,-3.588784238672815e-05,-1.7943921193364076e-06
3708,-8.51353602400315e-06,7.307767510642682e-05,-8.275117579614744e-05,-4.137558789807372e-06
3709,-5.006721230924011e-06,7.339317855856188e-05,-7.599063246743754e-05,-3.799531623371877e-06
3710,-5.0707307428425234e-05,2.673960291676118e-05,-0.00011559516860870644,-5.779758430435323e-06
3711,1.0600051963728815e-05,8.400389697468955e-05,-5.119755587656982e-05,-2.5598777938284915e-06
3712,-0.00013014191435198002,-5.4075952399520305e-05,-0.00018066959455609322,-9.03347972780466e-06
3713,5.093789441244439e-06,7.797491632688432e-05,-6.484121695393696e-05,-3.2420608476968483e-06
3714,-1.0457148693261752e-05,5.9693172638073764e-05,-7.153720071073622e-05,-3.576860035536811e-06
3715,2.1178183011437967e-05,8.741300819786124e-05,-4.41663978563156e-05,-2.20831989281578e-06
3716,4.06758367197456e-05,0.00010237437597735018,-2.6329831598559394e-05,-1.3164915799279698e-06
3717,-8.39377611173039e-05,-2.0162573530163284e-05,-0.00015244685346260667,-7.622342673130334e-06
3718,-3.2461636616647934e-05,3.078016539555638e-05,-0.00010004777141148224,-5.0023885705741126e-06
3719,5.648499769462936e-05,0.00011444622826897887,-4.27832219429547e-06,-2.1391610971477348e-07
3720,0.00017059891022973118,0.00021929723479349676,8.151550719048828e-05,4.075775359524414e-06
3721,0.0002883295277036244,0.00032337931570529865,0.00018176673620473593,9.088336810236797e-06
3722,0.0002794259948679352,0.0003036736759768185,0.0001440538908354938,7.2026945417746905e-06
3723,0.00019005901963040618,0.00020959896404686468,4.08099040214438e-05,2.04049520107219e-06
3724,0.0003014641492494573,0.0003121643552566099,0.00013640825636684895,6.8204128183424475e-06
3725,0.00038508022757431133,0.00038328495831170794,0.0002246697258669883,1.1233486293349416e-05
3726,0.000415818823289143,0.0004004830648542679,0.00026310363318771124,1.3155181659385563e-05
3727,0.00034977513104979854,0.00032588377872726557,0.0001830564287956804,9.15282143978402e-06
3728,0.00018275558399639445,0.0001592590102436195,1.9860697648255154e-05,9.930348824127579e-07
3729,-8.88363233818846e-06,-2.3673025932815132e-05,-0.0001407310483045876,-7.03655241522938e-06
3730,4.905679927609965e-05,3.951741114470498e-05,-7.788002403685823e-05,-3.894001201842912e-06
3731,4.345037088597673e-05,3.929633061220839e-05,-8.808711572783068e-05,-4.404355786391534e-06
3732,1.1776000874652537e-05,1.498912162382411e-05,-0.0001358163426630199,-6.790817133150995e-06
3733,0.00013150841176008365,0.0001370122683268472,-4.453115616342984e-05,-2.2265578081714922e-06
3734,0.00015449922803009107,0.00016098326796851206,-2.4456565370201133e-05,-1.2228282685100568e-06
3735,0.0002747154489572264,0.00027594329988752997,9.69753964454867e-05,4.848769822274335e-06
3736,0.0003785968056881864,0.0003711939980559432,0.00016830876120366156,8.415438060183078e-06
3737,0.0003796990612632672,0.00036515125742867487,0.0001484424719819799,7.4221235990989955e-06
3738,0.00027686268996491285,0.0002605022272187323,5.249333116807975e-05,2.6246665584039878e-06
3739,0.0002704945764023706,0.00025236566418593905,5.745500311604701e-05,2.8727501558023507e-06
3740,0.00022849680623241562,0.00021044742226529456,2.4445189410471357e-05,1.2222594705235679e-06
3741,0.00026521690531708034,0.00024574057863216507,5.600606891675852e-05,2.8003034458379263e-06
3742,0.0002788826255595799,0.0002574731539011743,6.806216697441414e-05,3.403108348720707e-06
3743,0.0002651875952455842,0.00024231059870394038,6.136445153970271e-05,3.068222576985136e-06
3744,0.000138128748251542,0.00011914144800513351,-4.3356569221941754e-05,-2.167828461097088e-06
3745,0.00015965182478259744,0.00014271029253040763,-9.32848433876643e-06,-4.664242169383215e-07
3746,0.00023123852281450193,0.00021231307110503812,6.819043483119458e-05,3.4095217415597292e-06
3747,0.000317822759402442,0.00029241394260243035,0.00015893086674623191,7.946543337311596e-06
3748,0.0005155410863781947,0.0004739789185488884,0.00035891172592528164,1.7945586296264083e-05
3749,0.00048308103928423147,0.0004290259597894315,0.00030389847233891487,1.5194923616945745e-05
3750,0.000653753753102307,0.000580688883204043,0.000453314307378605,2.2665715368930252e-05
3751,0.0005662965223895313,0.00048120720678655206,0.00033934946986846626,1.6967473493423315e-05
3752,0.00040114382603389565,0.0003145232321163179,0.00015099211304914206,7.549605652457103e-06
3753,0.00046639882754691807,0.00037657654648193283,0.00019410141976550221,9.705070988275111e-06
3754,0.0005836255729959835,0.000485408594448213,0.0003047753416467458,1.5238767082337291e-05
3755,0.0005906426035486613,0.0004848254295771683,0.0002996375260408968,1.498187630204484e-05
3756,0.0007540256001440154,0.0006340806964726574,0.00044167350279167295,2.208367513958365e-05
3757,0.00048456848512290463,0.00036546349329297315,0.0001604229473741725,8.021147368708626e-06
3758,0.00039370326781923784,0.0002806523399057802,6.223897071322426e-05,3.111948535661213e-06
3759,0.0003667273015349375,0.0002591766401093143,6.976723670959473e-05,3.4883618354797367e-06
3760,0.00032714113220847234,0.00022531711217280335,5.8544956118566915e-05,2.9272478059283458e-06
3761,0.00024224441908169737,0.00014914274532348452,-9.485775080975145e-06,-4.7428875404875726e-07
3762,0.000356282312417013,0.0002653146885456424,0.00011071217159042135,5.5356085795210674e-06
3763,0.0003335677867751518,0.0002448749417566712,0.00010140726953977719,5.07036347698886e-06
3764,0.0002662915601502739,0.00018320657153249922,3.0058268748689443e-05,1.5029134374344722e-06
3765,0.0004464404968265806,0.00035906701851976886,0.00022075060405768454,1.1037530202884228e-05
3766,0.00044274535383321027,0.0003517903178716512,0.00020801188657060266,1.0400594328530133e-05
3767,0.0003999326056695348,0.000308382086353306,0.00015230212011374533,7.615106005687267e-06
3768,0.00025693255532731216,0.00017185856400020507,1.2972333934158087e-05,6.486166967079044e-07
3769,0.00038167616600033973,0.00029602558624852043,0.0001485533284721896,7.427666423609481e-06
3770,0.0005185794224903451,0.00042547913164054513,0.000284481851849705,1.422409259248525e-05
3771,0.0005748323450435857,0.0004721358227808951,0.0003340585681144148,1.670292840572074e-05
3772,0.0004496905858430005,0.0003444905052063437,0.00020405984832905233,1.0202992416452617e-05
3773,0.0004118457194270794,0.0003067474144087129,0.00015891174552962184,7.945587276481092e-06
3774,0.0005133883167359433,0.00040386009852729583,0.0002521046553738415,1.2605232768692076e-05
3775,0.00048407945778079916,0.0003727221293309667,0.00020536668307613581,1.0268334153806791e-05
3776,0.0004685065065222167,0.00035779770440915766,0.00015960571181494743,7.980285590747372e-06
3777,0.0004098158164430269,0.00030227313646460967,0.00011007252760464326,5.503626380232163e-06
3778,0.0005637356014885065,0.0004511225784866578,0.0002720408665481955,1.3602043327409775e-05
3779,0.0005188986581278166,0.00040387418889097993,0.00022273065405897796,1.1136532702948899e-05
3780,0.0005916741737603386,0.00047227797650197537,0.00026575467200018466,1.3287733600009234e-05
3781,0.000848803110758891,0.0007132313618725453,0.0005075337248854339,2.5376686244271697e-05
3782,0.0006204071615885533,0.00048234584295536015,0.00025169560103677213,1.2584780051838607e-05
3783,0.0008356915601714652,0.0006862683499247788,0.0004383890482131392,2.191945241065696e-05
3784,0.0007474979844419485,0.0005925405048463605,0.0003363988362252712,1.6819941811263563e-05
3785,0.0006971620107247252,0.0005401658544969859,0.00027742196107283235,1.3871098053641619e-05
3786,0.0006880502087667365,0.0005293537542169032,0.0002768103440757841,1.3840517203789206e-05
3787,0.0005575764149620795,0.000402598680521916,0.00017243200272787362,8.62160013639368e-06
3788,0.0005588482942032103,0.0004062892018347385,0.0001963520480785519,9.817602403927594e-06
3789,0.0006380104548590414,0.00048295761826598117,0.0002914566721301526,1.457283360650763e-05
3790,0.0005322270278062106,0.00037963800532388344,0.0001935258915182203,9.676294575911016e-06
3791,0.0005599342140153134,0.00040936693316990505,0.00020044160191901028,1.0022080095950515e-05
3792,0.0005730555320130388,0.00042358050905052917,0.00021633299184031785,1.0816649592015892e-05
3793,0.0005623707187765374,0.00041301205060716764,0.00023376003082375973,1.1688001541187988e-05
3794,0.0006233232839748543,0.00047042967113524245,0.000305874360492453,1.529371802462265e-05
3795,0.0002544845629708099,0.00011624786240965732,-5.487924863700755e-05,-2.7439624318503776e-06
3796,0.0001759964403011874,5.454253996430719e-05,-0.000110448214400094,-5.522410720004701e-06
3797,0.00017076300553381483,6.391343986874926e-05,-8.815685578156263e-05,-4.407842789078132e-06
3798,0.00010698884858186634,1.583402752266674e-05,-0.00013227047747932374,-6.613523873966188e-06
3799,9.435302023947189e-05,1.6735747958138494e-05,-0.0001128830190282315,-5.644150951411576e-06
3800,-4.186315929530248e-05,-0.00010118088713240209,-0.00022995626204647124,-1.1497813102323563e-05
3801,0.00014492076953805032,9.311627120997378e-05,-4.0707247535465285e-05,-2.0353623767732643e-06
3802,0.00010149751898157468,5.656192040171064e-05,-4.529873331193812e-05,-2.2649366655969063e-06
3803,0.00013360760870899456,9.250331541946383e-05,2.168769469790277e-06,1.0843847348951386e-07
3804,1.150653488734667e-05,-2.1312976520480437e-05,-9.569439862389117e-05,-4.784719931194559e-06
3805,-1.8908272391166042e-05,-4.360513834718538e-05,-0.00010370594100095332,-5.185297050047666e-06
3806,4.162495247046644e-05,1.9815580428605775e-05,-1.1271005860180594e-05,-5.635502930090297e-07
3807,-3.100180779883392e-05,-4.759004834155557e-05,-6.526692595798522e-05,-3.2633462978992613e-06
3808,6.859760035940177e-05,5.16869293473453e-05,3.756078876904212e-05,1.8780394384521061e-06
3809,0.0003411176678355749,0.0003115579034586289,0.00028122254298068583,1.4061127149034292e-05
3810,0.0004030954257229285,0.00036021409403629045,0.0003059151058550924,1.529575529275462e-05
3811,0.00042663998823482934,0.0003724323133312584,0.000283237750409171,1.416188752045855e-05
3812,0.0004381040372300874,0.00037418118635845505,0.0002685902582015842,1.3429512910079212e-05
3813,0.0002636415444263661,0.0001996987473854707,9.083058830583468e-05,4.541529415291734e-06
3814,0.00018208551848628853,0.00012259695969729382,7.533077223342843e-06,3.766538611671422e-07
3815,0.00022531339031195844,0.00016769201214543808,5.731294004363008e-05,2.865647002181504e-06
3816,0.0003423749292711609,0.0002808636670761415,0.00016989241703413427,8.494620851706714e-06
3817,0.0003166420844717256,0.00025197042209443586,0.0001581005344633013,7.905026723165066e-06
3818,0.0002599156771672849,0.00019549748555412706,9.395991219207644e-05,4.697995609603823e-06
3819,0.00026344759940307203,0.00019961625446750027,8.862643881002441e-05,4.4313219405012205e-06
3820,0.00025278826872667865,0.00019002177559332724,7.900618220446631e-05,3.9503091102233155e-06
3821,0.00045761550795823865,0.0003842122282664714,0.00031198220676742494,1.5599110338371246e-05
3822,0.0003805027500167025,0.0003012245686103625,0.00022666712175123394,1.1333356087561697e-05
3823,0.00034429875281976897,0.0002620050304640521,0.00017897339421324432,8.948669710662216e-06
3824,0.0002940229519051175,0.00021189572128192576,0.00012188643449917436,6.094321724958718e-06
3825,0.00022279593554206238,0.0001440703451576371,5.952512219664641e-05,2.9762561098323205e-06
3826,0.00028786807877329473,0.0002081548138952794,0.00014490351895801723,7.245175947900862e-06
3827,-3.6726662719866927e-05,-0.00010269625568913437,-0.00014968430332373828,-7.484215166186914e-06
3828,2.2837068151241173e-05,-3.4283388073520405e-05,-6.502515316242352e-05,-3.251257658121176e-06
3829,6.838381846631282e-05,1.5172274358346944e-05,2.0062247131136246e-05,1.0031123565568123e-06
3830,0.00022128189248130025,0.00016360761666352975,0.00017841419321484864,8.920709660742432e-06
3831,0.0003135540392982726,0.00024773091594896575,0.00025302337598986924,1.2651168799493463e-05
3832,0.0002970394729493967,0.0002254184425502626,0.00021425426530186087,1.0712713265093044e-05
3833,0.0002605623610273306,0.00018507570872245817,0.0001843883073888719,9.219415369443596e-06
3834,0.0002859231513938856,0.0002045966307396463,0.00023097956727724522,1.1548978363862261e-05
3835,0.00019185025549866492,0.00011141143058919082,0.0001048120393534191,5.2406019676709554e-06
3836,0.0001852546823501942,0.00010705511065411057,8.01214191596955e-05,4.006070957984776e-06
3837,0.00013556464741486758,6.208363763007414e-05,2.9255368644953705e-05,1.4627684322476854e-06
3838,0.00011327414430617148,4.488939790233033e-05,1.663166403886862e-05,8.315832019434311e-07
3839,0.00030117271459897596,0.00022778455594688182,0.0002117412514053285,1.0587062570266426e-05
3840,0.0002496044761481898,0.00017402432301622442,0.00015774081111885607,7.887040555942804e-06
3841,0.0002542777701816515,0.00017759364199028277,0.00013895941083319485,6.947970541659743e-06
3842,0.00035413449246956023,0.0002716165421453915,0.00023576596868224442,1.1788298434112222e-05
3843,0.00022459499493647438,0.0001425054354107939,0.00011702921619871631,5.851460809935816e-06
3844,0.00010221959874040539,2.6285934519025058e-05,4.5488886826206e-06,2.2744443413103e-07
3845,0.00022873983209147514,0.00015188061564093793,0.00014099224063102156,7.049612031551078e-06
3846,0.0002308969144800919,0.00015277007056903436,0.0001467515539843589,7.337577699217945e-06
3847,0.0002335986664842497,0.00015411105240677254,0.0001494316675234586,7.471583376172931e-06
3848,0.00016820766762945283,9.168981858628764e-05,6.445417238865048e-05,3.222708619432524e-06
3849,0.0003069025020747476,0.00022720591414538397,0.000185165015864186,9.2582507932093e-06
3850,0.0003312772271322695,0.000248142799416723,0.00019257001986261457,9.62850099313073e-06
3851,0.00013012402614306283,5.3619835828288596e-05,-4.604943569574971e-06,-2.3024717847874855e-07
3852,-2.5348738014965758e-05,-8.902630772314014e-05,-0.00013333387323655188,-6.666693661827594e-06
3853,-1.681601394769456e-05,-6.982606944584356e-05,-0.00010413896961836144,-5.2069484809180725e-06
3854,4.341872974324311e-05,-4.512948459844759e-06,-8.036868166527711e-06,-4.0184340832638554e-07
3855,-0.00010330239073927173,-0.00014099470823276253,-0.00012190036795800552,-6.095018397900276e-06
3856,-8.442605705900442e-05,-0.0001157062571142673,-5.921514457440935e-05,-2.9607572287204675e-06
3857,-0.00014813300893381774,-0.00017126406915200941,-0.00010535295587033033,-5.267647793516517e-06
3858,-7.755326887662572e-05,-9.77065677434218e-05,-1.4100198313826695e-05,-7.050099156913348e-07
3859,-3.5848141263965985e-05,-5.586109235212877e-05,3.518514131428674e-05,1.759257065714337e-06
3860,-2.0839774835308167e-05,-4.142002256759438e-05,4.6428907808149233e-05,2.321445390407462e-06
3861,-2.9204207473458024e-05,-4.9894334403652305e-05,3.680002555483952e-05,1.8400012777419761e-06
3862,-9.862533590169482e-05,-0.00011654951599122423,-2.0713026970042847e-05,-1.0356513485021423e-06
3863,-0.000250721580219466,-0.0002597758740388124,-0.0001454060839023441,-7.270304195117205e-06
3864,-8.638968957736437e-05,-9.599167965439926e-05,3.337123052915558e-05,1.6685615264577792e-06
3865,-0.00021736251531505525,-0.00022291913160217002,-6.157824827823788e-05,-3.078912413911894e-06
3866,-9.310163683752607e-05,-0.00010092393284053894,5.9557587519520894e-05,2.9778793759760447e-06
3867,8.945497162558586e-05,6.992368383004309e-05,0.00024871135246939957,1.243556762346998e-05
3868,0.00019940746491533266,0.0001643143095823284,0.0003373216895852238,1.686608447926119e-05
3869,0.0001123224365969971,6.823774878295856e-05,0.00022557159536518157,1.127857976825908e-05
3870,-1.881434846397736e-05,-6.418191795011075e-05,8.780695497989655e-05,4.390347748994828e-06
3871,-3.582157203710354e-05,-8.24267438217659e-05,9.459041029913351e-05,4.729520514956676e-06
3872,0.00012130937876446578,6.64550630548332e-05,0.00023914064513519406,1.1957032256759703e-05
3873,0.00020664068640602692,0.00013975551945931156,0.00032464598189108074,1.6232299094554038e-05
3874,0.000129525925611949,5.6898470784085215e-05,0.00021458452101796865,1.0729226050898433e-05
3875,0.00018140397810654472,0.00010264629765700746,0.00023420056095346808,1.1710028047673404e-05
3876,0.00039286248278657,0.00029800769192817744,0.00044432442518882453,2.2216221259441228e-05
3877,0.0005208092334841435,0.00040616381374732454,0.0005353999440558255,2.6769997202791276e-05
3878,0.0005124143177167818,0.00038109290048147593,0.0004971597227267921,2.4857986136339606e-05
3879,0.0002996400083097396,0.00016346994147739137,0.0002869467716664076,1.434733858332038e-05
3880,0.0001548596572612659,2.2101006769548813e-05,0.00013652985217049718,6.826492608524859e-06
3881,0.00012848045454191443,-8.970463069928354e-08,0.00012332366895861924,6.166183447930962e-06
3882,0.00011767615829306194,-7.948722091412715e-06,0.00014501372061204165,7.250686030602083e-06
3883,0.00022748974487085685,9.881716535423973e-05,0.00026080154930241406,1.3040077465120704e-05
3884,0.00023862453452475814,0.00010594727906154967,0.00028134454623796046,1.4067227311898023e-05
3885,0.0002979060795959644,0.00015927708419656803,0.00032470966107212007,1.6235483053606006e-05
3886,0.0002816058909658262,0.00013905896401751865,0.00029150123009458184,1.4575061504729093e-05
3887,0.0004599870853204352,0.00030467645561427415,0.0004750726220663637,2.3753631103318186e-05
3888,0.0003659631200988664,0.0002030141259791785,0.00038749928353354335,1.937496417667717e-05
3889,0.0003397104300074857,0.00017083296537675254,0.00036642083432525396,1.83210417162627e-05
3890,0.00020860718035628056,4.036813823025532e-05,0.0002458495437167585,1.2292477185837926e-05
3891,8.588501632573653e-05,-7.686815721523247e-05,0.00015239330241456628,7.619665120728314e-06
3892,7.852645446702184e-05,-8.037566517758452e-05,0.00018136244034394622,9.06812201719731e-06
3893,-5.3310643420701514e-08,-0.00015240946392540945,0.00012289606092963368,6.144803046481684e-06
3894,-6.373262170020094e-05,-0.00020708578369515215,6.636826583417132e-05,3.3184132917085662e-06
3895,-0.00011706470262988509,-0.00025024914002398695,3.204842141713016e-05,1.602421070856508e-06
3896,-1.5948155459299595e-05,-0.00014320298022551552,0.00010327238851459697,5.163619425729849e-06
3897,-7.753740689738201e-05,-0.00019683329390497595,5.2244744438212365e-05,2.6122372219106184e-06
3898,4.261530895350625e-05,-7.588044839406843e-05,0.00018416941748000681,9.208470874000341e-06
3899,2.3050910214333556e-05,-9.349932026148314e-05,0.00015664716192986816,7.832358096493409e-06
3900,-8.922134884167696e-05,-0.00019785776463417107,3.4082757338183e-05,1.7041378669091502e-06
3901,-0.00015278161569432612,-0.0002517349265312079,-9.785739166545682e-06,-4.892869583272841e-07
3902,-9.329863486956415e-05,-0.00018674486438575167,6.14784803474322e-05,3.07392401737161e-06
3903,-3.424991140649887e-05,-0.00012565583997792114,0.00012114918354200199,6.0574591771001e-06
3904,5.6886160368606155e-05,-3.5865562549111416e-05,0.00018355363863520324,9.177681931760162e-06
3905,4.829793528888392e-05,-4.469656407632297e-05,0.0001611288753338158,8.05644376669079e-06
3906,3.553454948272426e-05,-5.694120774727844e-05,0.00014635612023994327,7.317806011997164e-06
3907,8.426146455051546e-05,-9.19134903545542e-06,0.00017630239017307758,8.81511950865388e-06
3908,0.0002216555827744654,0.00012363893206893744,0.0002493610081728548,1.246805040864274e-05
3909,0.0002875589550053994,0.00018309831363265194,0.00029188310145400465,1.4594155072700233e-05
3910,0.00040092107587464364,0.0002869140937628358,0.00036032721982337534,1.801636099116877e-05
3911,0.00036727990642734825,0.00024651482150599613,0.0003151644195895642,1.575822097947821e-05
3912,0.0003574474938451377,0.00023275620911156618,0.0002680913603398949,1.3404568016994745e-05
3913,0.0002761888911244278,0.00015201390327743424,0.00018600774637889117,9.300387318944559e-06
3914,0.00021371255048230852,9.223507158904575e-05,0.0001440273626940325,7.2013681347016245e-06
3915,0.00025780936285131747,0.0001365355901318156,0.00019129020802211016,9.564510401105509e-06
3916,0.00021510910317618616,9.513991503948572e-05,0.00016762736777309328,8.381368388654664e-06
3917,0.0002791545141548893,0.0001563848135786609,0.0002471217594575137,1.2356087972875685e-05
3918,0.00031183687276219407,0.00018433664207839084,0.0002866059367079288,1.4330296835396439e-05
3919,0.00036654884002163316,0.00023332163981782826,0.0003114785940852016,1.5573929704260082e-05
3920,0.00018716206045583028,5.742805526970164e-05,0.00013469788245856762,6.734894122928381e-06
3921,0.00034784642159480205,0.00021554490811053276,0.0002554323000367731,1.2771615001838655e-05
3922,0.0004185976290007972,0.0002799457849475463,0.0003333980857860297,1.6669904289301486e-05
3923,0.00041887465154467375,0.00027519012075327183,0.00031409223447553813,1.5704611723776906e-05
3924,0.00048058607888310634,0.0003313216515987912,0.00033261391217820346,1.6630695608910173e-05
3925,0.0005892071119278002,0.0004301033278654065,0.0004261144495103508,2.1305722475517543e-05
3926,0.0006243976503738179,0.0004554740915658048,0.0004384495550766587,2.192247775383294e-05
3927,0.0005581008804560591,0.0003843135692511079,0.0003537233860697597,1.7686169303487987e-05
3928,0.0005271562019850982,0.00035068760919946726,0.0003202938532922417,1.6014692664612085e-05
3929,0.0006049675155934662,0.0004220488039262326,0.0004021772474516183,2.0108862372580916e-05
3930,0.0006967904095325003,0.0005046876116076271,0.00046560371993109584,2.3280185996554795e-05
3931,0.0006809024128886558,0.0004828926514289667,0.0004123183316551149,2.0615916582755744e-05
3932,0.0006665409439686571,0.00046367556894676615,0.00040170762804336846,2.0085381402168425e-05
3933,0.000621067347619494,0.00041626507601500524,0.00035202581784687936,1.7601290892343968e-05
3934,0.0005751974116624263,0.00037044273086294326,0.00031753667281009257,1.5876833640504628e-05
3935,0.00058112204154219,0.0003749706194588516,0.00034836356644518673,1.7418178322259338e-05
3936,0.0006928476583184219,0.00047895387582281575,0.0004773730179294944,2.3868650896474722e-05
3937,0.0007243952691277427,0.000501698933896815,0.0005068941973149776,2.5344709865748885e-05
3938,0.0007299840247207742,0.0004996494270234128,0.0004953308962285519,2.4766544811427593e-05
3939,0.0006567652797873558,0.0004230576018111559,0.0004219201218802482,2.109600609401241e-05
3940,0.0007374278835399804,0.0004964835836670202,0.0005070082261227071,2.5350411306135356e-05
3941,0.0006844853149673942,0.0004398184103778951,0.00044673917000181973,2.2336958500090988e-05
3942,0.0006119251784194913,0.0003677237689970299,0.00037041507312096655,1.8520753656048328e-05
3943,0.0003858462220589045,0.00015307246616983193,0.0001535610354039818,7.678051770199091e-06
3944,0.0003177571759396819,9.790244323299074e-05,0.00011355218157405034,5.677609078702517e-06
3945,0.00042752422802659287,0.000213101160995897,0.0002468684979248792,1.234342489624396e-05
3946,0.0005835832843540273,0.0003652861854873041,0.00042143333121202886,2.1071666560601445e-05
3947,0.000514297857179956,0.00029619401179925656,0.00033943718881346285,1.6971859440673143e-05
3948,0.0006377657791863781,0.0004152442893162095,0.0004312190867494792,2.156095433747396e-05
3949,0.0007455137592325974,0.0005144961937891612,0.0005169098149053752,2.5845490745268763e-05
3950,0.0006533166851925222,0.0004190683332859532,0.0004214265791233629,2.1071328956168148e-05
3951,0.0007288342866753321,0.0004875449541966449,0.00050451880088076,2.5225940044038e-05
3952,0.0008044937014970181,0.0005533940534016291,0.0005693720304407179,2.84686015220359e-05
3953,0.0007666357887826029,0.000509543377685581,0.000506160780787468,2.53080390393734e-05
3954,0.000809900941092843,0.000545378681398661,0.0005457392544485629,2.7286962722428144e-05
3955,0.000820052587328092,0.0005482304989568001,0.0005544910673052073,2.7724553365260363e-05
3956,0.0009743146512582607,0.0006902004965689155,0.0006657586782239377,3.3287933911196886e-05
3957,0.0010106496577806262,0.000713870177392866,0.0006895202095620334,3.447601047810167e-05
3958,0.000863103802104655,0.0005633380020446256,0.0005144603201188147,2.5723016005940738e-05
3959,0.0007363094612006988,0.0004407053282369584,0.0003814738302025944,1.907369151012972e-05
3960,0.0006362109526651859,0.0003492542463452057,0.00029152791830711067,1.4576395915355534e-05
3961,0.0006794481699875842,0.0003966023146183427,0.00037377633270807564,1.8688816635403785e-05
3962,0.0007064226240502205,0.0004251355185591211,0.0004175872600171715,2.0879363000858577e-05
3963,0.0005923484813777724,0.00031707014934291144,0.00032431152067147195,1.62155760335736e-05
3964,0.000511833044979046,0.0002446010864108724,0.00027609316748566926,1.3804658374283463e-05
3965,0.000546767287464059,0.0002843317922843284,0.00033042801078408957,1.6521400539204478e-05
3966,0.0004917050010306946,0.0002359176694037392,0.0002846645365934819,1.4233226829674095e-05
3967,0.0005426649282221379,0.00029024581063738004,0.0003404750896152109,1.7023754480760545e-05
3968,0.0005067335367020091,0.0002584899645265165,0.0003173197328578681,1.5865986642893404e-05
3969,0.00046609137301095824,0.00022319427720780743,0.00028717037639580667,1.4358518819790334e-05
3970,0.0004297996289230199,0.00019312464880792959,0.0002618962898850441,1.3094814494252206e-05
3971,0.00042542071008486057,0.0001946707639077676,0.0002588329080026597,1.2941645400132985e-05
3972,0.00041055691825288136,0.00018477346376003466,0.00026881208759732544,1.3440604379866273e-05
3973,0.0004332402569807842,0.0002091706032922763,0.00032553350320085883,1.6276675160042943e-05
3974,0.0006081054118780656,0.00037621920499596515,0.0005112941144034266,2.5564705720171335e-05
3975,0.0005203088707811464,0.0002854559827181741,0.00042003384442068636,2.100169222103432e-05
3976,0.0005109509815941989,0.0002744860684002862,0.00039801219827495515,1.9900609913747758e-05
3977,0.00035079050033916514,0.00011998229200625131,0.00025613969773985445,1.2806984886992723e-05
3978,0.0003850610114808974,0.00015681235525185228,0.0003139288746751845,1.5696443733759226e-05
3979,0.0004077315374887461,0.00018004041639776985,0.000349897745763883,1.749488728819415e-05
3980,0.0005233471709592563,0.0002910003051932981,0.0004520669172052294,2.260334586026147e-05
3981,0.0004084117658786626,0.00017751936793107775,0.0003335817309562117,1.6679086547810586e-05
3982,0.00035273640167576056,0.00012476677412496116,0.0003042242315132171,1.5211211575660855e-05
3983,0.00040325720270729053,0.0001750472895160678,0.00036465117591433227,1.8232558795716616e-05
3984,0.00022355202912015894,3.7429195186396505e-06,0.00019098010670859367,9.549005335429684e-06
3985,0.0001724614569937347,-3.8194155787358546e-05,0.00016744629829190671,8.372314914595335e-06
3986,0.00022355055409505552,1.734852358428097e-05,0.0002493192732799798,1.2465963663998991e-05
3987,0.00018999165243789988,-1.095874426793433e-05,0.000224403222091496,1.1220161104574801e-05
3988,0.00015150772808171877,-4.3999155794424145e-05,0.00021214273874647915,1.0607136937323958e-05
3989,0.0001611774620803411,-3.013557056860882e-05,0.0002287041861563921,1.1435209307819606e-05
3990,0.00017700482847521958,-1.1262986546216718e-05,0.0002443748526275158,1.2218742631375791e-05
3991,0.00019243262052657712,5.9698449868895205e-06,0.0002633473486639559,1.3167367433197798e-05
3992,0.00025934111923756243,7.253215489512528e-05,0.0003022609162144363,1.5113045810721816e-05
3993,0.0002986274065586876,0.00011109714505403138,0.00030858986428938806,1.5429493214469402e-05
3994,0.00034440804148160443,0.00015533969892243352,0.00032517765066586435,1.625888253329322e-05
3995,0.0003709231663416762,0.00018037080004443758,0.00032568597816862166,1.6284298908431083e-05
3996,0.0005671450666265935,0.00036638552149412143,0.0005021968972869217,2.510984486434609e-05
3997,0.0007936912697759558,0.0005741722290512227,0.0006839346024207771,3.419673012103885e-05
3998,0.0006754254904073873,0.00044542189756026395,0.0005407313001342118,2.703656500671059e-05
3999,0.0008025134343231013,0.0005588788882260252,0.0006223539239726961,3.111769619863481e-05
4000,0.0009459259740126103,0.000683166737837877,0.0007526023546233773,3.7630117731168866e-05
4001,0.0007497226051037586,0.0004800498938747776,0.0005347264814190567,2.6736324070952835e-05
4002,0.000820930775846401,0.0005434750127888095,0.0005688938545063138,2.8444692725315692e-05
4003,0.0008644095428874342,0.0005764408330931853,0.000637455377727747,3.187276888638735e-05
4004,0.0008934079641345443,0.0005944505478955846,0.000662510225083679,3.312551125418395e-05
4005,0.0009763642791495073,0.0006636685606451841,0.0007341056480072439,3.67052824003622e-05
4006,0.000866887683769654,0.0005478259926042544,0.0006063382606953382,3.0316913034766914e-05
4007,0.0009743522873895047,0.0006456830298899903,0.0006848670309409499,3.42433515470475e-05
4008,0.0009315302101781234,0.0005968724878713738,0.000627043831627816,3.13521915813908e-05
4009,0.0008843447852009037,0.0005467139977961186,0.0005781104555353522,2.8905522776767614e-05
4010,0.000980836217434627,0.0006352450632564243,0.0006850874633528292,3.425437316764146e-05
4011,0.0009631430001213662,0.000610222648309684,0.0006829540361650288,3.414770180825144e-05
4012,0.0008328560530366105,0.00048058309022548944,0.0005345443496480584,2.6727217482402923e-05
4013,0.00081846708897655,0.0004678311238196743,0.0005183719331398606,2.5918596656993034e-05
4014,0.0009921137943099034,0.0006355841163958198,0.0006687795394100249,3.3438976970501244e-05
4015,0.0010018881732846944,0.0006398633432524941,0.0006664510583505034,3.332255291752517e-05
4016,0.0008918701075071557,0.000531656742108001,0.0005278087919577956,2.6390439597889784e-05
4017,0.000682773798689858,0.00033425197741384857,0.0003313095949124545,1.6565479745622726e-05
4018,0.0007631390079060452,0.000421087584231073,0.0004248033801559359,2.1240169007796795e-05
4019,0.0007681762719700113,0.0004307772409580819,0.00045070741907693446,2.2535370953846725e-05
4020,0.0006463767347379093,0.0003188308319633215,0.0003381822898518294,1.690911449259147e-05
4021,0.0005857176727227105,0.00026965096003721885,0.0002928448957391083,1.4642244786955417e-05
4022,0.0008078922004892,0.0004919611601002636,0.0005036758375354111,2.5183791876770556e-05
4023,0.0007960385927299517,0.000480900240905218,0.00048427729052491486,2.4213864526245744e-05
4024,0.0007802111907743332,0.00046799280673967113,0.0004385717329569161,2.1928586647845805e-05
4025,0.000784681347239712,0.00047670710644706594,0.00040804650052450597,2.04023250262253e-05
4026,0.0008252092498490606,0.0005188990147784962,0.00045398520887829363,2.2699260443914682e-05
4027,0.0007050869549744289,0.0004054967658985283,0.00034908551606349647,1.7454275803174823e-05
4028,0.000553942718093513,0.0002666198498432721,0.00023017276544123888,1.1508638272061945e-05
4029,0.000611628854105529,0.000332738768238406,0.0002919111284427345,1.4595556422136724e-05
4030,0.000588039565921618,0.00031811305047508903,0.00026739746681414545,1.3369873340707273e-05
4031,0.0005360557702892382,0.000276485458976549,0.00022553438611794263,1.1276719305897132e-05
4032,0.0004900840259336378,0.0002429732488986693,0.00016806242638267577,8.403121319133788e-06
4033,0.0004937469728207901,0.00025773098774337577,0.0001773771655280143,8.868858276400716e-06
4034,0.0006761231250235392,0.0004426727348826351,0.00033032242208719254,1.6516121104359626e-05
4035,0.0008412845204062314,0.0006009438608572816,0.0005102116265334189,2.5510581326670945e-05
4036,0.0007322746360301383,0.000491211844371835,0.00039001318509690464,1.9500659254845233e-05
4037,0.0007244889754220554,0.0004836887230585296,0.00037222946411930025,1.8611473205965015e-05
4038,0.000561189047600975,0.000328278118262637,0.00022016836737748235,1.1008418368874118e-05
4039,0.0006604164838822302,0.0004307348415583438,0.0003058913571294397,1.5294567856471985e-05
4040,0.000534167905075193,0.00031236896483699794,0.00020683181355707347,1.0341590677853675e-05
4041,0.0006624530003116843,0.00044115636238983255,0.0003444987814873457,1.7224939074367285e-05
4042,0.0006061707106131322,0.00038846960495900743,0.0002783494128379971,1.3917470641899855e-05
4043,0.00047357685016940793,0.0002664445305264694,0.0001337571447947994,6.68785723973997e-06
4044,0.0005843341353766713,0.0003820978697639335,0.00023499313101638108,1.1749656550819054e-05
4045,0.000653067073020148,0.0004500639645257502,0.00033883083960972726,1.6941541980486365e-05
4046,0.0006506639298960981,0.00044669147962579046,0.00034002706524915993,1.7001353262457998e-05
4047,0.000684163494164933,0.0004775999516193299,0.00037231307942420244,1.8615653971210122e-05
4048,0.0005893033542408938,0.00038503276677351637,0.00027709067217074335,1.3854533608537168e-05
4049,0.0005959346964165251,0.000393381959607555,0.0002873058256227523,1.4365291281137616e-05
4050,0.0007194679815007527,0.0005122342457447865,0.00041312354733236134,2.065617736661807e-05
4051,0.0005679756877080555,0.00036370315868792,0.00026399901253171265,1.3199950626585634e-05
4052,0.0004368747246845398,0.0002406451051009436,0.00016091096040327102,8.04554802016355e-06
4053,0.00048070905290329455,0.0002890570231779387,0.0002218538720626384,1.1092693603131921e-05
4054,0.0004546252024572092,0.0002662794398578356,0.00023964181309565902,1.1982090654782951e-05
4055,0.0005659195171591113,0.00037432453402470265,0.0003646241675596684,1.8231208377983422e-05
4056,0.0005707709366420963,0.00037559547242751215,0.0003720632812473923,1.8603164062369618e-05
4057,0.0004616581150382842,0.00026838500945087514,0.00026619332493282855,1.3309666246641428e-05
4058,0.0004826153976140101,0.00029105437728080567,0.0002695984148886055,1.3479920744430275e-05
4059,0.0004861253535706013,0.00029637839243275494,0.00026574390358291566,1.3287195179145785e-05
4060,0.0005230182638945545,0.0003337705267416627,0.0002895862271543592,1.4479311357717962e-05
4061,0.00038597546019339396,0.0002036689850288415,0.00015932333189994097,7.966166594997049e-06
4062,0.0002062661457442016,3.797138370608869e-05,1.0632489647832699e-05,5.31624482391635e-07
4063,0.00020729356807800336,5.1101114801893744e-05,3.24365209962707e-05,1.6218260498135351e-06
4064,0.00015306835604984243,9.978340839319511e-06,-5.573205271502957e-06,-2.7866026357514785e-07
4065,0.00026072059945207043,0.00012569415499171245,7.560610538348556e-05,3.780305269174278e-06
4066,0.00020411561469853935,7.914388786215826e-05,2.0469226001296192e-05,1.0234613000648097e-06
4067,0.0004329094501131558,0.0003056550763992789,0.00025160593213513494,1.2580296606756747e-05
4068,0.0005673740897603821,0.00043201218639199874,0.0003643568779807538,1.8217843899037688e-05
4069,0.0005718150761442137,0.0004300620313815682,0.00033646883093751967,1.6823441546875985e-05
4070,0.0005255761963103263,0.00038078786868012604,0.0002780159702524543,1.3900798512622715e-05
4071,0.0005725943528198926,0.00042336584123319463,0.00031237013172358274,1.561850658617914e-05
4072,0.0005726087989175923,0.0004192184199476361,0.00031350398785434663,1.567519939271733e-05
4073,0.000600129408343885,0.00044137369059841494,0.0003441730223130435,1.7208651115652174e-05
4074,0.0004922505372742354,0.00033346642709681807,0.0002451636246405542,1.225818123202771e-05
4075,0.00038659340751170224,0.0002334207215100126,0.00013534727622754872,6.767363811377436e-06
4076,0.0002528542288551781,0.00011042024746986817,2.8492320780060254e-05,1.4246160390030128e-06
4077,0.000361025595219715,0.000223029028842212,0.0001424468937329948,7.12234468664974e-06
4078,0.0005629924841023852,0.0004196193230910137,0.00032980841933749616,1.649042096687481e-05
4079,0.000746456604774461,0.000588592299171695,0.0005139124114066362,2.5695620570331813e-05
4080,0.0008092149623207531,0.0006360563186987828,0.000544736860319972,2.7236843015998603e-05
4081,0.0007760154547034229,0.000591363798662262,0.0004891962162218988,2.4459810811094942e-05
4082,0.0006558549603358918,0.00046691639733340863,0.00036405649734660983,1.8202824867330493e-05
4083,0.000546630732656412,0.00035891465792664394,0.00026528097805567086,1.3264048902783543e-05
4084,0.0004346972603767552,0.00025288073452937426,0.00017491211474407464,8.745605737203733e-06
4085,0.0004200015703142745,0.00024355736319335667,0.00018094113329425454,9.047056664712727e-06
4086,0.0003213457455842112,0.00015335742111826286,0.00011232958058826625,5.616479029413313e-06
4087,0.00032276016419122323,0.00016212086718134274,0.0001236067182617262,6.18033591308631e-06
4088,0.00028126494206841523,0.0001282286559614479,0.0001072444356395863,5.362221781979315e-06
4089,0.0004040349801500107,0.0002521541806389353,0.00022450429969467223,1.1225214984733612e-05
4090,0.0003787851676704644,0.00022831084649980874,0.0002138972922693938,1.069486461346969e-05
4091,0.0003277288520784924,0.00018101947919055855,0.00016322836745530367,8.161418372765184e-06
4092,0.00029871795308432386,0.00015637187761194488,0.0001462696527596563,7.313482637982816e-06
4093,0.00025660648338770735,0.00011897862858174954,0.0001330286031588912,6.651430157944561e-06
4094,0.00014520147168889074,1.6337316794063306e-05,4.519228605204262e-05,2.259614302602131e-06
4095,0.0001280615274795103,6.0931191832439175e-06,7.139772787922993e-05,3.5698863939614967e-06
4096,2.315919156100963e-05,-8.933079477745613e-05,9.045403203344904e-06,4.5227016016724524e-07
4097,-5.933387490365098e-05,-0.00016090144939197258,-3.2480547815794125e-05,-1.6240273907897063e-06
4098,0.00014234328749270953,3.9743527097279034e-05,0.000191008293768391,9.55041468841955e-06
4099,0.00015546673046416007,5.19710466176877e-05,0.0001830626861192286,9.15313430596143e-06
4100,0.0002481243974388568,0.00014093269565640165,0.00023730432440061122,1.1865216220030562e-05
4101,0.0004223248940198413,0.0003034010509840399,0.00040104720392264426,2.0052360196132216e-05
4102,0.00044415393648152956,0.0003144130055107008,0.00039535449468530715,1.976772473426536e-05
4103,0.00037230463978899593,0.0002370676914184012,0.0003042503376491368,1.521251688245684e-05
4104,0.00023817586336003985,0.00010483023068714916,0.0001676899119047448,8.38449559523724e-06
4105,4.126130425191025e-05,-8.137869031151691e-05,-6.1598730098921806e-06,-3.0799365049460906e-07
4106,-0.00013425971594606046,-0.00023974103924710719,-0.00014388894487638026,-7.194447243819014e-06
4107,-8.063613146022826e-05,-0.00017333082996132858,-7.600717799505219e-05,-3.8003588997526097e-06
4108,-0.00013733837149885284,-0.0002168306501854413,-0.00010384738561697304,-5.1923692808486525e-06
4109,-9.754143020413591e-05,-0.00016682976569889265,-6.384377047652379e-05,-3.1921885238261897e-06
4110,-0.00015740584309226405,-0.00021512224976810728,-0.00010846676741493866,-5.4233383707469334e-06
4111,-0.00018286230262448328,-0.00022908616703705084,-0.00012448299094103277,-6.224149547051639e-06
4112,-0.00024222091765580556,-0.00027628432896351866,-0.00015554284618701786,-7.777142309350893e-06
4113,-0.00033918229007515985,-0.00035844877807385814,-0.00022670683392789215,-1.1335341696394607e-05
4114,-0.00027810631475273676,-0.0002857494241942418,-0.0001845674414653331,-9.228372073266656e-06
4115,-0.0003426029787456322,-0.0003367737838596769,-0.00024094822583720088,-1.2047411291860045e-05
4116,-0.0003032131029981733,-0.0002863648276663086,-0.0002123963786289096,-1.061981893144548e-05
4117,-0.0002905972113524886,-0.00026441376064719027,-0.0001973162143258378,-9.865810716291891e-06
4118,-0.00022253651775314479,-0.00019179497951416557,-0.00011804255336755887,-5.902127668377943e-06
4119,-8.824254765051421e-05,-5.9246794257967964e-05,-2.723358420553268e-06,-1.361679210276634e-07
4120,-0.00010566968504465794,-7.80657867694714e-05,-1.2329019227763638e-05,-6.164509613881819e-07
4121,-0.00011239305028622655,-8.552603285765005e-05,-2.5149729481199756e-05,-1.2574864740599878e-06
4122,-0.00016198474269906528,-0.00013306479561628483,-8.022841939236969e-05,-4.011420969618484e-06
4123,-0.000187825561772913,-0.00015552631080948705,-0.0001085871335817501,-5.429356679087505e-06
4124,-0.00018032040468997447,-0.00014557889207027176,-9.395182860316709e-05,-4.697591430158355e-06
4125,-0.0001950796895895695,-0.0001579396455292301,-9.715127089293674e-05,-4.857563544646837e-06
4126,-0.0003651783411375914,-0.000318298057254479,-0.0002480143157299608,-1.2400715786498041e-05
4127,-0.0005636336380254691,-0.0004996643309418262,-0.00040616680053062737,-2.030834002653137e-05
4128,-0.0004426917793387488,-0.0003680757895856061,-0.00029842767980881035,-1.4921383990440519e-05
4129,-0.00028055271527310116,-0.00020405373709955695,-0.0001418418250977993,-7.092091254889966e-06
4130,-0.00042381061022728255,-0.00033947965551928345,-0.0002700848563108593,-1.3504242815542966e-05
4131,-0.000534335434068467,-0.00043773463097409465,-0.00037031134706921875,-1.851556735346094e-05
4132,-0.0003053227858373247,-0.00020789585897838906,-0.00015810440527275205,-7.905220263637602e-06
4133,-0.00025710767774128135,-0.00016119807764356604,-0.00011878216901095584,-5.939108450547793e-06
4134,-0.0002117898668514398,-0.00011841628908639282,-0.00010019027831731364,-5.009513915865683e-06
4135,-0.00019411266079148758,-0.00010348531877713621,-9.456728730583563e-05,-4.728364365291782e-06
4136,-0.00023288566386304473,-0.0001426123144180961,-0.00013955611211713403,-6.977805605856702e-06
4137,-9.447048932128294e-05,-1.0672938568367342e-05,-1.603597411303781e-05,-8.017987056518905e-07
4138,-0.0001321008335860871,-5.400465053260322e-05,-2.5149200155283324e-05,-1.2574600077641663e-06
4139,-0.00017933548841126207,-0.00010438873115466232,-6.852119986433536e-05,-3.426059993216768e-06
4140,-0.00010755292527087902,-3.7935408191596404e-05,-1.9229995814384893e-05,-9.614997907192446e-07
4141,-0.00024430659666259527,-0.0001739194235643257,-0.00013412933913059533,-6.706466956529767e-06
4142,-0.00020846553949145546,-0.0001374189397776766,-0.00013024148938711733,-6.512074469355867e-06
4143,-0.00015914194075954786,-8.927725914269896e-05,-9.368771134177223e-05,-4.684385567088612e-06
4144,-6.496997042316338e-05,-1.3497906311901866e-07,-1.596047695784364e-05,-7.98023847892182e-07
4145,-6.030798329836448e-06,5.119930894103868e-05,4.04692800657358e-05,2.0234640032867903e-06
4146,-5.359717082748295e-05,-1.4154436023970238e-06,-1.61865568770736e-06,-8.0932784385368e-08
4147,-1.7917815068835482e-05,2.8629061797914838e-05,1.826290463213809e-05,9.131452316069045e-07
4148,1.8306494530843565e-06,4.2350159944953935e-05,3.4516662708483636e-05,1.725833135424182e-06
4149,6.17180994187432e-06,4.108206394647046e-05,3.505834683892317e-05,1.7529173419461586e-06
4150,0.00010312431333434111,0.00012825496961590526,0.00012717608478851616,6.358804239425808e-06
4151,6.900543295580008e-05,8.577392043191595e-05,0.00011155127867823467,5.577563933911734e-06
4152,0.00030547105161896304,0.00030371835974783435,0.00032764446223154664,1.6382223111577333e-05
4153,0.000372681997203547,0.00035203577734297374,0.00035801102058030665,1.7900551029015332e-05
4154,0.00036705623266540787,0.0003310705448485049,0.000314106437144801,1.570532185724005e-05
4155,0.0002853051872222367,0.0002395198962197254,0.000228721066378057,1.1436053318902852e-05
4156,0.0002466495466458074,0.00019360436425318444,0.0001973246253328398,9.86623126664199e-06
4157,0.00020531393523864092,0.00014765242371883242,0.0001591166073922068,7.95583036961034e-06
4158,0.0002195239276283911,0.00015744446540871988,0.00016545536345802248,8.272768172901124e-06
4159,0.00018518596259149215,0.00012084257840206673,0.00013084149395581335,6.542074697790668e-06
4160,4.312652627710292e-05,-1.675860108001917e-05,2.079599425997003e-06,1.0397997129985015e-07
4161,-1.7198818088828922e-05,-7.008125614247623e-05,-5.0734393880702555e-05,-2.536719694035128e-06
4162,0.00022593438027448284,0.00016930117017983966,0.00015700652147643268,7.850326073821635e-06
4163,0.0001896029979320422,0.00013055373908133606,0.00013137407950125635,6.568703975062818e-06
4164,0.0001554290568810341,9.6086843126396e-05,9.189267439069226e-05,4.594633719534613e-06
4165,0.000194286055131211,0.0001325690436709943,0.00013518281048163772,6.759140524081886e-06
4166,0.0002137490040729199,0.0001494291634539549,0.00014292006380856037,7.146003190428019e-06
4167,0.00017030212461686104,0.0001054970621127882,0.00010455789015395567,5.227894507697784e-06
4168,0.0002785494833260262,0.00020848033644562826,0.00020238188153598458,1.011909407679923e-05
4169,0.00046737316358636677,0.0003826585910985911,0.0003962493792641908,1.981246896320954e-05
4170,0.0004497114240000983,0.00035348314398249816,0.00035054556792601943,1.7527278396300974e-05
4171,0.0004203214769505166,0.0003165406424192971,0.0002893406490329653,1.4467032451648265e-05
4172,0.0003260879883346604,0.00022034049165660908,0.0001922401861520484,9.61200930760242e-06
4173,0.0003773907551214712,0.00026836683289202014,0.0002263386850245297,1.1316934251226485e-05
4174,0.000364227995504543,0.0002520312168654458,0.00023089020396582782,1.1544510198291392e-05
4175,0.0004745425185323685,0.0003540922006799829,0.000338549492880702,1.69274746440351e-05
4176,0.000559273802202474,0.0004271609069459415,0.0004175197973381728,2.087598986690864e-05
4177,0.0005913206046633014,0.0004477280061605143,0.00042981866863556206,2.1490933431778106e-05
4178,0.0006855349302825316,0.0005290733022955413,0.00047540213563479483,2.3770106781739742e-05
4179,0.0007855805081558415,0.0006141419818868026,0.0005372093874029815,2.6860469370149078e-05
4180,0.0007800764318762952,0.0005965467845121099,0.0004976549535058439,2.4882747675292196e-05
4181,0.0007751134976124456,0.0005820060653861758,0.0004674466035794467,2.3372330178972334e-05
4182,0.0007038213972038422,0.0005054965681507435,0.0003971986297983676,1.9859931489918382e-05
4183,0.0007864916899677876,0.0005788227709848621,0.0004912756267003715,2.4563781335018578e-05
4184,0.0006455515806731202,0.00043523536540392426,0.0003708201402332634,1.854100701166317e-05
4185,0.0004412316872344317,0.00023816282341521496,0.00018064625328406692,9.032312664203346e-06
4186,0.00025859620700196097,7.063523456702016e-05,1.9348111891304143e-05,9.67405594565207e-07
4187,0.000248615849705734,7.343634943093223e-05,4.964844629284926e-05,2.482422314642463e-06
4188,0.00021626763496064588,5.299909634147912e-05,4.845176954404451e-05,2.4225884772022256e-06
4189,0.00026951861542941896,0.00011443268631748954,0.00010434838623041287,5.217419311520644e-06
4190,0.00022010674578129904,7.365606482666568e-05,8.02204231149517e-05,4.011021155747585e-06
4191,0.00025348040614384777,0.00011226257319299207,0.0001341270690318197,6.7063534515909856e-06
4192,0.0002914525338395844,0.00015222102621556885,0.00018857592658605427,9.428796329302714e-06
4193,0.00023498213888902003,9.982393742496263e-05,0.00014090436161495745,7.045218080747873e-06
4194,7.70376826967234e-05,-4.7445812241275036e-05,2.656164497238933e-06,1.3280822486194666e-07
4195,8.237047471057755e-05,-3.361922416220094e-05,3.3597789297346026e-05,1.6798894648673013e-06
4196,0.00016458482486744722,5.1417151000528554e-05,0.00013385915372055024,6.692957686027513e-06
4197,0.00012725185493192857,1.8323990565651606e-05,9.775561193237081e-05,4.887780596618541e-06
4198,0.000250577420535619,0.00014038398939258227,0.00020078769011888653,1.0039384505944327e-05
4199,0.00023161423926125834,0.00011991075546356827,0.00020420344662852585,1.0210172331426294e-05
4200,0.00024300569451852892,0.00012962360776877963,0.00020847741689067334,1.0423870844533668e-05
4201,0.0002192975462950994,0.00010531574106747147,0.00018887422629632056,9.443711314816028e-06
4202,0.0002854548860673404,0.00016724987927374592,0.0002626802888698876,1.3134014443494381e-05
4203,9.610095099815591e-05,-1.6893474378508052e-05,7.861499761929736e-05,3.930749880964868e-06
4204,9.284243930916139e-05,-1.4508529941525894e-05,6.666004628641531e-05,3.3330023143207657e-06
4205,-7.40885739245058e-05,-0.00016959141350667811,-6.352231866912916e-05,-3.1761159334564585e-06
4206,7.185243038986812e-05,-1.9478529785386725e-05,7.624333375133574e-05,3.812166687566787e-06
4207,-9.426389411837277e-05,-0.00017577560668490327,-4.553351391223259e-05,-2.2766756956116296e-06
4208,-0.00012001239179304347,-0.0001912646356641586,-6.692655006190762e-05,-3.346327503095381e-06
4209,-9.084643884999969e-05,-0.00015477697259696143,-2.2663061827188358e-05,-1.1331530913594179e-06
4210,1.0372826975320498e-05,-5.3178336506304014e-05,0.00010378870501881465,5.189435250940733e-06
4211,0.00017938093929124874,0.00010883342799989917,0.0002464470744598657,1.2322353722993285e-05
4212,0.0003108733198268528,0.00022825710510785235,0.00035251406370662153,1.7625703185331078e-05
4213,0.0002854276658429938,0.0001927792495871058,0.00032401896896772087,1.6200948448386043e-05
4214,0.00019664238222112537,9.857097730673345e-05,0.0002457614755257964,1.228807377628982e-05
4215,0.0003215092580878837,0.00021362437866548882,0.00034354571835137904,1.7177285917568953e-05
4216,0.00023827673113975068,0.00012516536205546636,0.0002655195421539247,1.3275977107696236e-05
4217,0.00031162118522104986,0.00019056690114139832,0.0003301600518170744,1.650800259085372e-05
4218,0.00042733638895566423,0.0002945735865356048,0.0004171219770796597,2.0856098853982988e-05
4219,0.000379713828759604,0.0002386274746078638,0.0003652391897048801,1.8261959485244007e-05
4220,0.00043548796586080217,0.0002855968337588576,0.0003889856452587992,1.944928226293996e-05
4221,0.0003929651299190651,0.00023721929977635852,0.0003439258725848049,1.7196293629240245e-05
4222,0.00040068944802089444,0.0002406173205686062,0.0003243669343646616,1.621834671823308e-05
4223,0.0004282950342554847,0.00026368436332214546,0.00033701694337651134,1.685084716882557e-05
4224,0.0003168099702076947,0.0001540457404261454,0.00021693375310860574,1.0846687655430288e-05
4225,0.0002724736954103075,0.00011392918792156466,0.00017058484081644565,8.529242040822283e-06
4226,0.0002367136662575325,8.384921569587956e-05,0.00013770816440228373,6.885408220114187e-06
4227,0.00037737075234035454,0.00022456142444761106,0.0002432908077025786,1.2164540385128932e-05
4228,0.000341331854959167,0.0001896377355701263,0.00021939388534519821,1.0969694267259911e-05
4229,0.00036057754834535735,0.00021081662293566503,0.00020092204795219004,1.0046102397609502e-05
4230,0.00029210388477732366,0.00014748964495429017,0.00013396870053838938,6.698435026919469e-06
4231,0.0003883787903964452,0.00024481500991544965,0.00020987178140785545,1.0493589070392774e-05
4232,0.00017920854257051346,4.5124237880512716e-05,3.7971676647430286e-05,1.8985838323715143e-06
4233,0.00029086308168996684,0.00015997579438255846,0.0001531500747660175,7.657503738300875e-06
4234,0.00018767343708567274,6.334464437865316e-05,7.881737110437825e-05,3.9408685552189125e-06
4235,0.0002603765305051954,0.00013891794083569588,0.00014350301353260875,7.175150676630438e-06
4236,0.00033848333368029264,0.00021545560153773908,0.00022603519028052688,1.1301759514026344e-05
4237,0.0004433381498499819,0.0003136680461640359,0.0003266340063419193,1.6331700317095967e-05
4238,0.000489899532914944,0.00035131123203380464,0.00037826827610842884,1.8913413805421444e-05
4239,0.00017738797408101687,4.529267614905451e-05,8.103888831101358e-05,4.051944415550679e-06
4240,0.00027466162303960005,0.00014390157256475048,0.00018209012341685593,9.104506170842797e-06
4241,0.0003296058440002459,0.0001966190578713246,0.00025122991064563394,1.2561495532281697e-05
4242,0.00038397613612236166,0.0002471914441404733,0.00028401296003721654,1.4200648001860829e-05
4243,0.0004292568691353703,0.0002878520336813807,0.0003046640777029097,1.5233203885145486e-05
4244,0.0004173451262816076,0.00027201722308038326,0.0002968145126942545,1.4840725634712726e-05
4245,0.0005874533746825132,0.0004317168922024876,0.0004326601920183748,2.163300960091874e-05
4246,0.0005647819595874325,0.00040141728897121604,0.00038950060843490064,1.9475030421745034e-05
4247,0.0006046665987620389,0.000434259293611417,0.0003899498260580003,1.949749130290002e-05
4248,0.0005766643432232566,0.00040211112123288395,0.0003434973186813295,1.7174865934066475e-05
4249,0.0006998053176844229,0.0005171911566855793,0.0004302083107177168,2.151041553588584e-05
4250,0.0006762301048017039,0.000487467149575462,0.0004030035634059459,2.0150178170297298e-05
4251,0.0006005629444444027,0.0004107406393947639,0.0003114001592621207,1.5570007963106037e-05
4252,0.0005474451671197753,0.0003586742650303148,0.00027410403708927333,1.3705201854463667e-05
4253,0.0006321406636056455,0.00044004609034926126,0.00036246367380954325,1.8123183690477162e-05
4254,0.0005902555268245781,0.00039748632052411296,0.00031303733703680336,1.565186685184017e-05
4255,0.000521649090411809,0.0003320784262997507,0.00023758644238114357,1.187932211905718e-05
4256,0.0004882916661273076,0.00030278311375664814,0.0002179786388296634,1.089893194148317e-05
4257,0.000399991689131322,0.00022154274017743595,0.0001531928573967889,7.659642869839445e-06
4258,0.0003655351458145566,0.0001944605819213824,0.00013819655578117818,6.909827789058909e-06
4259,0.0005174317310760456,0.0003455901442150043,0.00029054225888103247,1.4527112944051625e-05
4260,0.000536883947714484,0.00036228639063217886,0.0003270618908572942,1.635309454286471e-05
4261,0.00044545136075175727,0.0002732955285974618,0.0002245385549031198,1.1226927745155991e-05
4262,0.00045271160077923307,0.0002823758203367759,0.0002351480070501566,1.175740035250783e-05
4263,0.0004146833057745549,0.000247289492543316,0.00021024607121944427,1.0512303560972214e-05
4264,0.00046458920542405126,0.00029692634487341366,0.00027066926122643054,1.3533463061321527e-05
4265,0.0005638561268941296,0.0003895011699621166,0.0003979410685133189,1.9897053425665946e-05
4266,0.0005210550578686362,0.0003422713159716039,0.0003587173414416611,1.7935867072083058e-05
4267,0.0003214131091864237,0.00014857237230622396,0.00015788906603120267,7.894453301560135e-06
4268,0.0003675110430364125,0.00019771331776467243,0.0002126432809745893,1.0632164048729464e-05
4269,0.0003969708060033337,0.000227014589665093,0.000272479432169348,1.3623971608467401e-05
4270,0.00043729820082023856,0.0002661864701949808,0.00029097183141857386,1.4548591570928694e-05
4271,0.00037229709467811084,0.0002040326688599005,0.00021148411906324327,1.0574205953162164e-05
4272,0.00043679146395423393,0.0002681337432322017,0.0002737491449806839,1.3687457249034196e-05
4273,0.0005325211228836707,0.00035988406108719394,0.0003448790230322629,1.7243951151613147e-05
4274,0.0006027160785233672,0.000424306330010146,0.00038438334013335407,1.9219167006667705e-05
4275,0.0005501329227807977,0.00036908844597190177,0.0003286176943220198,1.643088471610099e-05
4276,0.0004873707469011003,0.0003060818735404864,0.0002860401582438499,1.4302007912192494e-05
4277,0.000551664527006993,0.0003673502713961058,0.0003438944695517421,1.7194723477587106e-05
4278,0.0005307411268313151,0.000344535377083542,0.0003250073059462011,1.6250365297310056e-05
4279,0.0005041578970047461,0.0003177917921187052,0.00029366867966018617,1.4683433983009309e-05
4280,0.0005052276881661798,0.0003197677830712075,0.0002737476897891611,1.3687384489458055e-05
4281,0.0005181966223256553,0.0003335061535278436,0.0002761418290901929,1.3807091454509647e-05
4282,0.000429990395366187,0.0002505820030413239,0.00018501175509300083,9.250587754650042e-06
4283,0.00041364310383829235,0.00023990721043462378,0.00017174035019706935,8.587017509853467e-06
4284,0.0005448229603168019,0.00036936566020875336,0.00031202490208670497,1.560124510433525e-05
4285,0.0005465016236317251,0.00036941099884059213,0.0003090339305344969,1.5451696526724845e-05
4286,0.0004972310973141044,0.00032244082040026726,0.00023147655883803964,1.1573827941901982e-05
4287,0.0003332417383516063,0.00016839907035246453,7.672445644857362e-05,3.8362228224286815e-06
4288,0.00024244158603061898,8.960364479868687e-05,2.5234739950974472e-05,1.2617369975487236e-06
4289,0.0002706916949043034,0.00012548351231079932,9.712750761536881e-05,4.856375380768441e-06
4290,0.0002444593906460828,0.00010670284562760467,8.732172864256427e-05,4.366086432128213e-06
4291,0.00015712342579805687,2.9918966311332638e-05,1.2972481272299774e-05,6.486240636149888e-07
4292,9.527196765604385e-05,-1.9381315559612443e-05,-4.196692680125125e-05,-2.0983463400625625e-06
4293,8.657715014664952e-05,-1.6976815060733097e-05,-3.0804705602349713e-05,-1.5402352801174858e-06
4294,6.831276932945606e-05,-2.5001652905793453e-05,-3.111140176770277e-05,-1.5555700883851388e-06
4295,7.560154714120613e-05,-9.652865473301196e-06,-4.1123339542537e-06,-2.05616697712685e-07
4296,0.00012117531428470867,3.934788586472681e-05,7.420364272547886e-05,3.7101821362739432e-06
4297,0.00012197619817132744,4.426414026115264e-05,5.163305831956677e-05,2.581652915978339e-06
4298,0.00010845595680234912,3.608041459653811e-05,1.9873687051585875e-05,9.936843525792938e-07
4299,0.0002923846904620543,0.00021752365279994307,0.00016833090921863914,8.416545460931956e-06
4300,0.0004466877881205085,0.0003615025206314528,0.0003244692925363779,1.6223464626818895e-05
4301,0.00047762540866203956,0.00038173058740444127,0.000341955543262884,1.7097777163144202e-05
4302,0.0005628591614065712,0.0004523801915033879,0.0004335798730608076,2.167899365304038e-05
4303,0.0005954597939561177,0.0004710378931939102,0.0004403119964990765,2.2015599824953824e-05
4304,0.0006728152658290891,0.0005319091752645168,0.0005121429567225277,2.5607147836126388e-05
4305,0.0007090918813756463,0.0005526184124112292,0.0005178331630304456,2.589165815152228e-05
4306,0.000681607304629521,0.00051281759692967,0.00047710054786875844,2.3855027393437922e-05
4307,0.00039753917234151023,0.00023211269755816054,0.00018474581884220243,9.237290942110122e-06
4308,0.0001606104019616658,8.872400364453928e-06,-1.6913092622417025e-05,-8.456546311208513e-07
4309,0.0003743150895288383,0.00022354531721734456,0.00022605390404351056,1.1302695202175528e-05
4310,0.0004948856590888445,0.0003384613173812649,0.00035320103052072227,1.7660051526036114e-05
4311,0.00045009721429514505,0.0002904097136127553,0.00030883451108820736,1.544172555441037e-05
4312,0.0005691958711038626,0.0004018399245822522,0.0004014303849544376,2.007151924772188e-05
4313,0.0004567474455903991,0.0002869500273391947,0.00030605055508203804,1.53025277541019e-05
4314,0.0004911747635733454,0.00031849047992952396,0.00032082729740068316,1.6041364870034158e-05
4315,0.0004049798903933138,0.00023314731563389,0.0002511001075617969,1.2555005378089846e-05
4316,0.00032497556436372033,0.00015768519011995696,0.00017839018255472183,8.919509127736092e-06
4317,8.056825299718272e-05,-7.109133793331143e-05,-4.737093695439398e-05,-2.3685468477196994e-06
4318,4.1912543178159055e-05,-9.471040216993103e-05,-5.1916005759267136e-05,-2.595800287963357e-06
4319,3.52218010364621e-05,-8.876442806116088e-05,-2.4425427909591235e-05,-1.2212713954795618e-06
4320,1.1648774021183838e-05,-0.0001010367180507221,-1.7389860659022816e-05,-8.694930329511408e-07
4321,0.00012178550875418816,1.2348450148838937e-05,0.0001250945933861658,6.25472966930829e-06
4322,0.00021981946226597791,0.00010754861484080759,0.00023600351414643228,1.1800175707321614e-05
4323,0.00028790589339887666,0.00017060099902442097,0.0002778895723167807,1.3894478615839035e-05
4324,0.00042515676464190344,0.00029781314540535043,0.00038229578058235347,1.9114789029117674e-05
4325,0.0003578496046190991,0.0002247257859492303,0.00030856483499519527,1.5428241749759763e-05
4326,0.0002945556916337347,0.00015952511932008386,0.0002410768938716501,1.2053844693582505e-05
4327,0.00039845386337432375,0.0002573449102397779,0.0003301729157101363,1.6508645785506815e-05
4328,0.00045366761755793366,0.0003052494667977595,0.00036285343230701983,1.8142671615350994e-05
4329,0.0004981645779604955,0.0003422857884411523,0.0003760583058465272,1.880291529232636e-05
4330,0.0005386079957463473,0.00037522412988581425,0.0003880767908412963,1.940383954206482e-05
4331,0.0006086081502990122,0.00043614372074934937,0.000431123684393242,2.1556184219662103e-05
4332,0.0005426535357062931,0.0003657680736329352,0.00035115532227791846,1.7557766113895923e-05
4333,0.0007522865855714836,0.0005634613982314479,0.0005108715849928558,2.554357924964279e-05
4334,0.0006752574302152006,0.0004805839873586945,0.00040420182631351054,2.021009131567553e-05
4335,0.0005752942718053203,0.0003815090334795359,0.00028094061417505145,1.4047030708752574e-05
4336,0.0005562719469443374,0.0003638424084197547,0.0002751088177319616,1.3755440886598081e-05
4337,0.0006842390777308417,0.00048677975206709134,0.0004028462280984968,2.014231140492484e-05
4338,0.0005896729712197168,0.0003923096891023001,0.0003052231331821531,1.5261156659107655e-05
4339,0.0006044748236259147,0.0004070933380640702,0.00030928399064578116,1.5464199532289057e-05
4340,0.0005758648214316388,0.00037960762488395476,0.00028713015490211546,1.4356507745105774e-05
4341,0.0005015130529342952,0.0003099340319952737,0.0002152268134523183,1.0761340672615917e-05
4342,0.0005581066067785951,0.00036740390956914795,0.0002864068956114352,1.432034478057176e-05
4343,0.0006397796071973419,0.0004468660809497371,0.0003454440156929195,1.7272200784645976e-05
4344,0.000541106707507237,0.0003513841134529489,0.00023852150479797274,1.1926075239898637e-05
4345,0.0004787386843196781,0.0002948693534004534,0.00018260213255416602,9.130106627708301e-06
4346,0.00041541640772208656,0.00024034331575940293,0.00011703933705575764,5.851966852787883e-06
4347,0.0005308748067583368,0.0003578837466741488,0.00024022361321840435,1.2011180660920218e-05
4348,0.0004899632486314317,0.0003206892060411348,0.00020126288291066885,1.0063144145533442e-05
4349,0.0006722523988826229,0.0004987538587724664,0.000354093179339543,1.770465896697715e-05
4350,0.0006034838104806777,0.0004296610331897787,0.00027789734303951263,1.3894867151975632e-05
4351,0.000725452294037293,0.0005463934012236779,0.00037714079371653497,1.885703968582675e-05
4352,0.0008315173842412673,0.0006423314704925475,0.00048042635899037123,2.4021317949518563e-05
4353,0.0007740490012728968,0.0005783999341083359,0.0004190687614027411,2.0953438070137054e-05
4354,0.0007501603597746696,0.0005494674745757717,0.00040150946006178856,2.0075473003089428e-05
4355,0.0008810671337739361,0.0006686354582199523,0.0005444411654025316,2.7222058270126583e-05
4356,0.0007985586050024624,0.0005798918992826055,0.0004492120642680675,2.2460603213403376e-05
4357,0.0007065861260896257,0.00048695438919725645,0.00035553579800762236,1.7776789900381117e-05
4358,0.000709849036707885,0.0004892619284247935,0.00036075751995667815,1.803787599783391e-05
4359,0.0007730997307793918,0.0005484826461651125,0.00042524540913291276,2.126227045664564e-05
4360,0.0006271789008372898,0.0004061655275225901,0.00027762827812694013,1.3881413906347007e-05
4361,0.0006047815235517039,0.00038784118522629057,0.00026667476049624383,1.3333738024812192e-05
4362,0.0005002404355000073,0.0002913366594182923,0.000182851537829265,9.14257689146325e-06
4363,0.00036013754007501765,0.00016550964355488271,4.8524289013585076e-05,2.4262144506792538e-06
4364,0.00026452459625433326,8.649684734829035e-05,-1.546447310829535e-05,-7.732236554147676e-07
4365,0.0003544352405603915,0.00018597480780832424,0.0001023909353534691,5.119546767673455e-06
4366,0.000367908516916505,0.00020645930606883814,0.0001355155254714191,6.7757762735709555e-06
4367,0.0004755562632365395,0.0003155655125478239,0.00023288986994884908,1.1644493497442454e-05
4368,0.0003902314878509728,0.00023504934260645615,0.00015924545004963875,7.962272502481938e-06
4369,0.0004965997496351436,0.0003409986950025813,0.000256590690696612,1.28295345348306e-05
4370,0.0005470002439519094,0.0003880099901074565,0.00031365107861347497,1.568255393067375e-05
4371,0.0006221752009586291,0.00045680442042654563,0.00037587201222777367,1.8793600611388685e-05
4372,0.00047053724014863707,0.0003071367146361106,0.0002159652067348361,1.0798260336741806e-05
4373,0.0003998936601527378,0.00024171848439865574,0.00015166591037996113,7.583295518998057e-06
4374,0.00043915289216970573,0.0002841634063629448,0.00018769287271425128,9.384643635712565e-06
4375,0.0005309640009742977,0.00037436628298532284,0.0002786580880638212,1.393290440319106e-05
4376,0.0005169513640024271,0.00035990906176821576,0.0002550697245169431,1.2753486225847155e-05
4377,0.000553405563062949,0.000395723905508317,0.00025927627575583756,1.2963813787791878e-05
4378,0.00038098935389348004,0.00023099659635842306,9.345070429844782e-05,4.6725352149223916e-06
4379,0.0004576057459510044,0.0003112346758579548,0.00016761300503276289,8.380650251638145e-06
4380,0.00026220959630720864,0.00012719630838730164,6.631898941122927e-06,3.3159494705614634e-07
4381,0.00020559041601425344,8.23209454401331e-05,-1.4505807484965771e-05,-7.252903742482886e-07
4382,0.0002589537560119075,0.00014302580664984031,5.701431291527115e-05,2.8507156457635574e-06
4383,0.00021396319069767812,0.0001067753099891578,1.5603880456183106e-05,7.801940228091553e-07
4384,0.0002752587116795512,0.00017362077984201717,6.578794273082167e-05,3.289397136541084e-06
4385,0.00047137763417498654,0.00036446041916631525,0.00027178291929885745,1.3589145964942873e-05
4386,0.000597524808138674,0.00048013614081185755,0.0003767065645661205,1.8835328228306027e-05
4387,0.0005592390305117376,0.00043380480963736543,0.00033876695670187473,1.693834783509374e-05
4388,0.0006118008806186392,0.00047664612050861974,0.00038411791319958866,1.9205895659979434e-05
4389,0.0005667862876423364,0.00042484761295110156,0.00033934894599951804,1.6967447299975903e-05
4390,0.0005734457206143298,0.0004240910271457702,0.0003639104834292084,1.8195524171460422e-05
4391,0.0005528102304918059,0.00039857823267750266,0.00032488853321410716,1.6244426660705358e-05
4392,0.0007537837541948181,0.0005861331323149891,0.0005049388273619115,2.5246941368095578e-05
4393,0.0007200622125887203,0.0005429642756830122,0.0004420627374202013,2.2103136871010065e-05
4394,0.0007697403090942958,0.0005840194420574857,0.00044106811401434243,2.205340570071712e-05
4395,0.000654082363640279,0.00046723860179475235,0.00030535642872564495,1.5267821436282247e-05
4396,0.0006546945447188866,0.00046743032021306056,0.000297855818644166,1.48927909322083e-05
4397,0.0007125697528411175,0.0005214086977501799,0.0003702924877870828,1.851462438935414e-05
4398,0.0006646471709063598,0.00047215022107291427,0.0003239680954720825,1.6198404773604127e-05
4399,0.00048390899939515606,0.00029880486220709577,0.00015256031474564224,7.628015737282112e-06
4400,0.0006516039954168181,0.0004640321770123837,0.0003438026469666511,1.7190132348332556e-05
4401,0.0006231405021161875,0.0004341634465353552,0.00032267000642605126,1.6133500321302562e-05
4402,0.0005611683077765472,0.0003755392651547368,0.0002290136180818081,1.1450680904090405e-05
4403,0.00048670735980306637,0.000308411097384359,0.00014660604938399047,7.330302469199524e-06
4404,0.00042403505776567204,0.00025521689874295495,9.554490679875016e-05,4.777245339937509e-06
4405,0.0005850054796969207,0.0004168866308631255,0.0002588045608717948,1.2940228043589742e-05
4406,0.0005621188765590366,0.0003962723626286257,0.00022196079953573644,1.1098039976786822e-05
4407,0.0004565755680894879,0.0002991464247102651,9.479786967858672e-05,4.739893483929336e-06
4408,0.0005016356118008122,0.0003506032691538006,0.00012540961324702948,6.2704806623514745e-06
4409,0.0004830840273093263,0.00033858503690656274,0.00011272539995843545,5.636269997921773e-06
4410,0.0004908518423437881,0.0003523922279162449,0.00011246053327340633,5.6230266636703165e-06
4411,0.0003756362816988222,0.0002476716919424687,1.360968963126652e-05,6.804844815633261e-07
4412,0.00029196921281260694,0.00017765069082790758,-6.331933400360867e-05,-3.165966700180434e-06
4413,0.0002659882686741318,0.00016436495237076175,-6.286221469053999e-05,-3.1431107345269995e-06
4414,0.00019667629546238236,0.00010877752489088254,-0.00010286292672390118,-5.143146336195059e-06
4415,0.00019054085440631165,0.00011502440155190604,-9.67576852417551e-05,-4.837884262087755e-06
4416,0.0001431772731490316,8.109944392443666e-05,-0.0001378263405058533,-6.891317025292665e-06
4417,5.9135682090290224e-05,1.1956542197798732e-05,-0.00018769131565932184,-9.384565782966093e-06
4418,0.00017668379832685538,0.0001358037516450983,-3.8055939512560144e-05,-1.9027969756280073e-06
4419,0.00021747563231378544,0.0001794606077477171,1.5970847016433254e-05,7.985423508216628e-07
4420,0.0003999095319428307,0.0003561533973147077,0.00017971453780774027,8.985726890387015e-06
4421,0.00036876405931774987,0.00032242232149707944,0.00011897742660949007,5.9488713304745035e-06
4422,0.0002754046490654258,0.0002328993526657242,-6.046931957826018e-06,-3.0234659789130095e-07
4423,0.00022012767994204185,0.0001848866093257304,-7.702205766690895e-05,-3.851102883345448e-06
4424,0.0002120730797111172,0.0001837671922634486,-7.841749902581796e-05,-3.9208749512908985e-06
4425,0.00026158625280165793,0.00023689587785470935,-2.1803472918691114e-05,-1.0901736459345558e-06
4426,0.00018051883491675472,0.00016282947365427284,-9.675884939497337e-05,-4.837942469748668e-06
4427,8.529941540650067e-05,7.928615179481802e-05,-0.00019982462981715798,-9.9912314908579e-06
4428,0.0001408274734470742,0.0001435464283036759,-0.00015593542775604874,-7.796771387802438e-06
4429,0.000125424142975344,0.00013651467309420495,-0.0001629249018151313,-8.146245090756566e-06
4430,9.48566881383465e-05,0.00011392402544789259,-0.00016858152230270207,-8.429076115135104e-06
4431,0.0003654049767688149,0.0003788763684514039,8.995320968097076e-05,4.497660484048538e-06
4432,0.0005033563902592329,0.0005039711611410587,0.00023566416348330677,1.1783208174165339e-05
4433,0.00042430689535419275,0.00041835398898464217,0.0001225565792992711,6.1278289649635555e-06
4434,0.0003925567122075264,0.0003824963196772805,8.456869545625523e-05,4.2284347728127615e-06
4435,0.0005613028518069091,0.0005394638581010675,0.0002462626725900918,1.2313133629504593e-05
4436,0.0005619354126416658,0.0005287738455514426,0.00025173634639941156,1.2586817319970578e-05
4437,0.0006210539359612658,0.0005758139735602514,0.0002834193001035601,1.4170965005178005e-05
4438,0.00045874642734554133,0.00041032767484844827,0.00012348081509117037,6.174040754558519e-06
4439,0.0002759971661891725,0.00023353603466029211,-4.9265549023402855e-05,-2.463277451170143e-06
4440,0.00027959411805713436,0.00024159675196193693,-2.1359399397624657e-05,-1.067969969881233e-06
4441,0.0004249842246356933,0.0003833557537882648,0.0001354517153231427,6.772585766157136e-06
4442,0.0003839619907994708,0.00034055092048613204,0.00010006391676142812,5.003195838071406e-06
4443,0.00048756075728470033,0.00043795285288658565,0.00019068355322815478,9.53417766140774e-06
4444,0.00042606761234497526,0.000374624565422761,0.00011035751231247559,5.51787561562378e-06
4445,0.00047085520630959246,0.0004165170407681555,0.00013597714132629335,6.798857066314668e-06
4446,0.00040421893108287586,0.00035009605550296387,7.826789806131274e-05,3.913394903065637e-06
4447,0.0005089985680740754,0.0004488642502169816,0.000204311974812299,1.0215598740614952e-05
4448,0.0004765916230051317,0.0004115379660452399,0.0001888824044726789,9.444120223633945e-06
4449,0.0004892997237723349,0.0004194933343450374,0.00019277534738648683,9.638767369324342e-06
4450,0.00043227766165033257,0.0003598197422245913,0.00015812501078471541,7.906250539235771e-06
4451,0.00023794563831919116,0.00017184773805656992,-1.671534300839994e-05,-8.357671504199971e-07
4452,0.0003331655521153756,0.00026707549681863704,0.00010621283581713215,5.310641790856608e-06
4453,0.0004160380567589408,0.00034479037088768096,0.00020794282318092883,1.0397141159046443e-05
4454,0.0003532009340582163,0.00028146487442067605,0.00011896141950273886,5.948070975136943e-06
4455,0.0002994684557930907,0.0002307876439772893,5.0245180318597704e-05,2.512259015929885e-06
4456,0.0003111547663362868,0.00024515294371006056,5.5627893743803725e-05,2.7813946871901865e-06
4457,0.0003779018921401885,0.000310431295959796,0.0001351640239590779,6.758201197953895e-06
4458,0.0003293210087058653,0.00026331167021186215,7.66833036323078e-05,3.83416518161539e-06
4459,0.0002041876050383791,0.000146239519647253,-5.668940139003098e-05,-2.8344700695015493e-06
4460,0.00014486848426393745,9.662241882575458e-05,-9.785500878933817e-05,-4.8927504394669086e-06
4461,0.00017465740313241348,0.0001334488022009058,-5.7172193919541314e-05,-2.858609695977066e-06
4462,0.0002510023141258395,0.00021211439775986208,2.5515455490676686e-05,1.2757727745338343e-06
4463,0.00021566971345146155,0.00018049492943918556,-9.035554285219405e-06,-4.517777142609703e-07
4464,0.00011213233242404744,8.488166484131093e-05,-9.941992175299674e-05,-4.970996087649837e-06
4465,4.358285741114446e-05,2.6646205625303553e-05,-0.0001572653854964301,-7.863269274821505e-06
4466,-8.144015656919275e-07,-7.296810726268553e-06,-0.00017392061999998987,-8.696030999999494e-06
4467,3.081234750744343e-05,3.18980977478809e-05,-0.00013163848780095577,-6.581924390047789e-06
4468,-9.84094915579692e-05,-8.441253474300276e-05,-0.0002517180982977152,-1.258590491488576e-05
4469,-0.0001660553949215191,-0.0001382687061302673,-0.0002869263116735965,-1.4346315583679826e-05
4470,-0.00022681100619718485,-0.0001846756697459276,-0.00031833667890168726,-1.5916833945084363e-05
4471,-0.00028989384190385094,-0.00023266045594258093,-0.0003551460395101458,-1.775730197550729e-05
4472,-0.00013174252800373347,-6.825661095983423e-05,-0.0002014501951634884,-1.007250975817442e-05
4473,-0.00024271528062768752,-0.0001695770194823383,-0.00028463013586588204,-1.4231506793294103e-05
4474,-0.0002793313985853907,-0.00019640064766971227,-0.00030288725974969566,-1.5144362987484784e-05
4475,-0.00020459572262769546,-0.00011703059969128229,-0.0002154565299861133,-1.0772826499305665e-05
4476,-0.00027672826675217966,-0.00018198956635534538,-0.0002770886931102723,-1.3854434655513614e-05
4477,-0.00018172310478125486,-8.53159628470406e-05,-0.00017846160335466266,-8.923080167733133e-06
4478,-0.0001377432720473251,-4.264159130817775e-05,-0.00012536095164250582,-6.268047582125291e-06
4479,-3.813264124174737e-05,5.084491063391513e-05,-3.0525501642841846e-05,-1.5262750821420925e-06
4480,-4.8824286386624836e-05,3.536259841926922e-05,-5.218234582571313e-05,-2.6091172912856566e-06
4481,-7.977373284372117e-05,1.7628040290750797e-06,-8.875027560861781e-05,-4.437513780430891e-06
4482,4.199543011110001e-05,0.0001144354279147868,4.481277210288681e-05,2.2406386051443407e-06
4483,-6.209775615146018e-05,6.445786955694315e-06,-4.886721944785677e-05,-2.4433609723928387e-06
4484,-0.00017185211480238912,-0.00010158725337293307,-0.0001537636126158759,-7.688180630793795e-06
4485,-9.09522582652359e-05,-2.3554166257816954e-05,-6.10966671956703e-05,-3.0548333597835156e-06
4486,4.553030646570029e-05,0.00010398142269458398,6.337456579785794e-05,3.168728289892897e-06
4487,-1.1117044859307157e-05,4.216864353738294e-05,-2.7024614155379822e-06,-1.3512307077689912e-07
4488,5.5601521841325385e-05,0.00010179423113702523,4.430554690770805e-05,2.2152773453854026e-06
4489,0.00012573237881552093,0.00016192012210378598,0.00011248209193581715,5.624104596790858e-06
4490,0.00017130496753603664,0.00019643588129847822,0.0001468872360419482,7.34436180209741e-06
4491,3.0512275933283016e-05,5.296800603071395e-05,-5.003165824746247e-06,-2.501582912373124e-07
4492,4.350016665927576e-05,6.374854737631142e-05,-5.83686323807342e-06,-2.91843161903671e-07
4493,6.099210310427546e-05,7.931686185434635e-05,-6.191641659825109e-06,-3.095820829912555e-07
4494,2.6544879897075545e-05,4.5788765281530714e-05,-5.921833871980198e-05,-2.960916935990099e-06
4495,8.504492212419035e-05,0.00010381466504590221,-3.085770731559023e-05,-1.5428853657795118e-06
4496,0.00022867059699711552,0.00024126274555281155,8.37879124446772e-05,4.18939562223386e-06
4497,0.00021143121547125503,0.00021933344817348657,6.020292130415328e-05,3.010146065207664e-06
4498,0.0001472349988367356,0.00015441083256986717,-1.2188918844913132e-05,-6.094459422456566e-07
4499,-4.274738309725719e-06,9.080131446476587e-06,-0.00014678055595140904,-7.3390277975704524e-06
4500,-5.509376023283952e-05,-3.517514293804169e-05,-0.0001592307526152581,-7.961537630762906e-06
4501,0.00011797771454849005,0.00013454883245838726,3.129241304122843e-05,1.5646206520614215e-06
4502,0.00010840667084705368,0.00012268325718189013,1.0999017831636593e-05,5.499508915818297e-07
4503,0.00036035033712423175,0.0003618104489736544,0.00022544786042999476,1.1272393021499739e-05
4504,0.00028902853824913356,0.0002824793408915083,0.00014449904847424477,7.224952423712239e-06
4505,0.00042516244295078,0.00040697621188333133,0.000232412334298715,1.162061671493575e-05
4506,0.00047011304960964845,0.0004392068524064777,0.0002729482075665146,1.3647410378325731e-05
4507,0.00044258892861078175,0.00040234174728269516,0.00022390863159671426,1.1195431579835714e-05
4508,0.0006244396503780203,0.0005674625827697265,0.00038783662603236735,1.9391831301618367e-05
4509,0.0006833427603975583,0.000608593881343713,0.0004310853255447,2.1554266277235003e-05
4510,0.0006547596906071439,0.0005666030884288507,0.0003696164640132338,1.848082320066169e-05
4511,0.0005966391541483587,0.0004992807739363118,0.0003083735064137727,1.5418675320688636e-05
4512,0.0005398939266327307,0.000436850090176045,0.0002557180414441973,1.2785902072209865e-05
4513,0.0005587443360240649,0.00044959235948640734,0.0002764409000519663,1.3822045002598316e-05
4514,0.0004896439198578305,0.00037889046853776577,0.00019692382193170488,9.846191096585245e-06
4515,0.000397831733421822,0.0002901132594644643,0.00010980453953379765,5.490226976689883e-06
4516,0.00044118486896820654,0.00033472923001098473,0.00014444375119637698,7.222187559818849e-06
4517,0.0003243703943360737,0.00022426432554102977,4.1176121158059686e-05,2.0588060579029845e-06
4518,0.0002845283216509757,0.0001927132978901445,-4.403099410410505e-06,-2.2015497052052525e-07
4519,0.0003322856728276889,0.00024401679956647653,7.986763375811279e-05,3.99338168790564e-06
4520,0.0003536662169417751,0.00026655194605105625,0.00012019676069030538,6.00983803451527e-06
4521,0.00036072318724681215,0.00027448388894550744,0.00012180301564512774,6.090150782256388e-06
4522,0.00032717549983881045,0.00024322257696071884,9.120288450503722e-05,4.5601442252518614e-06
4523,0.0003617820779799474,0.00027849824597496014,0.0001204228974529542,6.021144872647711e-06
4524,0.00034845461417528745,0.00026672820737739475,0.00010081275104312226,5.040637552156114e-06
4525,0.00022035088284618932,0.00014534476430122127,-4.660604645323474e-06,-2.330302322661737e-07
4526,0.00014545256870731932,7.944386834264427e-05,-5.7573768572183326e-05,-2.8786884286091666e-06
4527,0.00014157317012062327,8.31270843381508e-05,-4.0427745261695236e-05,-2.021387263084762e-06
4528,0.0002457593625573982,0.00018871428804476676,7.105076656443998e-05,3.5525383282219993e-06
4529,0.00026935521818097176,0.0002115086368971,0.0001092515594791621,5.462577973958105e-06
4530,0.0005467312998135494,0.00047523304735679756,0.0003647986159194261,1.8239930795971304e-05
4531,0.0005988093509765495,0.0005134080163074693,0.0003825237217824906,1.912618608912453e-05
4532,0.0005341802692221173,0.0004410338809169163,0.00027771011809818447,1.3885505904909224e-05
4533,0.000565547522175642,0.00046594110317071415,0.00026653651730157435,1.3326825865078717e-05
4534,0.0006167608755117083,0.0005091983432662357,0.00030827836599200964,1.5413918299600484e-05
4535,0.0007126850067720297,0.0005936788059467312,0.000390268221963197,1.951341109815985e-05
4536,0.0006403764159427873,0.0005150163751981148,0.00030425601289607584,1.5212800644803793e-05
4537,0.000638462836302618,0.0005082747510338257,0.00028593753813765943,1.4296876906882972e-05
4538,0.000593462900607108,0.00046041273673312,0.0002559643180575222,1.279821590287611e-05
4539,0.0005762023051514711,0.000440802128335528,0.00025207141879945993,1.2603570939972997e-05
4540,0.0006612441047997227,0.00051946532584545,0.00033734948374331,1.68674741871655e-05
4541,0.00042455724923067337,0.0002876104453910953,0.00012112796684959903,6.056398342479952e-06
4542,0.0003230195082050639,0.00019491964779518766,3.918961374438368e-05,1.959480687219184e-06
4543,0.0005148267542606152,0.00038498143140390604,0.00024182302877306938,1.209115143865347e-05
4544,0.0005967722571331583,0.0004615263371453601,0.00031310052145272493,1.5655026072636246e-05
4545,0.0007061066889117263,0.0005609327248407477,0.0004081952210981399,2.0409761054906995e-05
4546,0.0007043547961312024,0.0005504786699998259,0.0003950521058868617,1.9752605294343087e-05
4547,0.0005014995321448187,0.00034964315928321695,0.00019340659491717815,9.670329745858908e-06
4548,0.0004806779975525653,0.0003312746477797561,0.0001876668247859925,9.383341239299626e-06
4549,0.00033611386772821846,0.00019536395998953667,6.23945306870155e-05,3.1197265343507753e-06
4550,0.00026178161725302153,0.00013204606822379071,6.292616490100045e-06,3.1463082450500224e-07
4551,0.00040514242205095787,0.00027696988271342,0.0001812335685826838,9.06167842913419e-06
4552,0.0005192034028472947,0.0003864884448697057,0.0002964443701785058,1.482221850892529e-05
4553,0.00045058382725748333,0.00031684682056386335,0.00022781206644140184,1.1390603322070093e-05
4554,0.000511146271427677,0.00037474101726894056,0.00026240627630613744,1.3120313815306873e-05
4555,0.0004967200535560693,0.0003587900353471966,0.00024276493059005588,1.2138246529502795e-05
4556,0.0003296063995469407,0.00019879939402236586,7.252275827340782e-05,3.626137913670391e-06
4557,0.00029497343873561486,0.00017274483036992238,3.753642158699222e-05,1.876821079349611e-06
4558,0.0002655367411427295,0.0001527282529872071,1.0128562280442566e-05,5.064281140221283e-07
4559,0.00027446566404271995,0.00016974388922375846,2.361291626584716e-05,1.1806458132923581e-06
4560,0.00017397402461141376,8.097603048062821e-05,-6.20148130110465e-05,-3.1007406505523253e-06
4561,0.00023865018327223384,0.00015287124064764236,1.17760991997784e-05,5.8880495998892e-07
4562,0.00022873468638438514,0.0001496118641278927,9.79897868091939e-06,4.899489340459696e-07
4563,0.0002623467652002381,0.00018781440697831494,3.959470268455334e-05,1.9797351342276673e-06
4564,0.00033386086290725813,0.00025862123473454485,0.00013669367763213813,6.834683881606907e-06
4565,0.00041220874563607617,0.0003314310309031396,0.0002306140522705391,1.1530702613526957e-05
4566,0.000505232493788985,0.00041620472901819953,0.00028919996111653745,1.4459998055826873e-05
4567,0.0004798339842593222,0.00038512316834317747,0.0002475294459145516,1.2376472295727582e-05
4568,0.0004974022038136955,0.0003969650809605863,0.00025760510470718145,1.2880255235359073e-05
4569,0.00043389946058397034,0.00033111412299876826,0.000199120506295003,9.956025314750151e-06
4570,0.00043414866604508603,0.00032944675056383776,0.0001962346286745742,9.81173143372871e-06
4571,0.00045031327044831395,0.00034284007219899024,0.00021738445502705872,1.0869222751352937e-05
4572,0.0005139520977079609,0.00040032859648818044,0.0002892043848987669,1.4460219244938345e-05
4573,0.000758424135775425,0.0006280019075117815,0.0005097629618830979,2.5488148094154897e-05
4574,0.0007574382809573564,0.000612940374737918,0.00047450943384319544,2.3725471692159772e-05
4575,0.0006522722125141976,0.0005015170459320814,0.00033914242521859705,1.6957121260929853e-05
4576,0.000636730221119394,0.0004814178915396503,0.00031923686037771404,1.5961843018885702e-05
4577,0.0004230199848968835,0.00027324849815858445,0.000127085208077915,6.354260403895751e-06
4578,0.0003912373523873387,0.00024796214647593913,0.00010634386853780597,5.317193426890299e-06
4579,0.00027751907913964476,0.0001453986816427172,6.2431035985355265e-06,3.1215517992677633e-07
4580,0.00029715302741662516,0.00017330576081686479,5.040039832238108e-05,2.520019916119054e-06
4581,0.00041326113721287534,0.0002913165411089993,0.00016463053179904819,8.23152658995241e-06
4582,0.0003169767041911178,0.0002015887112015462,6.467079947469756e-05,3.2335399737348783e-06
4583,0.0002923647856236532,0.00018415200707586768,4.330504816607572e-05,2.1652524083037862e-06
4584,0.0003097235854235712,0.00020545655137675084,9.749348828336224e-05,4.874674414168112e-06
4585,0.00023716949419476803,0.0001392173130300653,4.230795821058564e-05,2.115397910529282e-06
4586,0.00034264142272999226,0.0002459663609051627,0.00013395151472650468,6.6975757363252345e-06
4587,0.00035960653546904394,0.00026263840501060246,0.00016063530347310007,8.031765173655004e-06
4588,0.000418281089772056,0.00031922265881096463,0.00019506158423610032,9.753079211805016e-06
4589,0.0004778079403769576,0.0003753690361581832,0.00022231435286812484,1.1115717643406243e-05
4590,0.0005226707275556231,0.000416599171637195,0.00023119329125620425,1.1559664562810214e-05
4591,0.0004342714224844903,0.00032919469539806486,0.00014363526133820415,7.181763066910207e-06
4592,0.0003882691264107467,0.00028537628466584325,0.00012079496082151309,6.0397480410756545e-06
4593,0.0003225696015215978,0.00022441858140040402,6.787547317799181e-05,3.3937736588995905e-06
4594,0.00047700346297361814,0.000374294418601929,0.0002485964505467564,1.242982252733782e-05
4595,0.0005293885769009071,0.00041948342137990835,0.00030376791255548596,1.51883956277743e-05
4596,0.00039478189615702513,0.0002853157332836808,0.00015897229604888707,7.948614802444354e-06
4597,0.0004467214807912372,0.0003351046597710039,0.00021335913334041834,1.0667956667020917e-05
4598,0.0004432129020484637,0.0003285743636596594,0.00023385894019156694,1.1692947009578348e-05
4599,0.00045370537725649584,0.0003353629828594297,0.0002516111417207867,1.2580557086039335e-05
4600,0.0005102041092028199,0.00038489664546611423,0.0003220007929485291,1.6100039647426457e-05
4601,0.0005440510244263324,0.0004099478603668587,0.0003673481405712664,1.8367407028563322e-05
4602,0.0004657196593120892,0.0003272805766986204,0.0002900277904700488,1.450138952350244e-05
4603,0.00046328028470864923,0.00032111175475018293,0.0002866436552722007,1.4332182763610037e-05
4604,0.0006955505966245563,0.0005363543397919482,0.0005595702095888555,2.7978510479442777e-05
4605,0.0006864482362466236,0.0005137832448425752,0.0005075798253528774,2.537899126764387e-05
4606,0.0005477710283190275,0.00037124585631228397,0.00033581399475224316,1.679069973761216e-05
4607,0.0006705213711443785,0.0004853385664763797,0.0004433046269696206,2.216523134848103e-05
4608,0.0005645339385983219,0.00037616178255235616,0.00034675237839110196,1.73376189195551e-05
4609,0.0005993476455814803,0.00040576801443103415,0.0003951053658965975,1.9755268294829878e-05
4610,0.0004947557783917616,0.0003016353893655768,0.0002898785751312971,1.4493928756564857e-05
4611,0.0005705177759804145,0.0003739933396487909,0.00036979533615522087,1.8489766807761045e-05
4612,0.0004869127457210116,0.0002901020676337178,0.0003117564774584025,1.5587823872920127e-05
4613,0.0004172792034076267,0.00022341258587283477,0.00024907736224122345,1.2453868112061173e-05
4614,0.0005407118040618452,0.00034325587001863796,0.0003776228113565594,1.888114056782797e-05
4615,0.0005041707295517829,0.0003052053007871974,0.00033870033803395927,1.6935016901697963e-05
4616,0.0006411725921333093,0.0004352250006758034,0.00045064048026688397,2.25320240133442e-05
4617,0.0006745066662282861,0.0004609725105960818,0.0004704566963482648,2.3522834817413243e-05
4618,0.0007475819381195215,0.0005231708086156432,0.0005465818685479462,2.732909342739731e-05
4619,0.0007222984799294874,0.0004888317841554443,0.0005246538785286248,2.623269392643124e-05
4620,0.0007131350682021314,0.00047223367836577546,0.0005065661971457303,2.5328309857286516e-05
4621,0.0007444212106078279,0.0004947834631719226,0.0005452905897982419,2.7264529489912095e-05
4622,0.0009012101647739876,0.0006356497600276524,0.0007023454527370632,3.511727263685316e-05
4623,0.0009096050983498298,0.0006303095404815848,0.0006791443447582424,3.395721723791212e-05
4624,0.0007517045380613128,0.000469032635125155,0.000493151368573308,2.4657568428665402e-05
4625,0.0008162683656930172,0.0005271241551643146,0.0005664396448992193,2.8321982244960964e-05
4626,0.0007853727159429654,0.000491654702331071,0.0005390954902395606,2.695477451197803e-05
4627,0.0008167396665761766,0.0005177664564293012,0.0005612223758362234,2.806111879181117e-05
4628,0.0006691056066260269,0.0003720905468378374,0.0004253035585861653,2.1265177929308267e-05
4629,0.0005642500319867229,0.00027347110884516407,0.00034103155485354364,1.7051577742677182e-05
4630,0.0006085679679146826,0.00032052122261976685,0.0004055485187564045,2.0277425937820227e-05
4631,0.000549238462282983,0.00026606380928972744,0.0003579732438083738,1.789866219041869e-05
4632,0.00043023886913202606,0.00015672249924053144,0.00025569493300281465,1.2784746650140734e-05
4633,0.00045218969880350554,0.00018536084058602605,0.00030323045211844146,1.5161522605922073e-05
4634,0.0005059243644351707,0.00024149661765759744,0.000377928459784016,1.88964229892008e-05
4635,0.0004721493831313399,0.00021215165674711968,0.00033080618595704436,1.654030929785222e-05
4636,0.0005386631090430094,0.00028011977217081227,0.00038351849070750177,1.917592453537509e-05
4637,0.0004450398784872463,0.00019213225020458052,0.0002958826953545213,1.4794134767726065e-05
4638,0.0002599858029799269,2.0564765833570237e-05,0.00013186241267248988,6.593120633624495e-06
4639,0.0003742371320985214,0.00014133559791913437,0.00025543654919601977,1.2771827459800989e-05
4640,0.00042776090194594877,0.00019848554257177403,0.0003009512438438833,1.5047562192194165e-05
4641,0.0003808889183668046,0.00015756284820053502,0.0002462506527081132,1.231253263540566e-05
4642,0.00047789205686266063,0.0002545022995699386,0.0003575878217816353,1.7879391089081766e-05
4643,0.0004792658496125251,0.00025595851531624717,0.0003513194096740335,1.7565970483701677e-05
4644,0.0002900965529371059,7.632684580521376e-05,0.00016085717652458698,8.04285882622935e-06
4645,0.00034543817404937923,0.00013720582384187793,0.00023108463210519403,1.1554231605259702e-05
4646,0.00046511110622264704,0.0002557992880839755,0.0003543105849530548,1.771552924765274e-05
4647,0.0006665624186555539,0.00044764918327501213,0.0005223175976425409,2.6115879882127048e-05
4648,0.0007338684540006585,0.0005043902417573799,0.0005499809631146491,2.7499048155732456e-05
4649,0.000789728971959147,0.0005501206854621725,0.0005547449691221118,2.7737248456105593e-05
4650,0.0008841021526142345,0.0006316464228654061,0.0006240687216632068,3.1203436083160345e-05
4651,0.0008652223360324022,0.0006029730818382792,0.0005811831797473133,2.9059158987365666e-05
4652,0.0008683188363195782,0.0005981200650455587,0.0005607596831396222,2.8037984156981112e-05
4653,0.000818552288017714,0.0005447591745669797,0.0004876595048699528,2.438297524349764e-05
4654,0.0007038890903772663,0.00043261550626684986,0.00037422028253786266,1.8711014126893134e-05
4655,0.0007564655087684671,0.00048492918566361956,0.0004307955678086728,2.153977839043364e-05
4656,0.0009301644405149302,0.0006507366140738525,0.0005839811055921018,2.919905527960509e-05
4657,0.0008814348643557185,0.0005978466792785096,0.0005172524251975119,2.5862621259875596e-05
4658,0.0008805007113478454,0.0005938496049152127,0.0005023578996770084,2.511789498385042e-05
4659,0.0009506357326000414,0.0006592136444140218,0.0005421870737336576,2.710935368668288e-05
4660,0.0008411220181751098,0.0005506503305717753,0.0004345561028458178,2.1727805142290892e-05
4661,0.0007350094856270482,0.000450020374335282,0.00034558604238554835,1.727930211927742e-05
4662,0.0007146553360966965,0.00043581057080619475,0.00032766733784228563,1.6383366892114284e-05
4663,0.0006782373095296763,0.00040636926490254636,0.0003032660169992596,1.5163300849962981e-05
4664,0.0005775519743380225,0.0003158287481105289,0.00023016933118924499,1.150846655946225e-05
4665,0.0007370750858953821,0.00047694149901440395,0.00038770592072978616,1.938529603648931e-05
4666,0.0008417927662658064,0.0005769287387455349,0.0005073821521364152,2.5369107606820763e-05
4667,0.000778112267835549,0.0005132402603313676,0.00041495641926303506,2.0747820963151755e-05
4668,0.0008593838347385371,0.0005914549789025382,0.00047671442735008895,2.383572136750445e-05
4669,0.0007487604243134817,0.00048429220685229695,0.0003496304852887988,1.748152426443994e-05
4670,0.0006762392204610811,0.0004184425695625662,0.00028329974156804383,1.4164987078402191e-05
4671,0.0005642679064724011,0.00031584296568342465,0.0002220133028458804,1.110066514229402e-05
4672,0.0004631870698393962,0.00022720380749875372,0.00014873375766910613,7.436687883455307e-06
4673,0.0006469494813189876,0.00041307131388126683,0.00033884914591908455,1.6942457295954228e-05
4674,0.00047075751584448825,0.0002463748643056073,0.000182650241185911,9.132512059295551e-06
4675,0.0005076343735786627,0.0002903387981371435,0.0002183958567911759,1.0919792839558796e-05
4676,0.0005414447394939732,0.00032895680715756316,0.00025235911016352475,1.2617955508176238e-05
4677,0.0006673390709321335,0.0004535574638399075,0.0003652776649687439,1.8263883248437196e-05
4678,0.0005933604049412088,0.0003813430198429786,0.00030189676908776164,1.5094838454388082e-05
4679,0.0007145406091415898,0.0004977774511815954,0.000429534848080948,2.14767424040474e-05
4680,0.0006740322259107639,0.0004550451261022705,0.0003827269247267395,1.913634623633698e-05
4681,0.0006425186977600267,0.00042415402698881477,0.00032934456248767674,1.6467228124383838e-05
4682,0.0005099035694728574,0.00029911403388389174,0.00019104027887806296,9.552013943903149e-06
4683,0.0006737752652852173,0.00046363042633726554,0.0003225814725738019,1.6129073628690094e-05
4684,0.0005242802690839279,0.00032158690833291524,0.0001831203990150243,9.156019950751216e-06
4685,0.0004345859005754278,0.00024245167849609405,0.00011246305075474083,5.623152537737042e-06
4686,0.0004655435649857115,0.00028079732937383534,0.0001623869320610538,8.11934660305269e-06
4687,0.0004491787409749657,0.00027227222958541724,0.0001410236582159996,7.051182910799981e-06
4688,0.0006193343560860515,0.00044236139183918583,0.00028682727133855224,1.4341363566927612e-05
4689,0.0006255025732425127,0.00044768682569419177,0.0002977125986944884,1.4885629934724421e-05
4690,0.00059524839829592,0.00041861122901855314,0.00025633073528297246,1.2816536764148624e-05
4691,0.00047145871237762007,0.00030174115305019433,0.00014000129885971546,7.000064942985774e-06
4692,0.00040096142100781295,0.0002404979329290374,8.601816807640716e-05,4.300908403820358e-06
4693,0.0005839497453495851,0.0004213252750016991,0.00030254930607043207,1.5127465303521603e-05
4694,0.0006492702708171513,0.00047996772242366666,0.00039049339829944074,1.952466991497204e-05
4695,0.00070256483532114,0.0005249354192629976,0.000429036415880546,2.14518207940273e-05
4696,0.0007355777913058342,0.0005486239560119571,0.00045919770491309464,2.2959885245654733e-05
4697,0.0008215227011368399,0.000621613016083882,0.0005447784787975252,2.723892393987626e-05
4698,0.0009944855253852438,0.0007745288166637517,0.0007041268399916589,3.5206341999582945e-05
4699,0.0008305282457504626,0.0006022217274829147,0.0004963382380083203,2.481691190041602e-05
4700,0.0009791129359928593,0.0007369338315108612,0.0006248903810046613,3.1244519050233066e-05
4701,0.0010739852696631431,0.0008151019082803639,0.00070190365659073,3.50951828295365e-05
4702,0.001149869994166664,0.0008720431877960934,0.0007706884061917663,3.8534420309588316e-05
4703,0.0011435270006477964,0.0008501244965277709,0.0007308914209716022,3.6544571048580114e-05
4704,0.000994761977212485,0.00069536328195326,0.0005649484810419381,2.8247424052096906e-05
4705,0.0009108148734876933,0.0006113225585267152,0.00046251455205492675,2.312572760274634e-05
4706,0.0007830142490127401,0.0004895545269795968,0.00034604655229486525,1.7302327614743265e-05
4707,0.000747945428376126,0.00046074008934530726,0.00033806756255216897,1.690337812760845e-05
4708,0.000740505829117724,0.00045811050272068053,0.0003595298039726913,1.7976490198634565e-05
4709,0.0006726998531590806,0.00039729553627977594,0.0003084041236434132,1.542020618217066e-05
4710,0.0007921790194775758,0.0005167892372545523,0.00043827976332977414,2.1913988166488708e-05
4711,0.0007452418445058739,0.00047125478072268816,0.00040681453538127244,2.0340726769063623e-05
4712,0.0008630881104608343,0.0005855502911621381,0.0005031083710491657,2.515541855245829e-05
4713,0.0009539249537898601,0.0006679520121255012,0.0006031825905665755,3.0159129528328778e-05
4714,0.0010253160683487313,0.0007277928801139895,0.0006745856371708214,3.372928185854107e-05
4715,0.0009723139960973847,0.0006682176967591145,0.0005897320806980133,2.9486604034900665e-05
4716,0.0008892025918879563,0.0005839579131148899,0.000493229425046593,2.466147125232965e-05
4717,0.0010384584694801764,0.000724980367858139,0.000640625657979399,3.203128289896995e-05
4718,0.0009838609459351946,0.0006655334733771628,0.0005831131129525602,2.915565564762801e-05
4719,0.0008925708319936904,0.0005756652467299071,0.0004662797728087753,2.3313988640438767e-05
4720,0.000671524540295928,0.0003668886149707604,0.0002512257487978786,1.2561287439893933e-05
4721,0.0007459809766933791,0.00044865326234586067,0.00033926955075003207,1.6963477537501604e-05
4722,0.0007831439761314103,0.0004892310301045159,0.000405771192163229,2.0288559608161452e-05
4723,0.0007832360956292832,0.0004920790620765943,0.0004112913447897881,2.0564567239489407e-05
4724,0.0007329477456902308,0.00044722217507332096,0.0003521801845636219,1.7609009228181096e-05
4725,0.000688012924921071,0.0004089054197921762,0.00032103617559187114,1.605180877959356e-05
4726,0.0005560494321639024,0.00028885620654562705,0.00020585593301802874,1.0292796650901438e-05
4727,0.000676402639465461,0.00041405875460317137,0.00033205279032699764,1.660263951634988e-05
4728,0.000689129626398898,0.00043013943784813314,0.0003514894924592227,1.7574474622961133e-05
4729,0.0007586454821620946,0.0004989640431408718,0.0004251310892868787,2.1256554464343936e-05
4730,0.0007746990047398105,0.000514297106048377,0.0004236142849549651,2.1180714247748257e-05
4731,0.0007233663721927417,0.0004652785324611408,0.0003628208360169083,1.8141041800845416e-05
4732,0.0006377122262981111,0.0003854844114089269,0.000289615651126951,1.448078255634755e-05
4733,0.0007134678962974658,0.00046192348055425946,0.0003865860926453024,1.9329304632265123e-05
4734,0.0006311125074965538,0.0003834619518879178,0.0003192069416400045,1.5960347082000225e-05
4735,0.0006080644184649789,0.0003655878725043614,0.0002886129659600556,1.443064829800278e-05
4736,0.0006625104661348645,0.00042172642842850294,0.0003513136471156031,1.7565682355780154e-05
4737,0.0006491660990011461,0.00041068690420683636,0.00033477708348073065,1.6738854174036533e-05
4738,0.0006967710554458814,0.00045778517282385207,0.0003871315566357225,1.9356577831786128e-05
4739,0.0006792794632261188,0.0004398710086208793,0.00038446058169938624,1.9223029084969312e-05
4740,0.000476220814795954,0.00024501053272243234,0.00021207830286584795,1.0603915143292397e-05
4741,0.00046149050216239115,0.00023606397475105223,0.0002524202864151448,1.262101432075724e-05
4742,0.0005524883320774101,0.0003265786477245558,0.0003691083693411201,1.845541846705601e-05
4743,0.0005378242651388246,0.00031108983766545844,0.00037310508196242154,1.8655254098121077e-05
4744,0.0003758009283003158,0.0001552093288674448,0.000233471451792866,1.16735725896433e-05
4745,0.00043181843271284965,0.00021366784935767974,0.000301436404697597,1.5071820234879853e-05
4746,0.0004140043056002604,0.0001987460366837961,0.0002877216611523181,1.4386083057615907e-05
4747,0.0006457483539528886,0.0004223727000320619,0.0005033168126828969,2.5165840634144845e-05
4748,0.0007077036688488493,0.0004740139020744847,0.0005533751682378352,2.766875841189176e-05
4749,0.0008618908371543565,0.0006127608880326807,0.0006682486273348331,3.341243136674166e-05
4750,0.0008567045190344331,0.0005953721159121806,0.000623201543930918,3.11600771965459e-05
4751,0.0008331867978996446,0.0005629547288418563,0.0005765195819549263,2.8825979097746315e-05
4752,0.0006963280778904825,0.00042518986239141286,0.0004326891794335097,2.1634458971675488e-05
4753,0.0006339985464432148,0.00036516337507470117,0.0003755117941182107,1.8775589705910536e-05
4754,0.000743305488604873,0.0004700171560871874,0.0005110763013362885,2.5553815066814423e-05
4755,0.0008113494779177353,0.0005298816289981735,0.0005900947726331651,2.950473863165826e-05
4756,0.0006156955048639537,0.0003365334497882355,0.00039004485006444156,1.950224250322208e-05
4757,0.0005291591854919123,0.0002562299130663564,0.0003129549731966108,1.5647748659830542e-05
4758,0.0006141250596214687,0.0003408171226918354,0.00043968690442852676,2.198434522142634e-05
4759,0.0007158983347871039,0.0004374205466569423,0.0005337785696610808,2.6688928483054045e-05
4760,0.0004452360537383933,0.00017579978015429216,0.00025390859809704125,1.2695429904852063e-05
4761,0.0003257049209047229,7.067014245546795e-05,0.0001395957951899618,6.9797897594980896e-06
4762,0.00034533509103757743,0.00010176127153744001,0.00018170847033616155,9.085423516808078e-06
4763,0.0004041412448021654,0.00016738465295209286,0.0002570786455180496,1.285393227590248e-05
4764,0.00042583654523038094,0.0001946585910596626,0.0002685461367946118,1.342730683973059e-05
4765,0.0005761572766570096,0.00034390895898810765,0.0003910285886377096,1.955142943188548e-05
4766,0.0006008100149126052,0.00036583821709221926,0.0004211203195154667,2.1056015975773337e-05
4767,0.0006483650510654938,0.00040906780815579233,0.0004546689160633832,2.273344580316916e-05
4768,0.0005538702849824088,0.0003163705100305727,0.00033698632614687085,1.6849316307343542e-05
4769,0.000654727871473853,0.0004158261810873392,0.00040105314110405743,2.0052657055202873e-05
4770,0.0006382800231934238,0.00039903070499683514,0.0003813586081378162,1.9067930406890812e-05
4771,0.0006259001984457518,0.00038618804409423514,0.0003845316532533616,1.9226582662668082e-05
4772,0.0006454621296160115,0.0004033177381864708,0.00042470087646506727,2.1235043823253365e-05
4773,0.0006150245381728095,0.0003722886178002924,0.00039054633816704154,1.9527316908352077e-05
4774,0.0006834320492981703,0.000437242884152147,0.0004493707965593785,2.2468539827968926e-05
4775,0.0006919158634147679,0.00044170933101289595,0.0004646130546461791,2.3230652732308955e-05
4776,0.000703923216537305,0.0004498867532571798,0.00046627692063339055,2.3313846031669528e-05
4777,0.0008660685766478103,0.0006012022287015323,0.0006120615289546549,3.0603076447732745e-05
4778,0.0008922371774132295,0.0006164382272756604,0.0006268394645303488,3.134197322651744e-05
4779,0.0008038049172597045,0.000523842241356217,0.0005069353501312435,2.5346767506562175e-05
4780,0.0007863519004459515,0.00050468353097502,0.00046772719360888004,2.3386359680444004e-05
4781,0.0008067208174710383,0.000522406507276783,0.0004919895436614752,2.4599477183073762e-05
4782,0.0008108859630024448,0.0005235642338018516,0.000503872346598655,2.5193617329932752e-05
4783,0.0007432591037835094,0.00045599292823759807,0.0004473098961170763,2.2365494805853815e-05
4784,0.000674807872933837,0.0003910296691185331,0.00038040170329622924,1.9020085164811463e-05
4785,0.000818456252199133,0.0005293772338736519,0.0005534559604711831,2.7672798023559156e-05
4786,0.000719953911423445,0.00043058547195804934,0.0004573346523102373,2.2866732615511866e-05
4787,0.0008346233032492098,0.0005403538684027808,0.0005514156655408442,2.757078327704221e-05
4788,0.0008743938230499612,0.0005751997200457157,0.0005573534872382879,2.7867674361914396e-05
4789,0.0008185305248605277,0.000518963111377897,0.00047319443547166884,2.3659721773583445e-05
4790,0.0009086938817399689,0.0006053304655115657,0.0005446340655907989,2.7231703279539945e-05
4791,0.0007787593702015667,0.0004785799860829898,0.00040985902887769043,2.0492951443884524e-05
4792,0.0006538759154895648,0.0003621389314650775,0.00030344384140335023,1.5172192070167513e-05
4793,0.0008348080013331849,0.0005417230049081912,0.0004905795212835073,2.452897606417537e-05
4794,0.0008858314764743036,0.0005886014032382124,0.0005445168353617191,2.7225841768085958e-05
4795,0.0009154321380933377,0.0006139572768472871,0.0005497696693055332,2.748848346527666e-05
4796,0.0008431027307533002,0.000542518750463165,0.00045242183841764927,2.2621091920882465e-05
4797,0.0008531049190025236,0.0005531831508767103,0.0004581797984428704,2.290898992214352e-05
4798,0.0008473453775516897,0.0005480475015087265,0.0004587557923514396,2.2937789617571982e-05
4799,0.0006269433733905462,0.000339195451539329,0.00023955616052262485,1.1977808026131244e-05
4800,0.000558453233298209,0.0002852079486679358,0.00016903062351047993,8.451531175523997e-06
4801,0.0004978179090384968,0.00023976235403524375,0.00013682767166756094,6.8413835833780474e-06
4802,0.0004843211578762407,0.00024057176386190214,0.0001327012578258291,6.635062891291455e-06
4803,0.0006219471996930254,0.00038506612832359344,0.0002592435048427433,1.2962175242137164e-05
4804,0.0005776936587317909,0.00034967932898855443,0.00020412213052622974,1.0206106526311488e-05
4805,0.0002163273741809324,1.3258622250177123e-05,-0.00013185039279051125,-6.5925196395255625e-06
4806,0.0003128917030890968,0.0001282576098809123,-3.134802318527363e-05,-1.5674011592636817e-06
4807,0.0001507669553979637,-1.2114122497865363e-05,-0.00012696212797891349,-6.348106398945675e-06
4808,7.332221198025532e-05,-6.72835886861392e-05,-0.00016951853467617184,-8.475926733808592e-06
4809,9.755374818193598e-05,-2.4908990218506265e-05,-0.00012064290785929188,-6.032145392964594e-06
4810,0.00017238245240040778,6.066109634463711e-05,-3.3724970762705198e-06,-1.68624853813526e-07
4811,0.00019296491100517527,8.883615681523881e-05,3.730416938196868e-05,1.865208469098434e-06
4812,1.0972423060802628e-05,-7.869050584052578e-05,-0.00011582054139580578,-5.791027069790289e-06
4813,8.127201491699314e-05,2.396048532527467e-06,-6.227062112884596e-05,-3.113531056442298e-06
4814,9.053004079415708e-05,1.988555090856225e-05,-2.936488453997299e-05,-1.4682442269986496e-06
4815,0.00021154026447923758,0.0001427862649842183,8.238026202889159e-05,4.1190131014445795e-06
4816,0.0002508292775086527,0.00018093721572462395,0.00013541652879212052,6.770826439606026e-06
4817,0.00011292285148839241,4.813661785475354e-05,8.765525308263022e-06,4.3827626541315115e-07
4818,4.375189073827496e-05,-1.3240781469962548e-05,-5.062320633442141e-05,-2.5311603167210707e-06
4819,0.00015472212469792667,0.000100295912039378,4.4200776756042615e-05,2.2100388378021306e-06
4820,0.0002693409424269089,0.00021176474515758318,0.0001523261598777026,7.61630799388513e-06
4821,0.0003865802002877151,0.00032038580523261807,0.0002623789187055081,1.3118945935275407e-05
4822,0.0005292153722257593,0.0004488599198011546,0.00038186568417586386,1.9093284208793193e-05
4823,0.00044921400043633,0.0003596140091359054,0.00030057915137149394,1.5028957568574698e-05
4824,0.0005568080071765607,0.00045419654078458023,0.00039140268927440047,1.9570134463720026e-05
4825,0.0005918102652459753,0.000477040632682289,0.0003928827936761081,1.9644139683805406e-05
4826,0.00032093061639402326,0.00020825790675172367,0.00012666828115470707,6.333414057735354e-06
4827,0.00036739772557559645,0.00025414255727315303,0.00018543450278230011,9.271725139115007e-06
4828,0.00023821644071669363,0.00012927573918438776,9.003949526231736e-05,4.5019747631158685e-06
4829,0.0004190546239669799,0.00030602481230061854,0.00025489405379630625,1.2744702689815313e-05
4830,0.0004690780758265391,0.0003502161771614684,0.00029249454382807016,1.462472719140351e-05
4831,0.0003961647894747824,0.00027553974446810266,0.00021782450494356453,1.0891225247178227e-05
4832,0.0005278210231843939,0.0003987186016606421,0.00035638330155052245,1.781916507752612e-05
4833,0.0006480149646159057,0.0005049125984909941,0.00047669713967479765,2.3834856983739885e-05
4834,0.000518745507339744,0.00036962916636065074,0.0003343361022416502,1.6716805112082513e-05
4835,0.0005135573858583841,0.00035980375302989724,0.00031927114468999207,1.5963557234499604e-05
4836,0.00044483359122676633,0.0002900192433412731,0.00025700413971208036,1.2850206985604018e-05
4837,0.00030956374217170604,0.00016085305750301816,0.0001182850610348396,5.91425305174198e-06
4838,0.0001857813319688414,4.877441586917795e-05,2.1024923171353294e-06,1.0512461585676647e-07
4839,0.00022849956547560583,9.914045892882177e-05,7.026279490673915e-05,3.5131397453369573e-06
4840,3.962267347719771e-05,-7.536037685385396e-05,-7.667135650990531e-05,-3.833567825495266e-06
4841,4.214820910658032e-05,-5.993573154972438e-05,-6.556341395480558e-05,-3.2781706977402794e-06
4842,3.1512543643128486e-05,-5.904925451329268e-05,-5.7337038015248254e-05,-2.8668519007624127e-06
4843,2.5665256051508473e-05,-5.417884911048777e-05,-5.9578651416813955e-05,-2.9789325708406977e-06
4844,0.00012069597271373529,4.5992963366966776e-05,3.435122562223114e-05,1.7175612811115571e-06
4845,0.0001145924608489895,4.39677556202183e-05,4.369517773739062e-05,2.1847588868695314e-06
4846,9.25658972814815e-05,2.550576750822753e-05,4.5334894821280614e-05,2.266744741064031e-06
4847,7.940263796645e-05,1.5320969798869437e-05,5.021348624723032e-05,2.510674312361516e-06
4848,0.00033055470541319264,0.0002588577463952583,0.0002563287562225014,1.281643781112507e-05
4849,0.00034409457511760895,0.0002650567827230854,0.00025615369668230414,1.2807684834115208e-05
4850,0.00038942308702478697,0.00030173289400548377,0.0002915413642767817,1.4577068213839084e-05
4851,0.0003463938655140427,0.0002527761132964643,0.0002489417383912951,1.2447086919564754e-05
4852,0.0003637963404061528,0.0002637254418081214,0.0002697523159440607,1.3487615797203035e-05
4853,0.00032443058176556694,0.00022043748400224557,0.0002293319266755134,1.146659633377567e-05
4854,0.0002602865335876222,0.000155761632459509,0.00016922720533329993,8.461360266664997e-06
4855,0.00035582461365009165,0.00024691088080024576,0.0002498264075256884,1.249132037628442e-05
4856,0.0005027609246170003,0.0003832983691839573,0.0003786080051213503,1.8930400256067517e-05
4857,0.0004806844311428636,0.000354416680002574,0.0003161083732265979,1.5805418661329897e-05
4858,0.0006086464367921506,0.00047043820835147946,0.0004301465523894876,2.1507327619474382e-05
4859,0.0007287378156373143,0.0005740564182828319,0.0005367209087125957,2.6836045435629785e-05
4860,0.0008396821021707501,0.0006651284384774544,0.0006267761928029358,3.133880964014679e-05
4861,0.0009464124262993955,0.0007500119256830616,0.0006939909653738141,3.469954826869071e-05
4862,0.0010132090894103029,0.000794488920582731,0.0007352459942921996,3.676229971460998e-05
4863,0.001026329675340037,0.0007881370614822454,0.0007121154922060668,3.5605774610303345e-05
4864,0.0009168009371451314,0.0006675549560625286,0.0005755536840297282,2.877768420148641e-05
4865,0.0010534510166306864,0.000787462336476762,0.000712225039023906,3.56112519511953e-05
4866,0.0010458138596688774,0.0007648607574564079,0.0007016545860096812,3.5082729300484065e-05
4867,0.0010533316725619877,0.0007601748799042083,0.0006705147679895163,3.3525738399475816e-05
4868,0.0009821485730238657,0.0006821586751398689,0.0005841462407261133,2.920731203630567e-05
4869,0.0009400431822251219,0.0006356286657570769,0.0005506479064933956,2.753239532466978e-05
4870,0.001028033413909244,0.000715491164400052,0.0006346096051856875,3.173048025928438e-05
4871,0.0008824063650408156,0.0005698261655637834,0.0004844856448471546,2.422428224235773e-05
4872,0.0007824333306675688,0.0004746340313115893,0.00039260368794202805,1.9630184397101402e-05
4873,0.000773672546405231,0.0004705451889200173,0.0003918584843631834,1.959292421815917e-05
4874,0.000859456095730406,0.0005554214152672262,0.0004977912176400423,2.4889560882002117e-05
4875,0.000628247437343503,0.000334119193769341,0.0002802377857733518,1.401188928866759e-05
4876,0.0006093261092787067,0.00032564613573621596,0.00025929565890692174,1.2964782945346089e-05
4877,0.0004529726392231323,0.00018558854516124206,0.00012834029621444643,6.417014810722322e-06
4878,0.0004517978999921447,0.00019907174629406874,0.0001399302127538249,6.996510637691245e-06
4879,0.00032092463278213213,8.675018994366703e-05,3.973901038989425e-05,1.9869505194947125e-06
4880,0.00031154073447856934,9.330085907832727e-05,6.554790161317214e-05,3.277395080658607e-06
4881,0.00041673711325262855,0.0002078756074977811,0.00017106741142924875,8.553370571462438e-06
4882,0.00040435239775199006,0.00020322812947218423,0.00018500545411370695,9.250272705685348e-06
4883,0.00039301663842379776,0.00019939071265633024,0.00017505872529000044,8.752936264500023e-06
4884,0.00037792941476809383,0.00019159571512104945,0.00016627731383778155,8.313865691889077e-06
4885,0.00035048991985568446,0.0001725828329543035,0.0001315814588451758,6.57907294225879e-06
4886,0.0003237171957696687,0.0001545852949797711,0.00011184269533259794,5.592134766629897e-06
4887,0.00026784165270924695,0.00010931009015285152,6.194398156367242e-05,3.0971990781836215e-06
4888,0.00026032758502592026,0.00011226922930462408,4.9079051677836105e-05,2.4539525838918056e-06
4889,0.0004488759685139694,0.00030159032778173667,0.00022703627473674715,1.1351813736837358e-05
4890,0.00044029679023632127,0.0002939015942731782,0.0002177999704144895,1.0889998520724475e-05
4891,0.00037340231019944756,0.00023077422459112594,0.0001567736326251179,7.838681631255895e-06
4892,0.00031386038136164496,0.00017719898972320472,0.00010779061267385259,5.38953063369263e-06
4893,0.0003912954249534144,0.0002553204829686329,0.0002056964731309563,1.0284823656547816e-05
4894,0.00033473098240466916,0.00020067647492758652,0.00017740960174705833,8.870480087352917e-06
4895,0.0003617593312097642,0.00022913975804901286,0.0001838774187490344,9.19387093745172e-06
4896,0.0004999950577336282,0.0003628521358269898,0.000300411629723385,1.5020581486169249e-05
4897,0.000561185889331096,0.0004172616965942308,0.00034895623684860766,1.7447811842430383e-05
4898,0.0004449501269137527,0.00030056503566706975,0.00023042548855300993,1.1521274427650497e-05
4899,0.0007243874608221882,0.000566611720369701,0.0004924765671603382,2.462382835801691e-05
4900,0.0007653551024454331,0.0005940924387757613,0.0005087218596599996,2.543609298299998e-05
4901,0.0007402658831455929,0.0005595867755206443,0.0004458751354832202,2.229375677416101e-05
4902,0.0005405515637155564,0.0003611113009620862,0.00024900128482840955,1.2450064241420478e-05
4903,0.0006383016141106614,0.00045543875805503586,0.00034722741111181676,1.736137055559084e-05
4904,0.0006693400639145853,0.00048186408271996833,0.0003762695414479822,1.881347707239911e-05
4905,0.0006903695516608217,0.0004985745725306389,0.0003768636961467564,1.884318480733782e-05
4906,0.0006882611055631848,0.0004931608847764035,0.0003632553562056273,1.8162767810281368e-05
4907,0.0006954759453585171,0.0004985191002584841,0.0003400382411200553,1.7001912056002766e-05
4908,0.000778013497240523,0.0005759078617083185,0.00040988228283822536,2.049411414191127e-05
4909,0.0008004960937602773,0.0005933950808517211,0.0004133406328037381,2.0667031640186907e-05
4910,0.0008412650720241913,0.0006285143413435613,0.00043376992107369006,2.1688496053684504e-05
4911,0.0008742661454333974,0.0006548284626158699,0.0004628039605449885,2.3140198027249426e-05
4912,0.0008465253320587607,0.000621960173090418,0.0004412724229041487,2.2063621145207435e-05
4913,0.0007788351384004072,0.0005524773936793063,0.00038324142224155366,1.9162071112077683e-05
4914,0.0006733607052323663,0.0004502496247074197,0.0002875071077141911,1.4375355385709554e-05
4915,0.0007089058231648135,0.00048741516284809324,0.00031880929600447416,1.594046480022371e-05
4916,0.0005517391613957204,0.00033863703834118817,0.00018140682368539274,9.070341184269637e-06
4917,0.0006209978293807627,0.000413290982185841,0.00023234914988279343,1.1617457494139673e-05
4918,0.0005935624234327401,0.00039147764289712024,0.00021916732657700777,1.095836632885039e-05
4919,0.0005027344970569636,0.0003096687423880132,0.00014246773207560182,7.123386603780091e-06
4920,0.0004499783652009223,0.00026723158770158183,0.00010436680895509198,5.218340447754599e-06
4921,0.00037364530252680323,0.00020326446552882768,4.8787311243359e-05,2.4393655621679502e-06
4922,0.0005550439478393345,0.00038804233269325403,0.00021092468523420393,1.0546234261710198e-05
4923,0.0006203716805153284,0.0004531501198748636,0.00027290600701235235,1.3645300350617618e-05
4924,0.0007359214203504664,0.0005637463658917798,0.00036397005897015333,1.8198502948507668e-05
4925,0.0008134066661577662,0.0006330079177996584,0.0004328052164055407,2.1640260820277037e-05
4926,0.0008421270923199951,0.0006543789857747573,0.00042461269185878336,2.123063459293917e-05
4927,0.0009896370168673203,0.0007897456502233819,0.0005311755812726915,2.6558779063634576e-05
4928,0.0009482511236334806,0.00074036183677432,0.00046413877862505615,2.320693893125281e-05
4929,0.0010967581264926432,0.0008772124310907758,0.0005511347553692758,2.7556737768463792e-05
4930,0.001110186583730945,0.0008805286256757674,0.0005368490819819272,2.684245409909636e-05
4931,0.0013410917567541817,0.0010906399972061148,0.000766636454500258,3.83318227250129e-05
4932,0.0012730598232871262,0.0010077360627642198,0.0006745584541931748,3.3727922709658745e-05
4933,0.0011291102591750874,0.0008594911824111933,0.00048753045848570764,2.4376522924285384e-05
4934,0.0009805798335727886,0.000714380826395039,0.000346753018675372,1.73376509337686e-05
4935,0.0009392921614115217,0.0006774177955468554,0.00033050947240553796,1.65254736202769e-05
4936,0.000972791731250667,0.0007124648022471017,0.0003825610037893057,1.9128050189465286e-05
4937,0.0009807648567176461,0.0007209348552725262,0.00040073489071801305,2.0036744535900654e-05
4938,0.001014712668243885,0.0007534834925430236,0.0004370911337900907,2.1854556689504537e-05
4939,0.0010396458018275376,0.0007756020682273294,0.0004661590501200408,2.330795250600204e-05
4940,0.0010626360215574657,0.0007944592547593747,0.0004955513286404312,2.477756643202156e-05
4941,0.0010439117370301743,0.0007734091040371737,0.0004645749577321112,2.3228747886605563e-05
4942,0.001179147308894436,0.0008996217958140915,0.0006027467898093164,3.0137339490465823e-05
4943,0.0012375805207853947,0.0009472361949444439,0.0006490412051789463,3.2452060258947314e-05
4944,0.0011633755997439064,0.00086719234981438,0.0005639095907099545,2.8195479535497726e-05
4945,0.0011424573472006666,0.0008416644089297682,0.0005505189183168113,2.7525945915840568e-05
4946,0.0012317065856646463,0.0009227617851503956,0.0006301132380031049,3.150566190015525e-05
4947,0.0012044866350563893,0.0008888297546897641,0.0006125739892013371,3.062869946006686e-05
4948,0.001105790725925889,0.0007882379644446301,0.0005270657129585743,2.6353285647928715e-05
4949,0.0010785391589999255,0.000759805257396762,0.0005187426577322185,2.5937132886610928e-05
4950,0.0009399517731340784,0.0006256021977788229,0.00041086101555265486,2.0543050777632746e-05
4951,0.0011164596092310785,0.0007968745135535423,0.0006003108574077487,3.0015542870387437e-05
4952,0.0010449561715139563,0.000724159019238442,0.0005237985751591623,2.6189928757958117e-05
4953,0.0008496345121284544,0.0005371328762819205,0.00033633524435572326,1.6816762217786164e-05
4954,0.0010208367601592736,0.0007075236238849982,0.0005114490049891174,2.557245024945587e-05
4955,0.0009142926676273494,0.0006042802359216021,0.00042730881250463426,2.1365440625231715e-05
4956,0.0009797269344313717,0.0006695724797010167,0.0004922347725369036,2.461173862684518e-05
4957,0.0008747330374951512,0.0005702766521725593,0.00037407022318802774,1.8703511159401387e-05
4958,0.000985570420042874,0.0006807235068880544,0.0004897899343632162,2.448949671816081e-05
4959,0.0010408354440034119,0.000732694877623971,0.0005459198146127164,2.7295990730635825e-05
4960,0.0011497157963951529,0.000834259509432831,0.0006288204458542168,3.144102229271084e-05
4961,0.001052874153958686,0.0007360586882577336,0.0005177311250008643,2.5886556250043215e-05
4962,0.0011414950847932405,0.0008197272175535356,0.0005939866532571614,2.969933266285807e-05
4963,0.0010342125803055758,0.0007142529005318113,0.0004652599454857409,2.3262997274287045e-05
4964,0.0012044511313480841,0.0008791194765600549,0.0006095848511904478,3.0479242559522392e-05
4965,0.0010822971545362207,0.0007566711429835036,0.0005135232931934297,2.5676164659671487e-05
4966,0.0010739745784348186,0.00074767325774938,0.0005235254066064954,2.617627033032477e-05
4967,0.000845019319914054,0.0005288693920159122,0.00030855723889544606,1.5427861944772304e-05
4968,0.000712797782308953,0.00041130616762705894,0.0002091619244311005,1.0458096221555025e-05
4969,0.0005747154838890594,0.00029146301447518526,0.00011977909889537841,5.988954944768921e-06
4970,0.0005535756430293402,0.0002861684697060975,0.0001431633427273482,7.15816713636741e-06
4971,0.0005539488327625378,0.00029867831341255657,0.0001925980905070901,9.629904525354505e-06
4972,0.0006470681974490276,0.00039736098319401056,0.0003028336213901639,1.5141681069508195e-05
4973,0.0008296907974816621,0.0005754068076813088,0.0004921246436424553,2.460623218212277e-05
4974,0.0006692521468151402,0.00041917509175511407,0.0003157330211251974,1.5786651056259873e-05
4975,0.0007233851836179923,0.0004754338777668638,0.00035299858427606523,1.7649929213803264e-05
4976,0.0008065938301067959,0.0005559732988833938,0.0004451697168406099,2.2258485842030495e-05
4977,0.0008214824768711394,0.0005675885369362953,0.00045842057443223894,2.2921028721611948e-05
4978,0.0006577421376046394,0.0004088439478905551,0.0002966610773000866,1.4833053865004332e-05
4979,0.0006768483225693116,0.0004309125100891542,0.0003338627575431019,1.6693137877155095e-05
4980,0.0006527532921978644,0.00041021058838754576,0.00032104842830449343,1.605242141522467e-05
4981,0.0007875661096112406,0.000541822119278067,0.00044803813216276467,2.2401906608138234e-05
4982,0.0007729714346357304,0.0005249736692435917,0.00043032478424720466,2.1516239212360236e-05
4983,0.0007374829382175809,0.000490017783284157,0.0003772575000766665,1.8862875003833326e-05
4984,0.0008411937126409809,0.0005883301986151634,0.0004963760147802532,2.481880073901266e-05
4985,0.0008339063158884208,0.0005763554823185443,0.00048758662887848914,2.437933144392446e-05
4986,0.0008910650204306551,0.0006270992102508501,0.0005287648527882993,2.643824263941497e-05
4987,0.0008338629710032353,0.0005672979151870238,0.00046120848855935037,2.306042442796752e-05
4988,0.000813673235323722,0.0005455040544586378,0.0004471747961360961,2.2358739806804808e-05
4989,0.0009568791294279146,0.0006792085068413351,0.0006089200614951551,3.0446003074757757e-05
4990,0.0010154557258404652,0.000726509663596829,0.0006550751277245581,3.2753756386227906e-05
4991,0.0010367483328572883,0.0007381646741324915,0.0006373420474119484,3.1867102370597423e-05
4992,0.0009352851245815523,0.0006343439567316428,0.0005068351165391505,2.5341755826957527e-05
4993,0.0009399042622834411,0.0006368934115697052,0.0005091329803690314,2.5456649018451573e-05
4994,0.0007404260918423233,0.00044489713725406654,0.0003231871814932674,1.615935907466337e-05
4995,0.0005876990108310186,0.00030562048466749455,0.00019849567615892738,9.92478380794637e-06
4996,0.0006481708384747192,0.00037294923187968356,0.00031527571263723075,1.576378563186154e-05
4997,0.0006659135043541982,0.00039491596036707755,0.00035551219480112195,1.77756097400561e-05
4998,0.0005210997578595603,0.000260768636335388,0.00021781999384984374,1.0890999692492188e-05
4999,0.0005518726884760658,0.0002998726297513773,0.00025079367333091795,1.2539683666545898e-05
5000,0.0006787383009396032,0.00042806594339673957,0.00037752732168883085,1.8876366084441543e-05
5001,0.0006917489280576856,0.0004420724473152898,0.0003777818928938359,1.8889094644691798e-05
5002,0.0006954614366650478,0.0004460683316964048,0.0003886274353135377,1.943137176567689e-05
5003,0.0005941418640334555,0.00034974891189671134,0.00029271640232764184,1.4635820116382093e-05
5004,0.0005737560654562159,0.0003352534892800011,0.0002694559807423502,1.3472799037117512e-05
5005,0.00048402119409588233,0.00025444736859805945,0.00020088609016966075,1.0044304508483039e-05
5006,0.0003861826983757174,0.00016872850063097693,0.00012542022159323096,6.271011079661549e-06
5007,0.0004582522138455707,0.0002473535189560581,0.00022048765094950795,1.1024382547475398e-05
5008,0.0005054996808441368,0.00029785844980585616,0.0002738907060120255,1.3694535300601274e-05
5009,0.0007159100783155132,0.0005016535510262725,0.0004633869102690369,2.3169345513451845e-05
5010,0.0007102034172970946,0.0004915425943551634,0.0004225489974487573,2.1127449872437865e-05
5011,0.0007406597022070026,0.0005179595192781124,0.00042081784340552986,2.1040892170276494e-05
5012,0.0006908970006914733,0.0004678575726111088,0.0003528636007104069,1.7643180035520346e-05
5013,0.0006928653480751514,0.0004693200499649907,0.00035883559030480683,1.794177951524034e-05
5014,0.0006398825680449708,0.00041808346241901045,0.0003152936405967921,1.5764682029839604e-05
5015,0.0005097988204458015,0.00029580398286358563,0.00019300960411783308,9.650480205891655e-06
5016,0.0005054720166663377,0.0002985437373179047,0.00019975860777776688,9.987930388888346e-06
5017,0.0005362766419720902,0.00033401723492973857,0.00023779436014592648,1.1889718007296325e-05
5018,0.000564529298785279,0.00036474125351366397,0.00027342367684468627,1.3671183842234315e-05
5019,0.0004886399194086312,0.00029547515606339085,0.00018480776634532958,9.24038831726648e-06
5020,0.000600897829378735,0.00040855834167722346,0.0002922075509559363,1.4610377547796816e-05
5021,0.000364493567535068,0.0001832400881282822,8.292196434922516e-05,4.146098217461258e-06
5022,0.00041815545034578646,0.0002444713309421912,0.00014093761274125427,7.046880637062714e-06
5023,0.00040693223458871384,0.00023986562515910994,0.00014792144065722823,7.396072032861412e-06
5024,0.000305219886100538,0.0001494435509187708,4.3437939893919975e-05,2.1718969946959987e-06
5025,0.00015754679593729911,1.7412246859671436e-05,-5.876535942661576e-05,-2.9382679713307882e-06
5026,0.00014934152715016227,2.1442248111560982e-05,-1.161576437880285e-05,-5.807882189401426e-07
5027,0.00017089781521451247,5.108931941130027e-05,5.138197957421653e-05,2.5690989787108267e-06
5028,0.0001711437481828281,5.850460145564932e-05,5.435802086140029e-05,2.717901043070015e-06
5029,0.00031890899352471873,0.00020553999890734548,0.00019947953114751726,9.973976557375864e-06
5030,0.000308479867071915,0.00019458984600560626,0.00019109863205812871,9.554931602906436e-06
5031,0.0003177630574161223,0.0002028682346081128,0.00019967398839071393,9.983699419535698e-06
5032,0.0005447944956003487,0.0004183040599152442,0.00041204545414075255,2.060227270703763e-05
5033,0.00039397599813134794,0.00026558379046889537,0.00022963780793361366,1.1481890396680683e-05
5034,0.0003895304453674936,0.0002607661135766899,0.00020527193555608392,1.0263596777804196e-05
5035,0.00042283281548708313,0.0002922741937783003,0.00023645504552405328,1.1822752276202665e-05
5036,0.0005222784981112979,0.0003851854014111077,0.00033404715941287577,1.670235797064379e-05
5037,0.0005874638096549303,0.0004419405407215806,0.00037936988519504666,1.8968494259752333e-05
5038,0.0006791795591253891,0.0005222345813017955,0.00045021457481198013,2.2510728740599006e-05
5039,0.0006491801850558195,0.00048311145763254865,0.00041955060441978276,2.097753022098914e-05
5040,0.0005686805783830691,0.0003984809738301543,0.00033439279650337994,1.6719639825169e-05
5041,0.0006343332916896189,0.00045693867990021777,0.0004053004377055913,2.026502188527957e-05
5042,0.000637409364064562,0.0004531329423748829,0.0004096978809684515,2.0484894048422578e-05
5043,0.0006986130060118099,0.0005063307897321709,0.0004429307591635734,2.214653795817867e-05
5044,0.0006807636918280468,0.00048342109016274364,0.0003959019959438592,1.9795099797192963e-05
5045,0.00069553930948416,0.0004935080072335775,0.00039791848394088447,1.9895924197044224e-05
5046,0.0007076829229148919,0.000500840676404415,0.0004085248219780624,2.042624109890312e-05
5047,0.0009873789725168315,0.0007632423707929993,0.0006659809150733054,3.329904575366527e-05
5048,0.000989643800722354,0.0007511118635542423,0.0006277646753005683,3.138823376502842e-05
5049,0.0008775513091260506,0.0006329126077859256,0.0004835175641346723,2.4175878206733617e-05
5050,0.0007679194543642582,0.0005235333181746713,0.0003704810224007815,1.8524051120039077e-05
5051,0.0007059515048802581,0.0004647549937272193,0.00031689947354607284,1.5844973677303643e-05
5052,0.0006333922684354483,0.0003983814507812664,0.00025585241382941604,1.2792620691470803e-05
5053,0.0006975681347365469,0.00046436902964819597,0.0003368969482835382,1.6844847414176912e-05
5054,0.0007645913696130122,0.0005280728241862582,0.00043530319817364216,2.176515990868211e-05
5055,0.0007442111695649739,0.0005054396120358936,0.0004155864880885929,2.0779324404429645e-05
5056,0.0006932498878137488,0.0004550743829061431,0.000361408106982708,1.80704053491354e-05
5057,0.0005019997516856015,0.00027394485414077095,0.0001714089885354042,8.570449426770211e-06
5058,0.000501340880817034,0.0002824555699251658,0.00018079217988997698,9.03960899449885e-06
5059,0.0005039909514087196,0.0002927322879050065,0.00019906798843294382,9.953399421647191e-06
5060,0.0006907178103802543,0.00047742599623955045,0.0003800536796916276,1.900268398458138e-05
5061,0.0006581182500919848,0.0004456192285980259,0.0003208447014912963,1.6042235074564815e-05
5062,0.0006907984409217405,0.0004788987826892461,0.0003229161084163934,1.614580542081967e-05
5063,0.0005989213490084357,0.000391973382392795,0.0002346012188354507,1.1730060941772536e-05
5064,0.0005725580250024365,0.00037130068760263675,0.0002145308826584369,1.0726544132921845e-05
5065,0.0007556475934476813,0.0005507408686113056,0.00039378550718538463,1.9689275359269234e-05
5066,0.0008849435273272153,0.0006703678438374939,0.0005148375639691949,2.5741878198459746e-05
5067,0.0008849551273448282,0.0006626374382864576,0.00048593751853331923,2.4296875926665963e-05
5068,0.0008347169160210249,0.0006087955956613064,0.0004143677942920476,2.0718389714602383e-05
5069,0.0007570946024714787,0.0005315158935872527,0.00034321853308938444,1.7160926654469224e-05
5070,0.0008399575392138424,0.0006101109123855541,0.00043806651956401765,2.1903325978200884e-05
5071,0.0007889438349305479,0.0005571881051504762,0.00039604093763045967,1.9802046881522984e-05
5072,0.0009024825632153139,0.000662281396158021,0.0005305883823893964,2.6529419119469822e-05
5073,0.001112833688373358,0.0008543027671466083,0.0007379329763352871,3.689664881676436e-05
5074,0.0011378128127145185,0.000862139681102978,0.0007356658461503685,3.6783292307518424e-05
5075,0.0011959170304182173,0.0009028156908852492,0.0007662335992790759,3.8311679963953794e-05
5076,0.0011165382882629112,0.0008118473260521867,0.0006758723175153136,3.379361587576568e-05
5077,0.0010801649344983318,0.0007673132957351845,0.0006286325515247881,3.143162757623941e-05
5078,0.0010703896918000738,0.0007506213834764929,0.0006198256742209196,3.0991283711045985e-05
5079,0.0010078193071451588,0.0006857728956255626,0.0005399085348471999,2.6995426742359997e-05
5080,0.000913416338977962,0.0005949846584301971,0.00042917332029901445,2.1458666014950723e-05
5081,0.000982634303516998,0.000664211318750154,0.00050050497520715,2.50252487603575e-05
5082,0.0009616374933952717,0.0006439135361251427,0.0004863885114900768,2.4319425574503842e-05
5083,0.0009525463721683286,0.0006362931560160994,0.00047015727614052594,2.3507863807026298e-05
5084,0.0007488432500574211,0.0004445869148260232,0.00025790228391997516,1.2895114195998758e-05
5085,0.0007494203350509174,0.0004556283760696817,0.0002762440999504179,1.3812204997520894e-05
5086,0.0007918827217507656,0.0005041367129232582,0.00034975240123458207,1.7487620061729105e-05
5087,0.0007036375351845011,0.0004239838781242927,0.00029727883520536125,1.4863941760268063e-05
5088,0.000864454174970707,0.0005837326450155793,0.00046821721480228007,2.3410860740114005e-05
5089,0.0009251516262779969,0.0006402520132766666,0.0005267728702165186,2.6338643510825933e-05
5090,0.0006775644813098014,0.0004011166834949264,0.00027683741063810885,1.3841870531905444e-05
5091,0.0007028881532614463,0.00043262913438389883,0.00031491005211137235,1.5745502605568617e-05
5092,0.0008096452764583174,0.0005388568767302762,0.00044051953591406345,2.2025976795703174e-05
5093,0.00086009713667951,0.0005870219173446589,0.0004728386120405048,2.3641930602025242e-05
5094,0.000656073307999035,0.00039185725674891446,0.0002510580816306174,1.2552904081530869e-05
5095,0.0007482165622080451,0.0004881963844039336,0.0003361585841048509,1.6807929205242546e-05
5096,0.0006972373827121326,0.0004438601972707252,0.0002800239308271557,1.4001196541357786e-05
5097,0.0007812638790693389,0.0005303550162327615,0.0003543210623320192,1.7716053116600963e-05
5098,0.0010611212776379956,0.0007979505949250916,0.000643014966044575,3.215074830222875e-05
5099,0.0009996662184985172,0.000728875611775058,0.0005598238785751164,2.7991193928755823e-05
5100,0.0009367399198118225,0.0006631946320958904,0.00047360124881379306,2.3680062440689653e-05
5101,0.001038143873903968,0.0007570208642212973,0.0005769693525508046,2.8848467627540232e-05
5102,0.0009118591077671869,0.0006302703213806974,0.0004447253013495356,2.223626506747678e-05
5103,0.0009692561342093218,0.0006836714984459407,0.00051959662232548,2.5979831116274e-05
5104,0.0010951054014485982,0.0007977370519425509,0.0006808640318922698,3.404320159461349e-05
5105,0.0009549704995813886,0.0006538886020065676,0.0005330051062628627,2.6650255313143135e-05
5106,0.0011260618023023125,0.0008130482653896832,0.0007061455398797989,3.5307276993989946e-05
5107,0.0009511729885094834,0.0006356209142416803,0.0005332199507392943,2.6660997536964715e-05
5108,0.0011272407355118071,0.0008019730989729052,0.0006849300698377192,3.4246503491885964e-05
5109,0.0011771101124020593,0.0008401663023446181,0.0007366947247646749,3.683473623823375e-05
5110,0.0010922986450917663,0.0007493882005161661,0.000638633850030601,3.1931692501530054e-05
5111,0.0009566382442705032,0.0006146849377920032,0.0005121119320392609,2.5605596601963046e-05
5112,0.0009108726831823111,0.0005712872756927984,0.0004875333688687533,2.4376668443437668e-05
5113,0.0008772350946972429,0.0005395564016600276,0.0004958473728038371,2.4792368640191854e-05
5114,0.00102470459677697,0.0006812069873335931,0.0006481614545919001,3.240807272959501e-05
5115,0.0010830113654696546,0.0007317305129190441,0.0006922572501935065,3.461286250967533e-05
5116,0.0010848190251111901,0.0007273820032792823,0.0006691087619401515,3.3455438097007575e-05
5117,0.0010367763740882058,0.0006760397838428412,0.0006215409957803786,3.107704978901893e-05
5118,0.0007725527271447094,0.000421743654306375,0.00036385576822794974,1.819278841139749e-05
5119,0.0009454025229042938,0.0005935839811424821,0.0005755767342634499,2.8778836713172497e-05
5120,0.0009415190118042483,0.0005866409396692843,0.0006148770335130394,3.0743851675651966e-05
5121,0.0009522644999274448,0.0005942644873349123,0.000618445745203644,3.09222872601822e-05
5122,0.0010556895012229027,0.0006896381187196032,0.0007209514733403921,3.6047573667019604e-05
5123,0.0010850583914524944,0.0007102119631902675,0.0007451375131495297,3.7256875657476485e-05
5124,0.0010116635338055882,0.0006325032598661022,0.0006676088669337332,3.338044334668666e-05
5125,0.0007981299142451513,0.0004255385123983873,0.0004587624571286142,2.293812285643071e-05
5126,0.0007208556675281947,0.00035712053817877324,0.00041000169585458934,2.050008479272947e-05
5127,0.0006304116247634393,0.0002775547256721644,0.0003598140610847622,1.799070305423811e-05
5128,0.0005838433476434672,0.00024251085891914933,0.0003326062287669629,1.6630311438348145e-05
5129,0.0006793823486266143,0.00034296115023935077,0.0004482245713006705,2.2411228565033527e-05
5130,0.000763975415090317,0.00042685657591591905,0.0005492778145708144,2.746389072854072e-05
5131,0.0007279363467953989,0.00039260555333809385,0.0004959918442182243,2.4799592210911214e-05
5132,0.0006658350359673841,0.0003361334714662542,0.00041606786544434726,2.0803393272217364e-05
5133,0.0007162549419039909,0.00038886925822392853,0.00047568572335876524,2.3784286167938265e-05
5134,0.0008793022161920039,0.0005462162812680586,0.0006312203477136791,3.1561017385683955e-05
5135,0.0007930759762300799,0.0004602968152287508,0.0005147848278284073,2.5739241391420367e-05
5136,0.000767014133489493,0.00043676246366729883,0.0004714878450613469,2.3574392253067346e-05
5137,0.0009132801012477446,0.0005783466425650864,0.0006136465235613286,3.068232617806643e-05
5138,0.0008869574763153975,0.0005492812058551131,0.0005786378751508892,2.893189375754446e-05
5139,0.000834831243538271,0.0004980956603497095,0.0005090709892101586,2.545354946050793e-05
5140,0.0007081842584736511,0.00037807905271625207,0.0003959312161896378,1.979656080948189e-05
5141,0.0006878507503501321,0.00036310970563614427,0.00041506855632178485,2.0753427816089245e-05
5142,0.0007458039319352506,0.00042209915582580663,0.0004940556245855987,2.4702781229279938e-05
5143,0.0008577525585963846,0.0005280922405625723,0.0006299940287135541,3.149970143567771e-05
5144,0.0007061958468486092,0.0003780969408508738,0.0004839478060603142,2.419739030301571e-05
5145,0.000766137740731973,0.0004363684074534745,0.0005487084854394197,2.7435424271970987e-05
5146,0.0009739052794082346,0.0006322906379334234,0.0007538750651292503,3.7693753256462514e-05
5147,0.0011464402037554408,0.0007860183915625111,0.0009052492678165436,4.526246339082718e-05
5148,0.0012419664995529617,0.000861579288212298,0.0009513078257441521,4.756539128720761e-05
5149,0.0012715204083090443,0.0008738095677399619,0.0009265996632166207,4.632998316083104e-05
5150,0.001296314445940217,0.0008839187890607236,0.0009013849194161594,4.506924597080797e-05
5151,0.0011619968312022617,0.0007441514180302861,0.0007414674037136137,3.707337018568069e-05
5152,0.001208231166303079,0.0007834684252676341,0.0007855760050006211,3.9278800250031055e-05
5153,0.0011976915725551692,0.0007676240647602236,0.0007656769012100995,3.828384506050498e-05
5154,0.001274459153650285,0.0008372202218139095,0.0008128780173137784,4.064390086568892e-05
5155,0.0011024126970565116,0.0006675004858138993,0.0006336464430205524,3.168232215102762e-05
5156,0.0011595962400722283,0.0007234223819704026,0.000707253988366574,3.5362699418328705e-05
5157,0.0010240236729356044,0.0005927990858564518,0.0005849633598700166,2.924816799350083e-05
5158,0.0009729081062007875,0.0005483179067711678,0.0005471925833262503,2.7359629166312518e-05
5159,0.0010359234426151728,0.000613990364876064,0.0006187431863509119,3.093715931754559e-05
5160,0.0011758522586871331,0.0007490293504102034,0.0007640489493496716,3.820244746748358e-05
5161,0.0012663456288976205,0.0008319913900421437,0.0008194742840714753,4.0973714203573766e-05
5162,0.0013716982206562617,0.0009281330004004679,0.0008613700629211962,4.306850314605981e-05
5163,0.0013354515942911919,0.0008867776458944389,0.0007914384477771819,3.95719223888591e-05
5164,0.0012887685595156652,0.0008376789683933924,0.0007471632561646402,3.7358162808232015e-05
5165,0.0010271268747764602,0.0005863874762513233,0.0004978534416295588,2.4892672081477942e-05
5166,0.0010567107064821544,0.0006225738707101699,0.0005650524399243295,2.8252621996216478e-05
5167,0.0010466238275616986,0.0006183927254636069,0.0005696176085621119,2.8480880428105595e-05
5168,0.0008432859635405555,0.00042933141247411544,0.00039288841071538627,1.9644420535769314e-05
5169,0.0008345060185514343,0.00043326245702653485,0.00040678269579075277,2.033913478953764e-05
5170,0.0007957626768101081,0.0004065129429442821,0.00040213335887528956,2.010666794376448e-05
5171,0.0008280250546943038,0.00044725594066736765,0.00045349932042881846,2.2674966021440924e-05
5172,0.0007097504589381833,0.00034196303205426834,0.00034802648588083684,1.7401324294041844e-05
5173,0.0006021202474310709,0.0002507651085120158,0.0002605098416097462,1.3025492080487311e-05
5174,0.0005921989384581698,0.00025478525071427155,0.0002873058838304132,1.4365294191520661e-05
5175,0.0006771796105437066,0.0003474830522437356,0.00038946475251577795,1.94732376257889e-05
5176,0.0006183909043434838,0.0002977552112156646,0.0003465698391664773,1.7328491958323868e-05
5177,0.0006334436734963569,0.00031950389152480597,0.0003789534093812108,1.894767046906054e-05
5178,0.0005885622408381817,0.0002823393952602606,0.00034633526229299605,1.7316763114649804e-05
5179,0.0006274669101884372,0.00032575315068470383,0.00039834153722040355,1.991707686102018e-05
5180,0.00040052167145109593,0.00011283268491792307,0.00019900919869542122,9.950459934771061e-06
5181,0.0004245907896496473,0.0001483228011893646,0.00023402457009069622,1.1701228504534811e-05
5182,0.0006124737165000797,0.00033754412367144684,0.0004180726537015289,2.0903632685076448e-05
5183,0.0007119457161628161,0.0004326297046191703,0.0005245454958640039,2.6227274793200196e-05
5184,0.0007022397142876642,0.00042051184128504064,0.0004862480273004621,2.4312401365023106e-05
5185,0.0005864331707602073,0.00031028735472673526,0.0003291670582257211,1.6458352911286058e-05
5186,0.000575617112916487,0.0003054541750528099,0.00031680005486123264,1.584000274306163e-05
5187,0.0005049515140271056,0.00024259337654557325,0.0002728916297201067,1.3644581486005336e-05
5188,0.00046036087226701956,0.00020658950469708688,0.0002468220191076398,1.234110095538199e-05
5189,0.0005159959353618947,0.00026805916516961265,0.0002895453944802284,1.4477269724011422e-05
5190,0.00038285161586117794,0.0001467866665873776,0.00015843081928323954,7.921540964161978e-06
5191,0.000523123214957037,0.00029105096171318543,0.0003005270555149764,1.502635277574882e-05
5192,0.0005524283051451438,0.00032122359388936107,0.00035323877818882465,1.7661938909441232e-05
5193,0.000657971718293512,0.0004215343341979823,0.00047066088882274926,2.3533044441137463e-05
5194,0.0007523719615452178,0.0005067027317290769,0.0005539740086533129,2.769870043266565e-05
5195,0.0005554338314901832,0.00031235803502214815,0.00032770258258096874,1.6385129129048437e-05
5196,0.0006513432754988188,0.00040624874438588117,0.0004213373176753521,2.1066865883767605e-05
5197,0.0007649185617509321,0.0005115463960041066,0.0005490065668709576,2.7450328343547883e-05
5198,0.0009017694352146854,0.0006354891707806439,0.0006506033823825419,3.25301691191271e-05
5199,0.0008440121096661951,0.0005686873431604652,0.0005892956396564841,2.946478198282421e-05
5200,0.0008738662303847529,0.0005892105189767589,0.0006099027232266963,3.0495136161334813e-05
5201,0.0008591652439914408,0.0005670696999228963,0.0005868219886906445,2.9341099434532225e-05
5202,0.0007529248650209708,0.00045859899142182203,0.0004954853211529553,2.4774266057647766e-05
5203,0.0007192267659247668,0.00042363640040680745,0.00048324334784410894,2.4162167392205447e-05
5204,0.0005869803026351322,0.00029564766080976667,0.00037672894541174173,1.8836447270587087e-05
5205,0.0006252601027076208,0.0003359083755774209,0.0004196327936369926,2.098163968184963e-05
5206,0.0006558567361227398,0.0003668793368386581,0.00044883598457090557,2.244179922854528e-05
5207,0.00046785232174255354,0.0001877197136138237,0.0002779447240754962,1.389723620377481e-05
5208,0.0003871445502394208,0.0001184635890798348,0.0002166549675166607,1.0832748375833035e-05
5209,0.00029080042050605887,3.56191563299913e-05,0.000161080650286749,8.05403251433745e-06
5210,0.00026438014175072735,2.0982790029811302e-05,0.00017670897068455815,8.835448534227908e-06
5211,0.00026196760110582716,2.9079992810718752e-05,0.00018361452384851873,9.180726192425937e-06
5212,0.0002673055864654693,4.358302181806102e-05,0.00019320950377732515,9.660475188866258e-06
5213,0.0004061936474496119,0.00018407762933777766,0.0003288743318989873,1.6443716594949366e-05
5214,0.00043836231073838205,0.00021563019122375208,0.0003658452187664807,1.8292260938324036e-05
5215,0.0004426230818988676,0.00022005763535999862,0.00034792994847521186,1.7396497423760592e-05
5216,0.0003736960358212623,0.00015447706304815419,0.0002833089674822986,1.4165448374114932e-05
5217,0.0003843017374050158,0.000167806465937701,0.0002921241393778473,1.4606206968892366e-05
5218,0.0004158914083928141,0.00020073636229100714,0.0003157590108457953,1.5787950542289763e-05
5219,0.0004406458049869902,0.00022538008823660082,0.00034193473402410746,1.7096736701205373e-05
5220,0.00050616807498877,0.00028728937164247654,0.000411002867622301,2.055014338111505e-05
5221,0.0005409653479957296,0.00031605807509358085,0.0004624483990482986,2.312241995241493e-05
5222,0.0004509016438455111,0.0002242457460377975,0.00038389911060221493,1.9194955530110747e-05
5223,0.00043111008176413806,0.00020315996157177634,0.0003792013449128717,1.8960067245643588e-05
5224,0.0004995261820300686,0.0002676452507052166,0.00043486649519763887,2.1743324759881945e-05
5225,0.0006281345990221258,0.00038726935146260455,0.000540873093996197,2.704365469980985e-05
5226,0.0007195998451076558,0.00046701826121068067,0.0006061210879124701,3.0306054395623508e-05
5227,0.0006969780297133059,0.0004367189035542881,0.0005407712305895984,2.703856152947992e-05
5228,0.0007970968667502642,0.0005259284095475899,0.0006187526159919798,3.0937630799598996e-05
5229,0.0008175257285333137,0.0005363072912860125,0.0006172540015541017,3.086270007770509e-05
5230,0.0007252648344667419,0.0004406947513800392,0.0004990363377146423,2.4951816885732115e-05
5231,0.0007442526994542522,0.00045681059532585934,0.0004987132269889116,2.4935661349445583e-05
5232,0.0007040025728829038,0.00041642513003696486,0.0004503083473537117,2.251541736768559e-05
5233,0.0007650069711245439,0.00047447450513642445,0.0005092507926747203,2.5462539633736016e-05
5234,0.0008427194359061271,0.0005461177756343941,0.0005753764999099076,2.876882499549538e-05
5235,0.0008498328128776628,0.0005483968118686612,0.0005580390570685267,2.790195285342634e-05
5236,0.0010153926816876058,0.0007029049094361814,0.0006898919818922877,3.449459909461439e-05
5237,0.0010133255803733761,0.0006906999615355566,0.0006852090009488165,3.426045004744083e-05
5238,0.0010800207837020383,0.0007460961379097306,0.0007234674994833767,3.6173374974168836e-05
5239,0.0011255249183454773,0.0007791837557383666,0.0007625292637385428,3.812646318692714e-05
5240,0.0009931122807002768,0.0006439154157828657,0.000589750416111201,2.9487520805560052e-05
5241,0.0010507651156568655,0.000698465229854251,0.0006045115878805518,3.022557939402759e-05
5242,0.0010756333993987696,0.0007202940672358376,0.0006100014434196055,3.0500072170980275e-05
5243,0.0010513949218258958,0.0006948526930543367,0.0005788037669844925,2.894018834922463e-05
5244,0.0009522434571896521,0.0005990697049199472,0.0004906576359644532,2.4532881798222662e-05
5245,0.0009526089970542831,0.0006019258246606978,0.0005061987903900445,2.5309939519502223e-05
5246,0.0012013610626510785,0.0008415501377398767,0.0007353771943598986,3.676885971799493e-05
5247,0.0010754463856468303,0.0007134411490685734,0.0006043518660590053,3.0217593302950266e-05
5248,0.0010285261230927347,0.000667256771959005,0.0005507977330125868,2.7539886650629343e-05
5249,0.0009808989141158247,0.0006222963515772267,0.0005133941303938627,2.5669706519693137e-05
5250,0.0011728956305018497,0.0008074409989980407,0.0007016462041065097,3.5082310205325484e-05
5251,0.001109167071126348,0.0007402337085067287,0.0006400197744369507,3.200098872184754e-05
5252,0.0012255795995184914,0.0008489643422206223,0.0007296910043805838,3.648455021902919e-05
5253,0.0013196929848081883,0.0009328469887582183,0.0007902675424702466,3.951337712351233e-05
5254,0.0013503532200540601,0.0009537145370720253,0.0007951052975840867,3.975526487920433e-05
5255,0.0013051293155473896,0.0009012183448669198,0.0007593983900733292,3.796991950366646e-05
5256,0.0012040267979050035,0.0007984620197605424,0.0006597040919587016,3.298520459793508e-05
5257,0.0011866467140089292,0.0007795650931576578,0.0006634118617512286,3.317059308756143e-05
5258,0.0011424635281081913,0.000735734877858889,0.0006299507222138345,3.149753611069173e-05
5259,0.0011156937059549074,0.0007095008796366032,0.0006274540792219341,3.137270396109671e-05
5260,0.001026137062478478,0.0006241565358561911,0.0005538476398214698,2.769238199107349e-05
5261,0.0010238774070760537,0.0006261100305197758,0.000549711927305907,2.748559636529535e-05
5262,0.0008349888527439556,0.00044957222238642424,0.00038129667518660426,1.9064833759330215e-05
5263,0.0007888704307801993,0.0004147478550066619,0.00038827714161016047,1.9413857080508025e-05
5264,0.0006913165021302236,0.0003299975245488453,0.00034171584411524236,1.7085792205762117e-05
5265,0.0006584583545529152,0.00030958375199110664,0.0003302175609860569,1.6510878049302848e-05
5266,0.0007714234602780863,0.00042741317541746665,0.00046260145609267056,2.3130072804633528e-05
5267,0.0009277921445266655,0.0005818945793606087,0.0005855707568116486,2.927853784058243e-05
5268,0.0010204156754478905,0.0006689703473648514,0.0006560050533153117,3.2800252665765586e-05
5269,0.0009439396448890774,0.0005929203806149692,0.000540854234714061,2.704271173570305e-05
5270,0.0008616791745256923,0.0005159199530418027,0.00044541331590153277,2.227066579507664e-05
5271,0.0008792054077463471,0.0005366279990000788,0.0004823445633519441,2.4117228167597205e-05
5272,0.0008982648271166274,0.0005568991391364613,0.0005168876959942281,2.5844384799711408e-05
5273,0.0008576127218669252,0.0005191437548902843,0.0004801554896403104,2.4007774482015523e-05
5274,0.0009123919234957007,0.0005733809211212672,0.0005449602613225579,2.72480130661279e-05
5275,0.0009448989559381095,0.0006039810014575413,0.000571268261410296,2.85634130705148e-05
5276,0.0009470578918486336,0.0006061828285009368,0.0005337444017641246,2.6687220088206232e-05
5277,0.001055082092678217,0.0007089533797244776,0.0006401962018571794,3.200981009285897e-05
5278,0.0010333524287110592,0.0006835968620406165,0.0006129595567472279,3.0647977837361395e-05
5279,0.0010857534519839633,0.0007308186308376996,0.0006495526758953929,3.2477633794769645e-05
5280,0.000988806565917793,0.000634431693206429,0.0005419147200882435,2.7095736004412175e-05
5281,0.0009462395248622247,0.0005950456005377633,0.0004916806938126683,2.4584034690633416e-05
5282,0.001043566202638254,0.0006910868061179625,0.0005787559784948826,2.893779892474413e-05
5283,0.0010247364415568237,0.0006715781235611592,0.000567012291867286,2.83506145933643e-05
5284,0.0012323239383156873,0.0008685744534766049,0.0007660642149858177,3.8303210749290885e-05
5285,0.0010592356291763757,0.0006948483214462042,0.0005775875761173666,2.8879378805868328e-05
5286,0.0011031925250071066,0.0007368369715468795,0.0006088603404350579,3.0443017021752897e-05
5287,0.001251927240461045,0.0008753404632560889,0.0007778122671879828,3.889061335939914e-05
5288,0.0010704777042629375,0.0006940077442177986,0.000582194363232702,2.9109718161635102e-05
5289,0.0009218737875066385,0.0005535556786624231,0.00042571290396153927,2.1285645198076965e-05
5290,0.0010855127359099747,0.0007161473616204065,0.0006033929530531168,3.0169647652655842e-05
5291,0.0009895114366802627,0.0006228875436745299,0.0005262274644337595,2.6311373221687973e-05
5292,0.0008352827322946849,0.00047857372226805503,0.00037956685991957784,1.8978342995978893e-05
5293,0.0007857953242027851,0.000439482653212641,0.00035909286816604435,1.7954643408302217e-05
5294,0.0008854373626761375,0.0005433530793454147,0.00046821669093333185,2.3410834546666593e-05
5295,0.0009585735896015221,0.0006159097667006851,0.000554832920897752,2.7741646044887604e-05
5296,0.0008824353789687387,0.0005422620661110296,0.000490349717438221,2.451748587191105e-05
5297,0.0009614197335815802,0.0006205406534845535,0.0005506801535375416,2.7534007676877083e-05
5298,0.0009111858747628868,0.0005729934777070231,0.0004821431066375226,2.410715533187613e-05
5299,0.000724042632446966,0.00039834763914964067,0.0002830576559063047,1.4152882795315237e-05
5300,0.000830111350772444,0.0005123762402195307,0.0003605788806453347,1.8028944032266737e-05
5301,0.0008136171092770505,0.0005032685315809452,0.00035926527925767004,1.7963263962883504e-05
5302,0.0006781571700439163,0.000380847705784328,0.00023416103795170784,1.1708051897585393e-05
5303,0.0006629517976174349,0.00037708412454404074,0.0002488453465048224,1.244226732524112e-05
5304,0.0006551439816414046,0.00037824687878355964,0.0002805684634950012,1.402842317475006e-05
5305,0.0004526600909825292,0.00019270422632912138,0.00010568513971520588,5.284256985760294e-06
5306,0.0006935922331412069,0.0004367476121500404,0.0003599293704610318,1.7996468523051592e-05
5307,0.0006907133967661707,0.00043481432206670187,0.00039168380317278206,1.9584190158639104e-05
5308,0.0006565541634473118,0.0004035162300303023,0.0003480386221781373,1.7401931108906866e-05
5309,0.0006203807969673025,0.00037140135640661314,0.0003192768490407616,1.596384245203808e-05
5310,0.0007388356046660283,0.0004887458999867974,0.000416872906498611,2.084364532493055e-05
5311,0.0006765355135010209,0.0004282136482020138,0.00035818127798847854,1.7909063899423927e-05
5312,0.0007620290098308429,0.0005113927410214846,0.00043767844908870757,2.188392245443538e-05
5313,0.0008324435352187442,0.0005757836447767596,0.0005132892983965576,2.566446491982788e-05
5314,0.0006574423612380343,0.0004042223956935873,0.00033041101414710283,1.6520550707355143e-05
5315,0.0006673416434090525,0.00041659758699988056,0.00034879360464401543,1.743968023220077e-05
5316,0.000688009756738517,0.0004380831975735241,0.00037921531475149095,1.896076573757455e-05
5317,0.0006434877736071251,0.00039648865793766064,0.00033517368137836456,1.6758684068918228e-05
5318,0.0005744112150988043,0.0003331402632225831,0.0002756134490482509,1.3780672452412547e-05
5319,0.0005772239912641761,0.00034056943755642115,0.0002909334434662014,1.4546672173310072e-05
5320,0.0004676959644649174,0.00024056092517940738,0.0001857480820035562,9.28740410017781e-06
5321,0.0005103111975186632,0.0002897186623062349,0.00023332593264058232,1.1666296632029117e-05
5322,0.00044252334976345697,0.0002307184481496454,0.00017750263214111328,8.875131607055664e-06
5323,0.0002913120384957926,9.492742550115785e-05,3.214711250620894e-05,1.6073556253104472e-06
5324,0.00038645070175495215,0.00020082568821001688,0.0001055389002431184,5.276945012155921e-06
5325,0.00043128240628100397,0.0002520167741390396,0.0001755264529492706,8.776322647463531e-06
5326,0.0004128971818849832,0.00023958671007033025,0.00017055534408427775,8.527767204213888e-06
5327,0.0005231032249789696,0.0003503014368862107,0.0002687168016564101,1.3435840082820505e-05
5328,0.0007187276816937288,0.0005374192581333893,0.00044441630598157644,2.2220815299078823e-05
5329,0.0006271676188093184,0.00044209256663769526,0.0003561147896107286,1.7805739480536432e-05
5330,0.0006707575599213202,0.0004798703418457664,0.0004031644493807107,2.0158222469035536e-05
5331,0.0005438455724252899,0.00035269600378768425,0.00030015548691153526,1.5007774345576763e-05
5332,0.0005586862091135163,0.00036699965166666775,0.00030895383679307997,1.5447691839654e-05
5333,0.0005929079161889887,0.0003988161156256687,0.0003481028543319553,1.7405142716597766e-05
5334,0.000685278518090687,0.000484871921072293,0.00042931034113280475,2.146551705664024e-05
5335,0.0008004738018827923,0.0005894081222813551,0.0005234786658547819,2.6173933292739093e-05
5336,0.0007152373612394107,0.0004990249356372656,0.0004263615410309285,2.1318077051546426e-05
5337,0.0006881018412307742,0.0004694493133226144,0.00038224022137001157,1.911201106850058e-05
5338,0.0006627007063780608,0.0004428064115139,0.0003644664539024234,1.822332269512117e-05
5339,0.0005899489223477091,0.00037151659761639394,0.00031396272243000567,1.5698136121500283e-05
5340,0.0004617079555586851,0.00024982347152266475,0.00021219003247097135,1.0609501623548568e-05
5341,0.0004689663435654967,0.0002614378218488427,0.00024964980548247695,1.2482490274123849e-05
5342,0.0005473472291789671,0.00033891890642588846,0.0003481001767795533,1.7405008838977666e-05
5343,0.0006607742159270185,0.00044651501612716897,0.0004450494598131627,2.2252472990658135e-05
5344,0.0007989805726194751,0.0005736229356028199,0.0005554225645028055,2.7771128225140276e-05
5345,0.0008013724752193039,0.0005666625537576947,0.0005331921274773777,2.6659606373868885e-05
5346,0.0007388116671062172,0.000499937517111282,0.00044335841084830463,2.2167920542415233e-05
5347,0.0007222677062081364,0.0004813192495375452,0.00041092242463491857,2.054612123174593e-05
5348,0.0005907642718180592,0.00035436000370707557,0.0002841424138750881,1.4207120693754405e-05
5349,0.0007509888506088876,0.0005118863033371329,0.00042671538540162146,2.1335769270081075e-05
5350,0.000931838996526582,0.0006820205132573875,0.0005888185114599764,2.9440925572998822e-05
5351,0.0009199453356631967,0.0006626150309097037,0.0005358077469281852,2.6790387346409263e-05
5352,0.0010533230939954966,0.000786391889014758,0.000589110772125423,2.945553860627115e-05
5353,0.0008558126052621463,0.0005912244001329484,0.0003639541973825544,1.8197709869127722e-05
5354,0.0009645783428191608,0.000699097266823972,0.0004316381237003952,2.1581906185019762e-05
5355,0.0010293372314345637,0.0007600164390490843,0.0004925749381072819,2.4628746905364098e-05
5356,0.001055371041835707,0.0007815132447132601,0.0005110122147016227,2.5550610735081138e-05
5357,0.0011049559747477592,0.0008257180504077328,0.0005339948111213744,2.669974055606872e-05
5358,0.0011196665305157577,0.0008353711780571879,0.000535101571585983,2.6755078579299152e-05
5359,0.0010393166246198177,0.0007547842330621736,0.0004464915255084634,2.2324576275423172e-05
5360,0.0009696472454224024,0.000688621922903362,0.00037481795880012214,1.874089794000611e-05
5361,0.0007095509808385706,0.0004438525848942764,0.00013624172424897552,6.812086212448776e-06
5362,0.0008335415137989651,0.0005754553572662137,0.00027482365840114653,1.3741182920057327e-05
5363,0.0007348799260648569,0.0004874390929028558,0.00020077060617040843,1.0038530308520422e-05
5364,0.0006241119537043577,0.0003913431828948414,0.00010478624608367682,5.2393123041838414e-06
5365,0.0006587009856432273,0.00043746614110674235,0.00014740403275936842,7.370201637968421e-06
5366,0.0005777962466271191,0.0003704799810739505,8.081910345936194e-05,4.040955172968097e-06
5367,0.0006478406774643031,0.0004488561390129359,0.00017182785086333752,8.591392543166876e-06
5368,0.0006332207509655159,0.0004414521285041361,0.0001781380851753056,8.906904258765281e-06
5369,0.0007223490498464181,0.0005327384201757499,0.000266177550656721,1.3308877532836051e-05
5370,0.0007833135210391931,0.000591879774811339,0.0003386937314644456,1.693468657322228e-05
5371,0.000954702822257668,0.000754598108440604,0.00047470637946389616,2.373531897319481e-05
5372,0.0009550594657270055,0.0007478658568540945,0.0004511220322456211,2.2556101612281054e-05
5373,0.0010361308567138371,0.0008201530776508008,0.0004949870053678751,2.4749350268393757e-05
5374,0.0012420993879914952,0.0010074116153610392,0.000705835351254791,3.5291767562739555e-05
5375,0.001266326798361647,0.0010138926783615997,0.0007094365428201854,3.547182714100927e-05
5376,0.0012631584963221725,0.000995850611573532,0.0006779502728022635,3.3897513640113174e-05
5377,0.001448967667612798,0.0011605988926522081,0.0008260501781478524,4.1302508907392625e-05
5378,0.0014245201107511852,0.0011176464642883312,0.0008046795264817774,4.0233976324088876e-05
5379,0.0012845453133261638,0.0009680285617389602,0.0006567722302861512,3.283861151430756e-05
5380,0.001310258650628066,0.0009827276159917091,0.0007047596736811101,3.523798368405551e-05
5381,0.0012507177731419209,0.0009154870691008624,0.0006570148398168385,3.285074199084193e-05
5382,0.0012683016184777277,0.0009250521944327179,0.0006779552204534411,3.3897761022672056e-05
5383,0.0012116919874780529,0.0008644622160186818,0.0006105335778556764,3.052667889278382e-05
5384,0.0011267705283455381,0.0007802633980574056,0.0005254356074146926,2.6271780370734632e-05
5385,0.001060897817126077,0.000717952439276458,0.0004713749513030052,2.356874756515026e-05
5386,0.00130187044695589,0.0009499137998495126,0.0007204171270132065,3.602085635066032e-05
5387,0.0013311431491889094,0.0009692679520791688,0.0007463872316293418,3.731936158146709e-05
5388,0.0014775422226774573,0.001101971279809253,0.0008345487876795232,4.1727439383976166e-05
5389,0.0013468351713092326,0.0009662408678246779,0.0006792165222577751,3.3960826112888756e-05
5390,0.0012429813329840448,0.0008625472277861338,0.0005873415502719581,2.936707751359791e-05
5391,0.0011836348084451334,0.0008047939757160741,0.0005630303057841957,2.8151515289209785e-05
5392,0.0011470343739470833,0.0007710097532578641,0.0005386864067986608,2.693432033993304e-05
5393,0.0010666775007605518,0.0006962616104651587,0.0004801459435839206,2.4007297179196032e-05
5394,0.0009834398466986363,0.0006226550087852255,0.0003932270046789199,1.9661350233945998e-05
5395,0.001110844982628754,0.0007525615682061868,0.0005239974125288427,2.6199870626442136e-05
5396,0.0010888670557412765,0.0007331765118571075,0.0005152244120836258,2.576122060418129e-05
5397,0.0012763461555993804,0.0009152009675372191,0.0006710051093250513,3.3550255466252565e-05
5398,0.0012842881053593067,0.0009185451412693729,0.0006571885314770043,3.2859426573850216e-05
5399,0.0012263275697509195,0.0008594418667256451,0.0005938197718933225,2.9690988594666126e-05
5400,0.0012351097350839046,0.0008676748829716191,0.0005852467729710042,2.9262338648550214e-05
5401,0.0012887594691630185,0.000918129533511643,0.0006399585981853306,3.199792990926653e-05
5402,0.0013630513240342305,0.0009858058397184384,0.0007121546077542007,3.5607730387710036e-05
5403,0.001345697530014698,0.0009634656423209044,0.0006874405080452561,3.437202540226281e-05
5404,0.0012304786685832453,0.00084859347468631,0.0005886250291951001,2.9431251459755006e-05
5405,0.0011026759430083368,0.0007273898569187507,0.0004662372812163085,2.3311864060815425e-05
5406,0.0010431839602907788,0.0006767816631000538,0.00041515345219522715,2.075767260976136e-05
5407,0.0007685391806027239,0.00042290241445860796,0.00016683533613104373,8.341766806552186e-06
5408,0.0006982469216243171,0.0003739412755115513,0.00013128362479619682,6.5641812398098414e-06
5409,0.0008099678145694598,0.0004983442319242962,0.00027429754845798016,1.3714877422899009e-05
5410,0.0009502451390880782,0.0006421765110243503,0.00043308144086040556,2.1654072043020278e-05
5411,0.0011114761692768134,0.000799662782657304,0.0005665496573783457,2.8327482868917287e-05
5412,0.0010848543193681182,0.0007704773147228232,0.0005417777574621141,2.7088887873105707e-05
5413,0.0009542086057336574,0.000643820058894784,0.00041278611752204597,2.06393058761023e-05
5414,0.0008860188873813893,0.0005822250229131364,0.0003575726004783064,1.7878630023915322e-05
5415,0.0009074899238489525,0.0006074271728874725,0.00040726191946305335,2.0363095973152668e-05
5416,0.0009704545056805361,0.000671295776837576,0.0004572854668367654,2.2864273341838272e-05
5417,0.0010113641648864555,0.0007120919084481352,0.0004742690653074533,2.3713453265372665e-05
5418,0.0010533380664221933,0.0007521009399610749,0.0005101198912598193,2.5505994562990965e-05
5419,0.0010896724581478967,0.0007851525570489573,0.0005379362846724689,2.6896814233623445e-05
5420,0.001220213645867127,0.0009058892248398964,0.0006721151294186711,3.3605756470933557e-05
5421,0.001302879166340804,0.0009758982094362097,0.000740103772841394,3.70051886420697e-05
5422,0.0011793900880589236,0.0008481163731981875,0.0005892971530556679,2.9464857652783395e-05
5423,0.0012748305107358312,0.0009360012014994435,0.000665011873934418,3.32505936967209e-05
5424,0.0011492755707590114,0.0008099112780314177,0.0005359292845241725,2.6796464226208627e-05
5425,0.0012980756987917513,0.0009516385167638454,0.0006715342751704156,3.3576713758520785e-05
5426,0.0013929347177088604,0.001034803858371617,0.0007726677577011287,3.863338788505644e-05
5427,0.0017158765891688676,0.0013326958836716652,0.0010544732213020325,5.272366106510163e-05
5428,0.0017365898214854122,0.0013303940540751085,0.00104370410554111,5.21852052770555e-05
5429,0.0016998774063998407,0.0012756501024748666,0.000977807678282261,4.8890383914113046e-05
5430,0.0015106290518081867,0.001079745464147808,0.0007807083311490715,3.903541655745358e-05
5431,0.0014221114664837464,0.0009886118296231609,0.0007179795647971332,3.589897823985666e-05
5432,0.0014451562211447591,0.0010072346473173248,0.0007635413785465062,3.817706892732531e-05
5433,0.0013814783230061735,0.0009417454862956853,0.0007192280609160662,3.596140304580331e-05
5434,0.0014812866137116879,0.0010354708118410303,0.0008094380609691143,4.0471903048455715e-05
5435,0.0014043214413960025,0.0009569731376878702,0.0007261584396474063,3.6307921982370316e-05
5436,0.0013458406399705467,0.0009000691906912171,0.0006684115505777299,3.34205775288865e-05
5437,0.001101266391088,0.0006688215261907747,0.0004335822013672441,2.1679110068362208e-05
5438,0.0011071501356864782,0.0006864956792858212,0.0004514313186518848,2.2571565932594242e-05
5439,0.0011946272556367147,0.0007787501427371073,0.0005753288278356194,2.8766441391780973e-05
5440,0.0011993870871756785,0.0007870343562908832,0.0005894997739233077,2.9474988696165384e-05
5441,0.0012876612611971733,0.0008744647669798926,0.0006692822207696736,3.346411103848368e-05
5442,0.001125019358762199,0.0007201664619668474,0.0004834586870856583,2.4172934354282918e-05
5443,0.0011868466133842161,0.000787407145187447,0.0005331689608283341,2.6658448041416706e-05
5444,0.0010386504500810739,0.000651197642770341,0.00039305209065787494,1.965260453289375e-05
5445,0.0010867646465303922,0.0007072888498093918,0.00045830351882614195,2.29151759413071e-05
5446,0.0010595800614111323,0.0006874767843542037,0.00045694204163737595,2.28471020818688e-05
5447,0.0010418581256997162,0.000676348819827016,0.00046021779417060316,2.301088970853016e-05
5448,0.000834061743602197,0.00048435598248487775,0.0002649285306688398,1.324642653344199e-05
5449,0.0007425937335731669,0.00041148729408003586,0.00018943185568787158,9.471592784393579e-06
5450,0.0006769102809127361,0.0003646297259760082,0.0001593649503774941,7.968247518874706e-06
5451,0.0007889963215249385,0.0004864172197705409,0.00031382354791276157,1.569117739563808e-05
5452,0.0009534762221407847,0.0006509095308816301,0.0004874796431977302,2.437398215988651e-05
5453,0.0009257853550546691,0.0006255079771190564,0.0004342425672803074,2.1712128364015372e-05
5454,0.0008926796897703588,0.0005970656355005191,0.00038159912219271064,1.9079956109635533e-05
5455,0.000863527637614917,0.000573803734946464,0.0003505632048472762,1.752816024236381e-05
5456,0.0009404860196031216,0.0006516211999137404,0.00044298384455032647,2.2149192227516325e-05
5457,0.000833601260808049,0.0005503593682256961,0.00034374056849628687,1.7187028424814345e-05
5458,0.0009256331593481832,0.0006427015179619293,0.0004430202825460583,2.2151014127302916e-05
5459,0.0009048871228580163,0.0006228175240773951,0.0004290195065550506,2.145097532775253e-05
5460,0.0009913091676928328,0.0007064618226698267,0.0004998458898626268,2.499229449313134e-05
5461,0.0008363639768535855,0.0005567919633808693,0.0003407287586014718,1.703643793007359e-05
5462,0.0008487342985052942,0.0005731004554308182,0.00036309336428530514,1.8154668214265258e-05
5463,0.0011104385836009606,0.0008255005195567619,0.000622445484623313,3.1122274231165646e-05
5464,0.001176824152027452,0.0008804860477858337,0.0006712952745147049,3.356476372573525e-05
5465,0.0009727391317347528,0.0006772072405690285,0.000440885778516531,2.204428892582655e-05
5466,0.0007446366979145708,0.00046107202710130545,0.000222121860133484,1.11060930066742e-05
5467,0.0006617452307597471,0.00039177947756757596,0.00017957220552489161,8.978610276244581e-06
5468,0.000748861020298551,0.0004865251136277619,0.0002819642540998757,1.4098212704993785e-05
5469,0.0006818352127039379,0.0004295653096840706,0.00021934465621598065,1.0967232810799032e-05
5470,0.0005913101905434283,0.0003524506133781982,0.00013737811241298914,6.8689056206494575e-06
5471,0.0005417024750823301,0.0003163800282521691,0.00011606312182266265,5.803156091133133e-06
5472,0.0006681985298924958,0.0004483100846196888,0.00025781086878851056,1.2890543439425528e-05
5473,0.0006203941124410259,0.0004072723567150366,0.000218122178921476,1.0906108946073802e-05
5474,0.000514165303690704,0.0003120074595818077,0.00012262970267329365,6.131485133664683e-06
5475,0.0006796260580985986,0.00047954326988922373,0.00028535202727653086,1.4267601363826544e-05
5476,0.0006025236514423179,0.00040797242596840046,0.00020845700055360794,1.0422850027680398e-05
5477,0.0006121964607495677,0.00042227170142583045,0.00021822293638251722,1.0911146819125862e-05
5478,0.0007640231527822981,0.0005705132440324606,0.0003747797745745629,1.8738988728728145e-05
5479,0.0008173323537931188,0.0006170717411122816,0.00043863957398571074,2.193197869928554e-05
5480,0.00094686069913648,0.0007345271574190797,0.0005518472753465176,2.759236376732588e-05
5481,0.0008694441002265622,0.0006504983291158034,0.00045693706488236785,2.2846853244118393e-05
5482,0.0008722332738342774,0.0006474916082207103,0.0004524931136984378,2.262465568492189e-05
5483,0.0008093690525613527,0.0005828321584903065,0.0003826452884823084,1.9132264424115422e-05
5484,0.0007750234349324228,0.0005483268870929431,0.00035555948852561414,1.777797442628071e-05
5485,0.0007481546246371605,0.0005220638750130964,0.00034255426726303995,1.7127713363151997e-05
5486,0.0007894392576225205,0.0005615837925597737,0.00039025640580803156,1.951282029040158e-05
5487,0.0008081708667228777,0.0005771283098706529,0.00042052860953845084,2.1026430476922543e-05
5488,0.0006489674574373077,0.00042325456816669536,0.0002539844426792115,1.2699222133960575e-05
5489,0.0007452206263279666,0.0005197366388110906,0.0003522737242747098,1.7613686213735492e-05
5490,0.0007417450627484647,0.0005161595498393252,0.0003572368295863271,1.7861841479316356e-05
5491,0.0006399833304449781,0.000419511775117568,0.00025239723618142307,1.2619861809071154e-05
5492,0.0006220463808700561,0.0004073103168119141,0.0002347994886804372,1.173997443402186e-05
5493,0.0005560106303799069,0.0003488839914064004,0.00018977912259288132,9.488956129644067e-06
5494,0.0005670949364738586,0.0003670952723553724,0.0001891601859824732,9.45800929912366e-06
5495,0.0006258038782272597,0.00043006384401000816,0.00023566617164760828,1.1783308582380415e-05
5496,0.0004740319807681108,0.0002887886083855232,0.00010264940647175536,5.1324703235877685e-06
5497,0.0005692058662119032,0.0003878144375394766,0.00022219234961085021,1.1109617480542512e-05
5498,0.0006990777704600598,0.0005134597527641064,0.0003749237221200019,1.8746186106000097e-05
5499,0.0006031996970964013,0.00041806660749304744,0.0002814202744048089,1.4071013720240445e-05
5500,0.0007555014911583459,0.0005651853181164038,0.00039458737592212856,1.972936879610643e-05
5501,0.0008245262815482269,0.0006256659740552839,0.0004667663888540119,2.3338319442700596e-05
5502,0.0008013249052692672,0.0005973226100705247,0.0004089119320269674,2.0445596601348373e-05
5503,0.0008201749358725044,0.0006118775910916557,0.0004008566902484745,2.0042834512423725e-05
5504,0.0008286217444687022,0.0006168064658669908,0.0003928772348444909,1.9643861742224546e-05
5505,0.0008055303823622436,0.0005922247658723305,0.0003586293023545295,1.7931465117726477e-05
5506,0.000780914656480366,0.0005681828109446244,0.00032120186369866133,1.6060093184933066e-05
5507,0.000695944222713741,0.0004884801443984463,0.00022823730250820518,1.1411865125410259e-05
5508,0.0008172214362348367,0.0006099284962634673,0.0003254055336583406,1.627027668291703e-05
5509,0.0007377873559525432,0.0005333995304473958,0.00026874005561694503,1.3437002780847252e-05
5510,0.0008552306772572617,0.0006473915481482855,0.00039228954119607806,1.9614477059803904e-05
5511,0.0010918795856889839,0.0008702877606600709,0.0006003009038977325,3.0015045194886628e-05
5512,0.001113850735196642,0.0008792839318934105,0.0005988553748466074,2.9942768742330374e-05
5513,0.0010342230100941021,0.0007920250925633593,0.000509963370859623,2.549816854298115e-05
5514,0.0010868234738228531,0.0008350471765044939,0.0005631867679767311,2.8159338398836553e-05
5515,0.0010816169415787335,0.000820939920348052,0.0005643861368298531,2.8219306841492653e-05
5516,0.0009976279783550064,0.0007324043317072903,0.000491579994559288,2.45789997279644e-05
5517,0.0009410080247310846,0.0006743120001907764,0.00043996181921102107,2.1998090960551054e-05
5518,0.0010231777653502056,0.0007504803329676036,0.0005357405752874911,2.6787028764374556e-05
5519,0.0009715249352131315,0.0006945482425323702,0.0005091093480587006,2.545546740293503e-05
5520,0.0008712942840747426,0.000595191373861211,0.00041318664443679154,2.0659332221839577e-05
5521,0.0007857663483202907,0.0005145083316180583,0.0003356426896061748,1.678213448030874e-05
5522,0.0007021037621673872,0.0004384676912316209,0.00027611563564278185,1.3805781782139094e-05
5523,0.0006712977240080559,0.0004153028223934631,0.00026680922019295394,1.3340461009647697e-05
5524,0.0008488124922277372,0.0005919077549500671,0.0004270033387001604,2.135016693500802e-05
5525,0.0007689505999993437,0.0005157216576407883,0.00033203884959220886,1.6601942479610444e-05
5526,0.0007361309099540099,0.00048761642950563523,0.0003064549237024039,1.5322746185120197e-05
5527,0.0006303130421768767,0.0003913388088725739,0.00020352491992525756,1.0176245996262879e-05
5528,0.0006202651760698623,0.00039037635193391393,0.00020090991165488958,1.004549558274448e-05
5529,0.000754565156871045,0.0005251642724444357,0.00035956563078798354,1.7978281539399178e-05
5530,0.0007930533629318019,0.0005615633473807764,0.00040555562009103596,2.0277781004551798e-05
5531,0.0008783678026090854,0.0006412559890493005,0.00047611663467250764,2.3805831733625383e-05
5532,0.0007585881161079359,0.000522444229930225,0.00034974454320035875,1.748722716001794e-05
5533,0.0008087602743228861,0.0005708080491246051,0.00040640137740410864,2.0320068870205432e-05
5534,0.0007618034727073329,0.0005240590899699533,0.00036826549330726266,1.8413274665363134e-05
5535,0.000822812754101729,0.0005829568865818475,0.00041528590372763574,2.0764295186381787e-05
5536,0.0008274392783950751,0.0005857223921943296,0.00041256853728555143,2.0628426864277574e-05
5537,0.0008749878620173627,0.0006292470235658559,0.000458509341115132,2.29254670557566e-05
5538,0.0008637228803726794,0.0006153103998197595,0.0004363940970506519,2.1819704852532598e-05
5539,0.0008744311798171824,0.0006232757412376672,0.00044229751802049577,2.211487590102479e-05
5540,0.0008155572614675784,0.0005651307227781722,0.0003772333438973874,1.886166719486937e-05
5541,0.0008392034854102028,0.0005890136330980536,0.00038804032374173403,1.9402016187086703e-05
5542,0.0008157634490134948,0.0005665697414931502,0.00037298910319805145,1.8649455159902573e-05
5543,0.000807531602104756,0.0005595147893838892,0.0003684597322717309,1.8422986613586545e-05
5544,0.0008297346166523794,0.0005817884523506225,0.0003890928637702018,1.9454643188510092e-05
5545,0.0009620384516624079,0.000707852586963551,0.0005146614275872707,2.573307137936354e-05
5546,0.0008795257406543442,0.0006243577008510782,0.0004153246118221432,2.076623059110716e-05
5547,0.0008798613981366058,0.0006243433320727708,0.00040585576789453626,2.0292788394726814e-05
5548,0.0011706273802200838,0.0009009282902712071,0.0006840279093012214,3.420139546506107e-05
5549,0.0011813747363529459,0.0008975198675204231,0.0006978829042054713,3.489414521027356e-05
5550,0.0010943148675755681,0.000802553138426884,0.0005921320407651365,2.9606602038256827e-05
5551,0.001321717467761285,0.0010127280327583098,0.0007935691974125803,3.967845987062901e-05
5552,0.0010725320931029038,0.0007603314423437799,0.0005357014015316963,2.6785070076584816e-05
5553,0.0010239446305032784,0.0007094116801011737,0.0005298202740959823,2.6491013704799117e-05
5554,0.0009025594821025137,0.0005906879503033444,0.00043667806312441826,2.1833903156220915e-05
5555,0.0010723865073777605,0.0007552904084864092,0.0005943854921497405,2.9719274607487023e-05
5556,0.001021518858092122,0.0007017323744920886,0.0005487691960297525,2.7438459801487626e-05
5557,0.0009691638551743158,0.0006500916265176656,0.00048522380529902875,2.426119026495144e-05
5558,0.0007618447501840751,0.00045378660002068935,0.00028027090593241155,1.4013545296620578e-05
5559,0.0007197122157865752,0.000423749665414501,0.00024834656505845487,1.2417328252922744e-05
5560,0.0008233644180879544,0.0005339170429234179,0.0003442806482780725,1.7214032413903624e-05
5561,0.0008432090185015062,0.000557046020973552,0.00039658453897573054,1.9829226948786528e-05
5562,0.0007059014241917927,0.000429176756934505,0.00026561421691440046,1.3280710845720023e-05
5563,0.0005721825406034,0.0003092271765944232,0.00016681778652127832,8.340889326063917e-06
5564,0.0004419876090291348,0.0001954275052063021,9.628014959162101e-05,4.814007479581051e-06
5565,0.0005382722674634623,0.00029961717842642453,0.00024328599101863801,1.2164299550931901e-05
5566,0.000659253683613217,0.000421249720441127,0.000371981062926352,1.8599053146317604e-05
5567,0.0005496845132831895,0.0003186126908545167,0.00023947101726662368,1.1973550863331184e-05
5568,0.0006295770349737405,0.0004014227822250591,0.00031040102476254106,1.5520051238127053e-05
5569,0.0006476316475863168,0.0004209644561566749,0.0003326030564494431,1.6630152822472157e-05
5570,0.0006816597616888023,0.00045467180873822404,0.0003648681740742177,1.8243408703710884e-05
5571,0.0006882343923411427,0.0004613743637497895,0.0003547194937709719,1.7735974688548597e-05
5572,0.0007667527816114506,0.000536402923116321,0.0004265015886630863,2.1325079433154315e-05
5573,0.0007109829429483707,0.00047977846812895746,0.0003769664035644382,1.8848320178221914e-05
5574,0.0007385422874792129,0.000504017684176272,0.0004283167945686728,2.141583972843364e-05
5575,0.0006998840774403227,0.00046448632843993824,0.00038337960722856224,1.9168980361428112e-05
5576,0.0005817396347561905,0.0003515471548239529,0.000264187779976055,1.3209388998802752e-05
5577,0.0005230357357261592,0.00030067169859953,0.0002075787342619151,1.0378936713095756e-05
5578,0.0006801297961888411,0.0004567473880077492,0.0003753316414076835,1.8766582070384177e-05
5579,0.0007031707847649822,0.00047729045919905124,0.0004024034715257585,2.0120173576287926e-05
5580,0.0005928372853905291,0.0003707862297761344,0.0002773225132841617,1.3866125664208085e-05
5581,0.000628679305937679,0.00040857346261460734,0.00031184492399916053,1.5592246199958026e-05
5582,0.0006480122682938084,0.0004288005045796287,0.0003297726216260344,1.648863108130172e-05
5583,0.0005551944739597651,0.000341884825214542,0.00022756177349947393,1.1378088674973697e-05
5584,0.00080296832921508,0.0005843648463253981,0.000444967852672562,2.2248392633628102e-05
5585,0.0009288091720026188,0.0006992363870018637,0.0005611287779174745,2.8056438895873726e-05
5586,0.0008280059573732082,0.0005951403677639785,0.00041926070116460323,2.0963035058230162e-05
5587,0.0008813010253298685,0.0006435665452781908,0.0004584335256367922,2.292167628183961e-05
5588,0.0010305594035797216,0.0007814927043958126,0.0005953492945991457,2.9767464729957284e-05
5589,0.0009660605633126837,0.0007108110129035048,0.0005062850541435182,2.5314252707175913e-05
5590,0.000830317762370722,0.0005768752424881205,0.00035780793405137956,1.7890396702568977e-05
5591,0.0006732138846628609,0.0004291158293762448,0.00020962904090993106,1.0481452045496554e-05
5592,0.0006476585332102305,0.00041230182723973934,0.00021360126265790313,1.0680063132895158e-05
5593,0.0005597887322190656,0.0003348691989720781,0.000168108512298204,8.405425614910201e-06
5594,0.0005382232331273503,0.0003215712150135037,0.00019694745424203575,9.847372712101788e-06
5595,0.0005567489821003751,0.00034478430120453494,0.0002549656492192298,1.2748282460961492e-05
5596,0.0005589186136474161,0.00035033617348323995,0.00027132793911732733,1.3566396955866368e-05
5597,0.00035235569966133646,0.00015758975240088018,5.563919330597855e-05,2.7819596652989276e-06
5598,0.0003408092137318138,0.00015913996395681523,5.394679828896187e-05,2.6973399144480937e-06
5599,0.0005269070479060885,0.00034949135368997976,0.00021195010049268603,1.0597505024634302e-05
5600,0.0004530049266395092,0.0002833682856042475,0.0001301070733461529,6.505353667307645e-06
5601,0.00034807503312193054,0.0001912353407411555,1.78683694684878e-05,8.9341847342439e-07
5602,0.00027438219659312843,0.0001315577001093514,-2.345798202441074e-05,-1.1728991012205371e-06
5603,0.00031532637950762416,0.00018210954912788153,4.460790296434425e-05,2.2303951482172123e-06
5604,0.0005034585698491756,0.00036910411367501594,0.00024251488503068686,1.2125744251534343e-05
5605,0.0004785804426672323,0.00034453518792668916,0.0002081897691823542,1.0409488459117712e-05
5606,0.00048722350889973497,0.00035375609647368954,0.00020045852579642087,1.0022926289821044e-05
5607,0.0004781400791097793,0.00034540002274525305,0.00019600644009187818,9.800322004593909e-06
5608,0.0005310820735108068,0.0003966792817230877,0.0002425437851343304,1.2127189256716521e-05
5609,0.00043482165361947024,0.0003028610316515322,0.00016157688514795154,8.078844257397578e-06
5610,0.0002361226598925358,0.00011535140170241503,-1.5305780834751204e-05,-7.652890417375602e-07
5611,0.0002373226019876541,0.00012629373415905194,2.0304407826188253e-06,1.0152203913094127e-07
5612,9.803700036515044e-05,1.0416637060900328e-06,-9.768238669494167e-05,-4.8841193347470835e-06
5613,3.427087207545708e-05,-4.842309336051567e-05,-0.00012192720168968663,-6.096360084484332e-06
5614,1.1614904135584774e-05,-5.6676766986704885e-05,-0.00014479052333626896,-7.239526166813448e-06
5615,4.400629460781626e-05,-1.250882258364531e-05,-0.00011414803884690627,-5.707401942345314e-06
5616,5.7035112174537995e-05,1.0481776207347156e-05,-9.76673181867227e-05,-4.883365909336135e-06
5617,-8.796595131393961e-05,-0.00011900055359653055,-0.00022572565649170429,-1.1286282824585215e-05
5618,-2.1360886985786538e-05,-4.287487639381126e-05,-0.00012717099161818624,-6.358549580909312e-06
5619,-0.00019510201133294218,-0.0002002668648267594,-0.0002810776059050113,-1.4053880295250565e-05
5620,-4.450030193683028e-06,-2.492608105917797e-06,-0.00011901399557245895,-5.950699778622948e-06
5621,1.668144539692443e-05,2.3554016053189673e-05,-9.037755080498755e-05,-4.518877540249378e-06
5622,0.00016738141121905433,0.00017206470985960085,4.098971839994192e-05,2.049485919997096e-06
5623,0.00036041005321292926,0.00035431027195520146,0.0002101042482536286,1.0505212412681432e-05
5624,0.0005911722397884395,0.0005644809655419776,0.0004154051130171865,2.0770255650859327e-05
5625,0.000555809893915729,0.0005124672417931515,0.00036030521732755005,1.8015260866377503e-05
5626,0.0005510224456628258,0.0004945270876371992,0.0003155505401082337,1.5777527005411687e-05
5627,0.00042139068618893846,0.00036052621108869243,0.00016228019376285374,8.114009688142687e-06
5628,0.00033728735668320687,0.0002767815173841304,8.052328485064209e-05,4.026164242532105e-06
5629,0.0003849759942707453,0.0003219271450420071,0.0001430964912287891,7.154824561439455e-06
5630,0.0004808877584382238,0.0004109578840313631,0.0002340598002774641,1.1702990013873206e-05
5631,0.0004988127721687743,0.00042123419289363963,0.00025769893545657396,1.2884946772828699e-05
5632,0.00034436400840433517,0.00026724619311552917,0.00010609976015985012,5.304988007992506e-06
5633,0.00035080455295860894,0.00027335294809051244,0.00012558861635625362,6.279430817812681e-06
5634,0.00043618006698562916,0.0003539070303843569,0.00021703973470721394,1.0851986735360698e-05
5635,0.00028181326964380545,0.00020253948961847015,6.595532613573596e-05,3.2977663067867983e-06
5636,0.00028244412360303484,0.00020572091041902066,7.405305950669572e-05,3.702652975334786e-06
5637,0.00023313329615725904,0.00016035939728283646,4.3267380533507094e-05,2.1633690266753546e-06
5638,0.00018605469090517376,0.00011889257924728149,5.1103033911203966e-06,2.5551516955601985e-07
5639,0.00011769025704409417,5.753321186470373e-05,-3.0077779229031876e-05,-1.503888961451594e-06
5640,8.938155325944392e-05,3.554750203928399e-05,-2.6033831090899184e-05,-1.3016915545449592e-06
5641,0.00017445530417778117,0.00012056826064573247,9.168157703243196e-05,4.584078851621598e-06
5642,0.0004505705107199064,0.0003839586048825763,0.000341425504302606,1.70712752151303e-05
5643,0.000417722572244276,0.0003415341493390475,0.0002894011850003153,1.4470059250015766e-05
5644,0.00032413884659534837,0.0002449223282153905,0.00017190938524436206,8.595469262218103e-06
5645,0.00035173662719745343,0.0002680394720856734,0.00020904751727357507,1.0452375863678754e-05
5646,0.00024134636895662863,0.00015864717609381261,0.00010691444185795262,5.345722092897632e-06
5647,0.0002954937477134362,0.00021034852498329936,0.00017766686505638063,8.883343252819032e-06
5648,0.0003125293829298901,0.00022392707419756304,0.00020097786909900606,1.0048893454950304e-05
5649,0.00020539744449945595,0.00011888051321147347,9.466498886467889e-05,4.733249443233945e-06
5650,0.000110031031227242,3.056681659272457e-05,-4.973544491804205e-06,-2.4867722459021024e-07
5651,6.390774536343773e-05,-7.249651448755925e-06,-3.701382229337469e-05,-1.8506911146687345e-06
5652,0.00027326940057899367,0.00019966321355301668,0.0001673762162681669,8.368810813408346e-06
5653,0.0003408062101171371,0.00026076219568722797,0.00024543877225369215,1.2271938612684609e-05
5654,0.00036307076754278395,0.0002770524780491855,0.00024176131410058588,1.2088065705029295e-05
5655,0.0003229233022062029,0.0002338660842498239,0.00019099080236628652,9.549540118314326e-06
5656,0.00028575070484609147,0.00019550802420823616,0.00015990313841030002,7.995156920515e-06
5657,0.0003353427457551426,0.00024194478638813073,0.00020273510017432272,1.0136755008716136e-05
5658,0.00020962317197949226,0.00011975234135931235,7.346241181949154e-05,3.673120590974577e-06
5659,9.461160538562721e-05,1.2608456344373977e-05,-1.5101522876648232e-05,-7.550761438324116e-07
5660,0.00019810743693427933,0.00011823254619149895,9.137941378867254e-05,4.568970689433627e-06
5661,0.00029778131079739265,0.00021518294846555267,0.00018317469221074134,9.158734610537068e-06
5662,0.00040294893684967274,0.0003136231421820991,0.00026389662525616586,1.3194831262808293e-05
5663,0.00024390230348744513,0.0001569347378187754,8.89599250513129e-05,4.447996252565645e-06
5664,0.0003100568698189656,0.00022325870902605954,0.0001330354280071333,6.651771400356665e-06
5665,0.00032315184364624,0.00023669753774896934,0.00012949618394486606,6.474809197243303e-06
5666,0.0002857002713108797,0.00020146227565264463,9.169406985165551e-05,4.584703492582776e-06
5667,0.0001891402639148531,0.00011162462235782334,-7.132496193662519e-07,-3.566248096831259e-08
5668,0.00013832051575817574,6.880644869245268e-05,-3.3697098842822015e-05,-1.6848549421411008e-06
5669,-4.136086440726565e-05,-9.588459970856663e-05,-0.00018393044592812657,-9.19652229640633e-06
5670,-1.08727916555294e-05,-5.45494315614813e-05,-0.0001193715215777047,-5.9685760788852356e-06
5671,-5.794521025793128e-05,-9.055235163794476e-05,-0.0001411363045917824,-7.05681522958912e-06
5672,3.0766105921010207e-05,3.6911507215227068e-06,-4.7624165745219216e-05,-2.381208287260961e-06
5673,-3.697177555218306e-05,-5.653098820185287e-05,-9.914367547025904e-05,-4.957183773512952e-06
5674,3.262031880525329e-05,1.6857419028879925e-05,-3.6501132854027674e-05,-1.8250566427013837e-06
5675,3.980981229208449e-05,2.7839214912231812e-05,-4.458035618881695e-05,-2.2290178094408475e-06
5676,0.00016476851828478895,0.0001516172357387515,4.738205825560726e-05,2.3691029127803633e-06
5677,0.00025325152797780245,0.0002341706817482843,0.0001401520858053118,7.00760429026559e-06
5678,0.0005551253063036663,0.0005176437278504918,0.0003947739314753562,1.9738696573767813e-05
5679,0.0005808790316016107,0.0005252600019550982,0.00040935748256742954,2.046787412837148e-05
5680,0.0006570880756498703,0.0005813526428811097,0.0004741261654999107,2.3706308274995537e-05
5681,0.0005488563514908666,0.0004602369856113053,0.0003586274688132107,1.7931373440660538e-05
5682,0.0005796753147636394,0.00047768478803794477,0.0003920143935829401,1.9600719679147008e-05
5683,0.0005249155722086281,0.00041362752191968267,0.000332553026964888,1.66276513482444e-05
5684,0.0005736398503955278,0.0004523891067973699,0.00036329010617919266,1.8164505308959634e-05
5685,0.0006432294697910347,0.0005101028777360596,0.0004178841190878302,2.089420595439151e-05
5686,0.0007604072199036603,0.0006117029555286624,0.000509687582962215,2.548437914811075e-05
5687,0.0006719511243957342,0.0005144142478533282,0.00039669565740041435,1.983478287002072e-05
5688,0.0008591169757976905,0.0006859053594332755,0.0005504815489985049,2.7524077449925247e-05
5689,0.000690838740699807,0.0005111916927632111,0.0003873842942994088,1.936921471497044e-05
5690,0.0006990208552259622,0.0005126738698808178,0.0004072063893545419,2.0360319467727095e-05
5691,0.0006656203481404753,0.00047428865189550644,0.0003849569184239954,1.924784592119977e-05
5692,0.0007310204368170082,0.0005328228375838829,0.00043202456436119974,2.1601228218059988e-05
5693,0.0007994956179565552,0.0005927079961669584,0.00047677961993031204,2.3838980996515603e-05
5694,0.0009128942774990742,0.0006942251527483829,0.0005548722692765296,2.774361346382648e-05
5695,0.0009071896670020093,0.0006780914485297208,0.0005420427769422531,2.7102138847112656e-05
5696,0.0009237112766663309,0.0006847778913986526,0.0005464838468469679,2.73241923423484e-05
5697,0.0009076664659664824,0.0006617631199757934,0.0005049612955190241,2.5248064775951207e-05
5698,0.0007448127200965915,0.0005019956498353052,0.00031663107802160084,1.5831553901080043e-05
5699,0.000822315524906795,0.0005797133267906429,0.00037595003959722817,1.879750197986141e-05
5700,0.000765899287750381,0.0005265393833287947,0.0003159152693115175,1.5795763465575875e-05
5701,0.0008544670699229614,0.0006149123204349223,0.00038170660263858736,1.908533013192937e-05
5702,0.0008656036078023713,0.0006243665628524061,0.00041051741573028266,2.0525870786514135e-05
5703,0.0007314288411316524,0.0004944636902945467,0.00029270845698192716,1.463542284909636e-05
5704,0.0007734578794244554,0.0005381691098921262,0.0003409584751352668,1.704792375676334e-05
5705,0.0007111099130306951,0.0004802309374058127,0.0002832647005561739,1.4163235027808697e-05
5706,0.0006589909146166108,0.00043491927307011944,0.00022987720149103552,1.1493860074551777e-05
5707,0.0007548751116886777,0.000533192591114865,0.00030955622787587345,1.5477811393793674e-05
5708,0.0007377308028180666,0.000518979429763148,0.00029307886143215,1.4653943071607501e-05
5709,0.0006599707532713793,0.00044736946919002226,0.00022370138322003186,1.1185069161001594e-05
5710,0.000662910066892612,0.0004553175814772094,0.00023864733520895243,1.1932366760447621e-05
5711,0.0005727023785192196,0.0003731938284739706,0.00016927219985518605,8.463609992759302e-06
5712,0.0006242657982367463,0.0004300822659652771,0.00021359563106670976,1.0679781553335488e-05
5713,0.0006326531251754323,0.00044234671936121197,0.0002332376898266375,1.1661884491331877e-05
5714,0.0005327174583661754,0.0003498964803741512,0.00015374942449852824,7.687471224926412e-06
5715,0.0006060936034605275,0.000425260571696034,0.0002536353131290525,1.2681765656452627e-05
5716,0.0006277112925302056,0.0004461153939805157,0.00030287765548564494,1.5143882774282248e-05
5717,0.0006263954787050567,0.00044387703710362656,0.00030460633570328355,1.5230316785164178e-05
5718,0.0008195494614417738,0.0006281213184521518,0.00046468558139167726,2.3234279069583863e-05
5719,0.0008995798920828979,0.0006968500753695331,0.0005213029799051583,2.6065148995257916e-05
5720,0.0008510491669716414,0.0006421952433068689,0.0004320762527640909,2.1603812638204547e-05
5721,0.0008170876649237632,0.0006052993695389744,0.0003796983801294118,1.8984919006470594e-05
5722,0.000601112803554683,0.000396848416799847,0.00017774233128875494,8.887116564437747e-06
5723,0.0008129664523572463,0.000604872320389648,0.00040026495116762817,2.001324755838141e-05
5724,0.0007481839360203758,0.000538693069430836,0.0003535845607984811,1.7679228039924056e-05
5725,0.0008721470965751977,0.000654568921639302,0.000489508209284395,2.447541046421975e-05
5726,0.0008299297761097592,0.0006073928630331584,0.0004355947894509882,2.177973947254941e-05
5727,0.0009014044082128216,0.0006708559880189175,0.0005047711892984807,2.523855946492404e-05
5728,0.0008892281415401688,0.0006526377055733623,0.00047626093146391213,2.3813046573195608e-05
5729,0.0007952962118658988,0.0005580192690048607,0.00037917200825177133,1.8958600412588568e-05
5730,0.0006237489987013364,0.0003935571730159186,0.0002282337809447199,1.1411689047235996e-05
5731,0.0007083323456015203,0.00047999482309026475,0.00032768843811936677,1.638442190596834e-05
5732,0.0006873079229865102,0.00046103327379567246,0.0003197453042957932,1.598726521478966e-05
5733,0.0006675438466578163,0.00044413823293076784,0.0003001787408720702,1.500893704360351e-05
5734,0.0006866110716770318,0.00046407433212038,0.00033608145895414054,1.680407294770703e-05
5735,0.0007292226533489466,0.0005055977985383177,0.000372811482520774,1.86405741260387e-05
5736,0.0005907427975063561,0.00037277318677023146,0.00023808020341675729,1.1904010170837866e-05
5737,0.0005615845292449293,0.0003503367050349885,0.00021131112589500844,1.0565556294750422e-05
5738,0.000431693346640261,0.00023144875692442948,0.00011707940575433895,5.853970287716948e-06
5739,0.0004248115063157438,0.00023412977663887964,0.00013191893231123686,6.595946615561843e-06
5740,0.0004894612578412404,0.0003041833739249711,0.00020048025180585682,1.0024012590292842e-05
5741,0.0004376673416448088,0.0002595597044700904,0.000154322202433832,7.7161101216916e-06
5742,0.00042934534464780284,0.00025831842682853617,0.0001450151321478188,7.25075660739094e-06
5743,0.0005073702885330805,0.0003385742642839701,0.00023089873138815165,1.1544936569407582e-05
5744,0.0004011993745718585,0.0002388585823845823,0.00014000144437886775,7.000072218943388e-06
5745,0.00038566326140582186,0.0002293954290534432,0.00013893151481170207,6.946575740585104e-06
5746,0.00044333679651641826,0.0002878127685387738,0.0002362899831496179,1.1814499157480897e-05
5747,0.0005322236978097799,0.0003732631216505013,0.0003156514430884272,1.578257215442136e-05
5748,0.0004160680732238517,0.0002604515688203972,0.00018175359582528472,9.087679791264236e-06
5749,0.00041967384223710744,0.0002679787601197254,0.00016761504230089486,8.380752115044743e-06
5750,0.00021778919488885698,7.958116708323154e-05,-2.8494414436863735e-05,-1.4247207218431868e-06
5751,0.0002136595998017445,8.790403193097034e-05,-2.272805431857705e-05,-1.1364027159288526e-06
5752,0.00015431476142242873,4.1408540399979804e-05,-4.8455753130838275e-05,-2.422787656541914e-06
5753,8.734574425424575e-05,-1.1787539501195607e-05,-8.619693835498765e-05,-4.309846917749382e-06
5754,0.00011455060359775429,2.551348657209427e-05,-3.3392618206562474e-05,-1.6696309103281238e-06
5755,3.997115266256013e-05,-3.687027309181483e-05,-9.300671081291512e-05,-4.650335540645756e-06
5756,4.595272879933009e-05,-2.0195824815224915e-05,-8.142878505168483e-05,-4.071439252584241e-06
5757,6.170977995698031e-05,4.227627188467047e-06,-5.834913099533878e-05,-2.9174565497669395e-06
5758,-4.692801323727451e-05,-9.134445196575429e-05,-0.00016103025700431317,-8.051512850215659e-06
5759,-0.00016513725885767023,-0.0001926209130091093,-0.0002564963942859322,-1.282481971429661e-05
5760,-0.0002166721279457215,-0.00022745861915851416,-0.00027503870660439134,-1.3751935330219567e-05
5761,-0.00019069504955242694,-0.00018920812863632868,-0.0002116140240104869,-1.0580701200524345e-05
5762,-0.00010400369339317975,-9.526223278536571e-05,-0.00013272582145873457,-6.636291072936729e-06
5763,5.771954013156074e-06,1.623812418272576e-05,-3.741407272173092e-05,-1.870703636086546e-06
5764,5.8523947184884394e-05,6.960238996200193e-05,-2.2718628315487877e-05,-1.1359314157743939e-06
5765,-3.5546280500830626e-05,-1.814575879633703e-05,-0.00014043727423995733,-7.021863711997867e-06
5766,9.968091837131142e-05,0.00011636328710876006,-7.183198249549605e-06,-3.5915991247748025e-07
5767,0.00011423337757592153,0.00012947769986453017,4.963018909620587e-06,2.4815094548102937e-07
5768,9.060515663437949e-05,0.00010560141156311555,-1.8359751265961677e-05,-9.179875632980838e-07
5769,0.00017763852043419572,0.00018796395981870778,7.045992970233783e-05,3.5229964851168916e-06
5770,4.09519461294381e-05,5.262757981796516e-05,-4.5326600229600444e-05,-2.2663300114800224e-06
5771,0.00018771119063518105,0.00019368294102201005,9.616874012863263e-05,4.808437006431632e-06
5772,0.00018024371972835137,0.00018097363205348642,9.191879507852718e-05,4.595939753926359e-06
5773,0.00015832780148554562,0.00015532634836922053,6.898448191350326e-05,3.449224095675163e-06
5774,0.00019957709335397726,0.00019172293151382104,9.781263361219317e-05,4.890631680609659e-06
5775,0.00021792357906752792,0.00020527571116365082,0.00010378869046689942,5.189434523344972e-06
5776,0.00030874886716696434,0.0002868311934677195,0.00020069783204235137,1.0034891602117568e-05
5777,0.0004112991403509579,0.00037731116832254326,0.00026852849987335503,1.3426424993667752e-05
5778,0.0003055067379618208,0.00026686879227917257,0.00013635506911668926,6.817753455834463e-06
5779,0.0001974021327121896,0.00016115053003952257,6.343434506561607e-06,3.1717172532808036e-07
5780,0.00010352225232596189,7.319351707438677e-05,-6.261107773752883e-05,-3.130553886876442e-06
5781,0.00013800291601228677,0.000110059165843067,3.0749790767004015e-06,1.5374895383502009e-07
5782,0.00025307193972127487,0.00022102713876903597,0.0001285431644646451,6.4271582232322546e-06
5783,0.00039864099602601955,0.0003575609512810475,0.00022958402405492961,1.1479201202746482e-05
5784,0.00036473169534203333,0.00031713776124594415,0.000188828693353571,9.441434667678551e-06
5785,0.0003100038200156129,0.0002607182814764884,0.00010240099800284952,5.120049900142476e-06
5786,0.00028134962364471624,0.00023287577608198997,5.780384526588023e-05,2.8901922632940114e-06
5787,0.00023714967881076758,0.00019120015914293148,2.485199183865916e-05,1.2425995919329582e-06
5788,0.0003249270939653311,0.00027670843620967176,0.00011876757343998179,5.93837867199909e-06
5789,0.00045635191617745684,0.0003982622567859232,0.0002722614735830575,1.3613073679152877e-05
5790,0.0003270238542155104,0.000266478305649915,0.00013409843086265028,6.704921543132514e-06
5791,0.0003058214140933772,0.00024457630401553777,0.0001052289007930085,5.261445039650425e-06
5792,0.00032487151729266423,0.00026155450879063126,0.00013574474724009633,6.787237362004817e-06
5793,0.0004451055125911313,0.00037378299273685704,0.0002576007100287825,1.2880035501439125e-05
5794,0.0005353405213153657,0.00045295190439498625,0.000327800284139812,1.63900142069906e-05
5795,0.0007355223235444401,0.0006343915825516767,0.0004954969044774771,2.4774845223873856e-05
5796,0.0006333927721973243,0.0005210152078957967,0.00036920062848366797,1.84600314241834e-05
5797,0.0007105711774574175,0.0005859382884533069,0.0004093072493560612,2.046536246780306e-05
5798,0.0006015779385574412,0.0004721232247225943,0.00028014989220537245,1.4007494610268624e-05
5799,0.0007208994699116967,0.0005815181506145248,0.00039437972009181976,1.971898600459099e-05
5800,0.0008471050807597754,0.0006915017534722654,0.000534559425432235,2.6727971271611753e-05
5801,0.000723861584868078,0.0005587777144116366,0.00042092983494512737,2.104649174725637e-05
5802,0.000581025408797828,0.00041378963855032987,0.00029165830346755683,1.4582915173377842e-05
5803,0.00057702245130835,0.00040691589223334324,0.00031473368289880455,1.5736684144940227e-05
5804,0.0005020769485588628,0.00033265165242432604,0.00024980181478895247,1.2490090739447623e-05
5805,0.0005136141319176675,0.00034399647974671415,0.0002689463144633919,1.3447315723169595e-05
5806,0.00038711048913514816,0.000223800514118192,0.0001397710875608027,6.988554378040136e-06
5807,0.0002804771015390738,0.00012761017222540603,5.125547977513634e-05,2.562773988756817e-06
5808,0.00035253201225563294,0.00020523317785677453,0.00013639777898788452,6.819888949394226e-06
5809,0.00036955889463161497,0.00022704009105568257,0.0001420336775481701,7.1016838774085045e-06
5810,0.0004117681337549499,0.0002721802552446396,0.000170507759321481,8.52538796607405e-06
5811,0.00031830088767002124,0.00018647681222171798,6.775506335543469e-05,3.3877531677717343e-06
5812,0.00036946968354632364,0.00024210928906508877,0.00012389222683850676,6.194611341925338e-06
5813,0.0003683469802527859,0.00024447247083924837,0.00013534657773561776,6.7673288867808885e-06
5814,0.0004099663236501018,0.00028768481034173357,0.00016672571655362844,8.336285827681423e-06
5815,0.0003919587560633988,0.0002716519657618931,0.00015507006901316345,7.753503450658173e-06
5816,0.0004315590542499155,0.0003111398404285509,0.00019335999968461692,9.667999984230847e-06
5817,0.0004708744096067196,0.00034848244814545884,0.00022935669403523207,1.1467834701761605e-05
5818,0.0005920920045419427,0.0004621424268508057,0.00034250711905770004,1.7125355952885002e-05
5819,0.000563445409621145,0.00042862891111582495,0.0002965852036140859,1.4829260180704296e-05
5820,0.0006890512213387453,0.0005443673425225221,0.00040433369576931,2.02166847884655e-05
5821,0.0007416971554658422,0.000585797947984289,0.00044382811756804585,2.2191405878402293e-05
5822,0.0008890123500818662,0.0007159977045094778,0.0005775063182227314,2.887531591113657e-05
5823,0.0008636790758146134,0.0006768144028382936,0.000534801569301635,2.6740078465081754e-05
5824,0.0008805589822967635,0.0006805765104736499,0.0005422364338301122,2.7111821691505614e-05
5825,0.0009830204756592238,0.0007660450492471813,0.0006409079651348293,3.2045398256741464e-05
5826,0.0009339216142050825,0.0007051256813153028,0.0005620414740405977,2.8102073702029885e-05
5827,0.0008315653445742576,0.0005974375168416492,0.00045313432929106057,2.265671646455303e-05
5828,0.0007777226210134954,0.0005403584830910088,0.0004243686271365732,2.121843135682866e-05
5829,0.0008555103023509934,0.0006114599159799867,0.0005015305359847844,2.507652679923922e-05
5830,0.0009355573958294086,0.0006822086013886283,0.0005633828113786876,2.8169140568934382e-05
5831,0.0009603352078272553,0.0006978470219623949,0.0005728997639380395,2.864498819690198e-05
5832,0.0009369246124912758,0.0006669340640418287,0.0005538816913031042,2.7694084565155208e-05
5833,0.000879770925453333,0.0006057596638128036,0.0004967735731042922,2.4838678655214608e-05
5834,0.0009028878746481114,0.0006232290173517947,0.0005379986250773072,2.6899931253865364e-05
5835,0.0008952240315521643,0.0006094563795018368,0.0005560236168093979,2.7801180840469898e-05
5836,0.0008001559235968534,0.0005141989219158052,0.0004469268606044352,2.234634303022176e-05
5837,0.0008166427099201601,0.0005307037750486977,0.000446511636255309,2.232558181276545e-05
5838,0.0007605538586021209,0.0004781508792551057,0.00037756224628537893,1.8878112314268947e-05
5839,0.0008445849032923473,0.000561503681524798,0.00045895142829976976,2.294757141498849e-05
5840,0.0008650503578638139,0.0005812521492405493,0.0004592790501192212,2.296395250596106e-05
5841,0.0009134943471500387,0.0006284732675161172,0.0004699219425674528,2.349609712837264e-05
5842,0.0008710103732172695,0.0005887095375193651,0.00039244742947630584,1.9622371473815293e-05
5843,0.0007148582955090525,0.00044348841374827075,0.00022612250177189708,1.1306125088594854e-05
5844,0.0006933979938931007,0.00043207113095865437,0.00023246314958669245,1.1623157479334623e-05
5845,0.0005648587887743001,0.00031794859795454647,0.0001308789651375264,6.54394825687632e-06
5846,0.0006092915710349647,0.0003724047149670268,0.00019935995806008577,9.96799790300429e-06
5847,0.0007397330808519017,0.0005058570172215046,0.0003224753891117871,1.6123769455589354e-05
5848,0.0005591051243196927,0.0003365812800957236,0.00014617881970480084,7.308940985240043e-06
5849,0.0005904153269544218,0.0003770386867161251,0.00017564186418894678,8.782093209447339e-06
5850,0.0004033216228384154,0.00020606130781872914,2.178835347876884e-05,1.0894176739384421e-06
5851,0.0002973275343915688,0.00011913482064995584,-5.8410445490153506e-05,-2.9205222745076755e-06
5852,0.00028166633454188396,0.00012101679658258453,-5.452034019981511e-05,-2.726017009990756e-06
5853,0.00039757392617786354,0.0002454751297989539,9.813764336286113e-05,4.906882168143056e-06
5854,0.0003013639438314071,0.0001613276711177618,9.214973033522256e-06,4.607486516761128e-07
5855,0.00029450729398883675,0.00016607389500917965,-4.40202484242036e-07,-2.20101242121018e-08
5856,0.0004077483280147116,0.00028389594242333213,0.00012153350689914078,6.076675344957039e-06
5857,0.00039838216592991995,0.00027886196691934563,0.00011501034168759361,5.750517084379681e-06
5858,0.0003501293811791151,0.0002367830881453253,6.957774894544855e-05,3.4788874472724275e-06
5859,0.00018271794422057948,8.276287768830397e-05,-8.404654363403097e-05,-4.202327181701549e-06
5860,0.00024205259998993678,0.000151102372141999,-1.2862899893661961e-05,-6.431449946830981e-07
5861,0.000254710759669114,0.00017101232283548372,7.136817657737993e-06,3.5684088288689965e-07
5862,0.0003059503719842622,0.00022642237896381808,5.5970802350202575e-05,2.798540117510129e-06
5863,0.0003683406027123816,0.0002897339450258394,0.0001120178058044985,5.600890290224925e-06
5864,0.0002566343164143068,0.00018448219610053975,-2.9536010970332427e-06,-1.4768005485166213e-07
5865,0.000132426469786053,7.190947239281793e-05,-0.00011447667930042371,-5.723833965021186e-06
5866,0.000278831274394791,0.0002205473355068223,5.924729339312762e-05,2.9623646696563813e-06
5867,0.0004508033663591429,0.0003862316252518701,0.00022202791296876967,1.1101395648438485e-05
5868,0.0006794537910469208,0.0006005014112546403,0.00038707195199094713,1.9353597599547358e-05
5869,0.0005915461477309549,0.0005046902924064095,0.0002727069368120283,1.3635346840601415e-05
5870,0.0005359394562973315,0.000444567666417286,0.0002184264303650707,1.0921321518253535e-05
5871,0.0006644343995468508,0.0005618800411275776,0.00036128840292803943,1.806442014640197e-05
5872,0.0006413633839722177,0.0005290422573234081,0.00034746836172416806,1.7373418086208402e-05
5873,0.0005059750586990942,0.0003905586395474934,0.00022905744845047593,1.1452872422523797e-05
5874,0.00045546552087717354,0.00033908698677791047,0.00019513542065396905,9.756771032698453e-06
5875,0.00025016893128601173,0.00014256035863233758,4.766887286677957e-06,2.3834436433389785e-07
5876,0.00044178871193943203,0.00033274024485305037,0.00020208221394568682,1.0104110697284342e-05
5877,0.0005786665698339431,0.0004624174507594107,0.0003160666092298925,1.5803330461494626e-05
5878,0.0006479274510822025,0.0005227033440489975,0.00035807365202344954,1.7903682601172476e-05
5879,0.0006853804010469963,0.0005501158418863796,0.0003905864432454109,1.9529322162270547e-05
5880,0.0006510975065846926,0.0005088607291670271,0.00034324845182709396,1.7162422591354697e-05
5881,0.0006587563822102212,0.0005102808822259747,0.0003407049225643277,1.7035246128216385e-05
5882,0.0006654333954667258,0.0005122870128917174,0.00032003657543100417,1.600182877155021e-05
5883,0.0006844519280670724,0.0005275850277929669,0.00030964642064645886,1.5482321032322943e-05
5884,0.0007169853049447225,0.000556202787130246,0.00032045177067629993,1.6022588533815e-05
5885,0.0007710814490032626,0.0006043543386972459,0.0003674694162327796,1.8373470811638982e-05
5886,0.0008702349969875923,0.000692777694870138,0.00047141159302555025,2.3570579651277514e-05
5887,0.0008143933217528567,0.0006295287316631159,0.00041851410060189664,2.0925705030094832e-05
5888,0.001119446106459464,0.0009136846275412385,0.0007006768137216568,3.503384068608284e-05
5889,0.0010062437531919582,0.0007883957493439518,0.0005494815413840115,2.7474077069200578e-05
5890,0.001107256820657344,0.0008753525113904052,0.000610164541285485,3.0508227064274253e-05
5891,0.001064234915959878,0.0008216573276427101,0.0005642810137942433,2.8214050689712167e-05
5892,0.0009882765520368756,0.0007407528129492779,0.00046841820585541427,2.3420910292770716e-05
5893,0.0009873542062924304,0.0007361247169239268,0.0004555469786282629,2.2777348931413144e-05
5894,0.0008471717583676986,0.0005987373381168855,0.0003336876106914133,1.6684380534570666e-05
5895,0.0010417959090557433,0.0007848236909726379,0.0005607471684925258,2.8037358424626292e-05
5896,0.0008914028863942508,0.0006334331438013865,0.0004183838900644332,2.0919194503221662e-05
5897,0.0008972390392246344,0.0006375942937957498,0.00043612648732960224,2.1806324366480115e-05
5898,0.0007425841611811683,0.0004869292337773137,0.00032605777960270643,1.630288898013532e-05
5899,0.0007694269902798422,0.0005152517357182113,0.0003736202197615057,1.8681010988075287e-05
5900,0.0008502883753327784,0.0005927108425751446,0.0004688141925726086,2.344070962863043e-05
5901,0.0009481714322891751,0.0006833823807155809,0.0005473680212162435,2.7368401060812178e-05
5902,0.0007287391833904494,0.00046834414531501614,0.000323163258144632,1.61581629072316e-05
5903,0.000731920992983331,0.0004748386524880469,0.00034354362287558615,1.717718114377931e-05
5904,0.0005544898638011871,0.0003082157134323765,0.0001899418857647106,9.497094288235532e-06
5905,0.0006351728998356355,0.0003927689682477903,0.000316798483254388,1.58399241627194e-05
5906,0.0005230833900116326,0.0002879211275428567,0.00024106577620841563,1.2053288810420782e-05
5907,0.0007212101414533224,0.00048257806398145533,0.00044509346480481327,2.2254673240240663e-05
5908,0.0007208921674201307,0.0004784482376497393,0.00045140591100789607,2.2570295550394805e-05
5909,0.0006410912961576454,0.00040005561661348056,0.00035050263977609575,1.752513198880479e-05
5910,0.000604417543226728,0.0003674484933782928,0.00029730433016084135,1.4865216508042068e-05
5911,0.000651337919375187,0.00041650478560317837,0.00033195895957760513,1.6597947978880257e-05
5912,0.0007906535274239587,0.0005519249998331452,0.000448999140644446,2.24499570322223e-05
5913,0.0008279310995171658,0.0005840320393030456,0.0004769138467963785,2.3845692339818925e-05
5914,0.0005949168337039464,0.0003581354292897809,0.00023709094966761768,1.1854547483380885e-05
5915,0.0005892170792523014,0.000359246530502988,0.00023858630447648466,1.1929315223824233e-05
5916,0.0006311331667611553,0.00040438040172264677,0.0003020631556864828,1.510315778432414e-05
5917,0.000695565705165691,0.0004682997845372193,0.00037035546847619116,1.851777342380956e-05
5918,0.0006344675095089095,0.00041046608868696485,0.00029288404039107263,1.4644202019553632e-05
5919,0.0005230117991210872,0.00030745994665681164,0.0001852807472459972,9.26403736229986e-06
5920,0.0007267429468466306,0.000508065006759861,0.0004071005678270012,2.0355028391350063e-05
5921,0.000545332480440923,0.00033195960574723,0.00023780982883181423,1.1890491441590713e-05
5922,0.0005240801146423944,0.00031659184145607926,0.0002208138903370127,1.1040694516850635e-05
5923,0.0004773631492176809,0.0002771082330180725,0.0001860613701865077,9.303068509325385e-06
5924,0.00044023436931888424,0.0002476878471679892,0.0001665677409619093,8.328387048095465e-06
5925,0.0004191271782433153,0.00023417742071870224,0.00015750003512948751,7.875001756474376e-06
5926,0.0003037769331141527,0.00013036911033702397,6.690532609354705e-05,3.3452663046773525e-06
5927,0.0002545639175833268,9.333742801128667e-05,3.844670209218748e-05,1.922335104609374e-06
5928,0.00024449640355736116,9.394018392730535e-05,5.085660450276919e-05,2.5428302251384597e-06
5929,0.0002679774774431577,0.0001253062818951623,8.939942927099764e-05,4.469971463549883e-06
5930,0.00025789419284749676,0.00012305010416968547,7.634761277586222e-05,3.817380638793111e-06
5931,0.0004703361510001785,0.0003324965551781531,0.0002797734923660755,1.3988674618303776e-05
5932,0.00041140750611147334,0.00027347682103528336,0.0002196175482822582,1.0980877414112911e-05
5933,0.0005537465850371052,0.0004106862090145621,0.000319688260788098,1.59844130394049e-05
5934,0.0005303277354487997,0.00038459412325258493,0.0002752712171059102,1.376356085529551e-05
5935,0.0004320614700745363,0.0002889858990201435,0.0001730407093418762,8.65203546709381e-06
5936,0.000498378297078202,0.000354334409172206,0.0002446661819703877,1.2233309098519386e-05
5937,0.00038427526916949995,0.00024357072003210382,0.00015910870570223778,7.955435285111889e-06
5938,0.0003809671738230742,0.00024271840640295632,0.0001737655111355707,8.688275556778535e-06
5939,0.0004004280236439781,0.00026278195631266774,0.00020729168318212032,1.0364584159106017e-05
5940,0.00039755627654145036,0.0002605095197019637,0.00020542394486255944,1.0271197243127973e-05
5941,0.00026126018305571845,0.0001310925058061501,7.85074444138445e-05,3.925372220692225e-06
5942,0.0003472841498675244,0.00021934520924507788,0.00016433143173344433,8.216571586672217e-06
5943,0.0005374202943527419,0.0004019353242942262,0.0003549194661900401,1.7745973309502006e-05
5944,0.0005286447666806408,0.0003873372503165651,0.00032590111368335783,1.629505568416789e-05
5945,0.0005546880165070761,0.0004065967835667668,0.0003528592933434993,1.7642964667174966e-05
5946,0.0006963970353963875,0.000536624660379932,0.00046034788829274476,2.301739441463724e-05
5947,0.0007818618991967506,0.0006066756772739202,0.0005499860853888094,2.7499304269440473e-05
5948,0.0007429907525434175,0.0005560114985693188,0.0004982570535503328,2.4912852677516642e-05
5949,0.0008119834259189399,0.0006119698883777989,0.0005424326518550515,2.7121632592752578e-05
5950,0.0008363094992220975,0.0006253058283252022,0.0005215946584939957,2.6079732924699785e-05
5951,0.0007662094976537779,0.0005504311825782997,0.00041561067337170243,2.0780533668585124e-05
5952,0.0008653626068600065,0.0006407890118815037,0.0005076584639027715,2.5382923195138576e-05
5953,0.0009427327770554005,0.0007058256800509409,0.0005914056091569364,2.9570280457846823e-05
5954,0.0008387544892754821,0.0005958189316830493,0.00048223717021755874,2.4111858510877938e-05
5955,0.000779612173885113,0.000534508667029791,0.00041734700789675117,2.086735039483756e-05
5956,0.0008411540038347219,0.0005926858912493762,0.0004480906354729086,2.2404531773645434e-05
5957,0.0006934813413848908,0.00044947477977161826,0.0002974352682940662,1.487176341470331e-05
5958,0.000696946168963498,0.0004564783235619346,0.00031380195287056267,1.5690097643528134e-05
5959,0.0007169495125215926,0.0004783368424473751,0.00034323905128985643,1.7161952564492824e-05
5960,0.0006658196588509346,0.0004317495802685851,0.0002860725799109787,1.4303628995548934e-05
5961,0.0006834181667163463,0.00045257450228952586,0.0003066805365961045,1.5334026829805226e-05
5962,0.0006238246266878253,0.00039849894944092806,0.00025553369778208435,1.2776684889104219e-05
5963,0.0005217078471804407,0.00030607404713992937,0.00016466871602460742,8.233435801230371e-06
5964,0.00059493038539027,0.00038331835589467295,0.0002658402663655579,1.3292013318277896e-05
5965,0.0004530312073593044,0.0002512951187959632,0.00014018084038980305,7.009042019490153e-06
5966,0.0004082294576466501,0.00021671730805788647,0.00012035751569783315,6.017875784891658e-06
5967,0.00041244553903931524,0.00022814925929818714,0.00016568007413297892,8.284003706648946e-06
5968,0.000345841763594732,0.0001704976449837095,0.00011828111746581271,5.914055873290636e-06
5969,0.00035989369836091333,0.00019214260801324456,0.00013193226186558604,6.596613093279303e-06
5970,0.00043048163409608144,0.00026606594525479805,0.0002045448636636138,1.022724318318069e-05
5971,0.0004426673413204348,0.0002807880054235714,0.00021249798010103405,1.0624899005051702e-05
5972,0.0003844153281539521,0.00022862063297006023,0.00013600355305243284,6.800177652621642e-06
5973,0.0002938798283110358,0.00014756940182042327,5.999222776154056e-05,2.999611388077028e-06
5974,0.0004070017204024112,0.0002629181182248797,0.00019287083705421537,9.643541852710769e-06
5975,0.00048194375387711083,0.00033564302318604564,0.0002749012492131442,1.374506246065721e-05
5976,0.0002930362059694099,0.00015365003659120258,9.180390770779923e-05,4.5901953853899615e-06
5977,9.446328963485914e-05,-3.0201990131957053e-05,-7.121240923879668e-05,-3.560620461939834e-06
5978,5.352289425096116e-05,-5.712242636480308e-05,-7.406542863463983e-05,-3.7032714317319915e-06
5979,-1.0414096194654519e-05,-0.00010708777188725057,-9.27052678889595e-05,-4.635263394447975e-06
5980,8.095239803923755e-05,-7.607442878487979e-06,3.429775688346126e-06,1.714887844173063e-07
5981,9.486650474789528e-05,1.3393495535941682e-05,8.003306902537588e-06,4.001653451268794e-07
5982,0.00010803873894179066,3.4103858523032554e-05,-1.4145189197733998e-05,-7.072594598866999e-07
5983,0.0001103739134995172,4.397771204949337e-05,-2.6671405066736042e-05,-1.3335702533368021e-06
5984,7.053457880823571e-05,1.199593463068508e-05,-4.520041329669766e-05,-2.260020664834883e-06
5985,0.0001639776002396943,0.00010806706811006885,4.6939334424678236e-05,2.346966721233912e-06
5986,0.0002134047400514852,0.0001570735267266767,0.00010069809650303796,5.034904825151898e-06
5987,0.00025028565441319957,0.00019171402058633548,0.00013474459410645068,6.737229705322534e-06
5988,0.0001406685406366861,8.524882596768846e-05,2.8175847546663135e-05,1.4087923773331568e-06
5989,0.00023120935968426045,0.00017364407005721584,0.00013155399938113987,6.577699969056994e-06
5990,0.00042079896756806913,0.0003523360107985034,0.0003076964640058577,1.5384823200292885e-05
5991,0.00017179323265129894,0.00010529532711873644,6.144201324786991e-05,3.0721006623934958e-06
5992,8.155905622186535e-06,-4.9243276092391736e-05,-7.893752626841888e-05,-3.946876313420944e-06
5993,-3.0621573010477667e-05,-8.005367253446205e-05,-6.4044252212625e-05,-3.20221261063125e-06
5994,7.472181356519303e-05,2.591060791629469e-05,7.206443115137517e-05,3.6032215575687587e-06
5995,0.0002228459099743514,0.0001660302024630618,0.00023967836750671268,1.1983918375335635e-05
5996,6.892185262593909e-05,1.2195102414971536e-05,8.377789345104247e-05,4.188894672552124e-06
5997,-3.2146357781009247e-05,-8.471663401546642e-05,4.8064921429613605e-06,2.4032460714806804e-07
5998,0.00023792011367863213,0.00017460219434488984,0.00029950609314255416,1.497530465712771e-05
5999,0.00039229902050650956,0.0003111289947410327,0.00045080797281116247,2.2540398640558126e-05
6000,0.00043902907125311415,0.00034006897039956903,0.00047041717334650457,2.352085866732523e-05
6001,0.00035408550379859266,0.00024479595838281036,0.00034643919207155704,1.7321959603577852e-05
6002,0.00032452062681691604,0.00020958362540345328,0.00027246607351116836,1.3623303675558419e-05
6003,0.0003362989920677758,0.0002156490862062869,0.00028676961665041745,1.4338480832520873e-05
6004,0.0003386635346072868,0.00021333577768030458,0.00027657815371640027,1.3828907685820014e-05
6005,0.00043022325203588845,0.0002968070650501487,0.00035334532731212676,1.766726636560634e-05
6006,0.0006344049122065822,0.000484482683465301,0.0005328177940100431,2.6640889700502157e-05
6007,0.0005711192616020552,0.0004092556382032161,0.00046179656055755913,2.308982802787796e-05
6008,0.0006318790577012331,0.0004568219994461858,0.0005061732372269034,2.5308661861345172e-05
6009,0.0006727671166712432,0.00048334925032936856,0.000549714604858309,2.748573024291545e-05
6010,0.0004892288936612359,0.0002955026767081029,0.0003703203983604908,1.8516019918024543e-05
6011,0.0005028918164527006,0.000304568055690129,0.0003885582846123725,1.9427914230618627e-05
6012,0.00046122704663842986,0.0002601931899574903,0.0003600296622607857,1.8001483113039285e-05
6013,0.0005527525437441664,0.00034416134315108757,0.0004631274496205151,2.3156372481025756e-05
6014,0.0005650440611152111,0.00034837103896815736,0.00048330388381145895,2.4165194190572947e-05
6015,0.0007282224881724984,0.0004963084689666533,0.0006380333215929568,3.190166607964784e-05
6016,0.000729893306218262,0.00048341278261434704,0.0006437496631406248,3.218748315703124e-05
6017,0.0008956000239510396,0.0006284124979247109,0.0007880369666963816,3.9401848334819084e-05
6018,0.0010602428663812552,0.0007680275383129723,0.0009027590276673436,4.5137951383367186e-05
6019,0.001168683420231438,0.0008507325756945973,0.0009520223829895258,4.760111914947629e-05
6020,0.0010265368298375001,0.0006944396354478567,0.000758633716031909,3.793168580159545e-05
6021,0.0008225370193938239,0.0004882068319845732,0.0005487654125317931,2.7438270626589657e-05
6022,0.0008332510664779664,0.0004963134311177083,0.0005692697013728321,2.8463485068641604e-05
6023,0.0009305144839155588,0.0005860858505263303,0.0006744433776475489,3.372216888237745e-05
6024,0.000864531694513004,0.0005170250967311684,0.0005963207804597914,2.9816039022989572e-05
6025,0.0009395382495269778,0.000585324045141064,0.0006757741211913526,3.378870605956763e-05
6026,0.000933366699894049,0.0005739532705822055,0.0006547387456521392,3.273693728260696e-05
6027,0.0008758044897901865,0.0005138113969147359,0.0006108831730671227,3.0544158653356136e-05
6028,0.0009498213390122649,0.0005828630764115295,0.0006643579690717161,3.3217898453585805e-05
6029,0.0007835565140022682,0.00042098886732319906,0.00048426439752802253,2.4213219876401127e-05
6030,0.0007619986390622138,0.00040485528224091713,0.0004620107065420598,2.310053532710299e-05
6031,0.0005949545007952737,0.00024949612087886913,0.00033092746161855757,1.654637308092788e-05
6032,0.0006371374330597688,0.00029882057241330327,0.0004082108207512647,2.0410541037563237e-05
6033,0.000623351860883196,0.00029071032628367544,0.0004254123487044126,2.127061743522063e-05
6034,0.0005728908578387867,0.0002471137267366893,0.0003914908447768539,1.9574542238842697e-05
6035,0.0005782855839095069,0.0002583373119607542,0.0004016646125819534,2.008323062909767e-05
6036,0.00048247072856974894,0.00017174128529056173,0.0003241817175876349,1.6209085879381748e-05
6037,0.00046143208303862986,0.00015911339953249677,0.00032769463723525405,1.6384731861762702e-05
6038,0.0003389712905491251,4.837888543598794e-05,0.0002483877760823816,1.241938880411908e-05
6039,0.0002456914688297253,-3.101484834465064e-05,0.00018884343444369733,9.442171722184868e-06
6040,0.00030859987794121095,4.0487532883789904e-05,0.0002749606210272759,1.3748031051363796e-05
6041,0.00021636638544631715,-4.0152481126631467e-05,0.00019909309048671275,9.954654524335638e-06
6042,0.00024158611237606658,-5.715235091604174e-06,0.0002292926365043968,1.146463182521984e-05
6043,0.0003100896498965661,6.787414033378823e-05,0.00029636232648044825,1.4818116324022413e-05
6044,0.00029839463970863297,6.123692742841862e-05,0.0002860408858396113,1.4302044291980565e-05
6045,0.0002915535311838603,5.961705824856399e-05,0.00027370525640435517,1.368526282021776e-05
6046,0.0003208976333404912,9.23203588676542e-05,0.0003024140605702996,1.5120703028514982e-05
6047,0.00044008384919286953,0.00020768926346127824,0.0004394241841509938,2.197120920754969e-05
6048,0.00043281449804878934,0.0001974379982296862,0.0004239316622260958,2.119658311130479e-05
6049,0.0003025350899626322,7.141987323908615e-05,0.000282426830381155,1.4121341519057752e-05
6050,0.0004046882707086823,0.00017099575579998722,0.0004163446428719908,2.081723214359954e-05
6051,0.0003974608400378202,0.00016126911224169772,0.00041619493276812136,2.080974663840607e-05
6052,0.0004103955434300117,0.0001727185026070131,0.0003988825192209333,1.9944125961046668e-05
6053,0.0005684802464656059,0.0003233911229244006,0.0005199926090426743,2.5999630452133715e-05
6054,0.000615072693772346,0.0003614691579889093,0.0005502183339558542,2.751091669779271e-05
6055,0.0006350568803928629,0.0003733993942774708,0.0005523990839719772,2.7619954198598862e-05
6056,0.0006196183956849289,0.000351476120904482,0.0005331852589733899,2.6659262948669495e-05
6057,0.0006296499142994157,0.0003558462928215534,0.0005276601877994835,2.6383009389974178e-05
6058,0.0006293995089288203,0.00035114408456545323,0.0005131455254741013,2.5657276273705067e-05
6059,0.0006402770820287573,0.00035717669427310587,0.0005290265544317663,2.6451327721588316e-05
6060,0.000768788976098365,0.00047525143623579715,0.0006486363708972931,3.2431818544864656e-05
6061,0.0008597933920655265,0.0005524671224094993,0.0007287667249329388,3.643833624664694e-05
6062,0.0009738954686496493,0.0006499613164422773,0.0008035392384044826,4.0176961920224134e-05
6063,0.0009251732415662018,0.000590436569542047,0.0007105791592039168,3.552895796019584e-05
6064,0.0009763367319404017,0.0006312153877484633,0.0007215507794171572,3.607753897085786e-05
6065,0.0008535423252573601,0.0005057587470849991,0.0005845663836225867,2.9228319181129337e-05
6066,0.0008912006546371312,0.0005402013193043365,0.0006048921495676041,3.0244607478380205e-05
6067,0.0009337604446814615,0.0005766910137294887,0.0006686359993182123,3.343179996591062e-05
6068,0.0009522993640712683,0.0005888643012004279,0.0006829823832958937,3.4149119164794685e-05
6069,0.000926298136462233,0.0005571470068324983,0.0006793930078856647,3.3969650394283236e-05
6070,0.0010312191066453595,0.0006509590570191229,0.0007963904645293951,3.981952322646976e-05
6071,0.0010319269763451769,0.000641733281705512,0.000787160883191973,3.935804415959865e-05
6072,0.0008335370436687007,0.0004451174829954167,0.0005681018810719252,2.840509405359626e-05
6073,0.0008651945414876029,0.0004758201971209331,0.000626724271569401,3.1336213578470054e-05
6074,0.0008040259846001384,0.00041593407317185754,0.0005844515399076045,2.9222576995380226e-05
6075,0.0010684503066934093,0.0006710546229208617,0.0007958746864460409,3.9793734322302045e-05
6076,0.0009373664509515287,0.0005379961675692037,0.0006582084461115301,3.29104223055765e-05
6077,0.0008489956961846162,0.0004535894179613345,0.0005447593866847456,2.7237969334237278e-05
6078,0.00101883549575658,0.0006197317066920197,0.0006961746257729828,3.4808731288649146e-05
6079,0.001050458191345028,0.0006456748517718599,0.0007387116784229875,3.693558392114937e-05
6080,0.001135716615752242,0.0007230454774354042,0.0007894966402091086,3.9474832010455434e-05
6081,0.001114012382532365,0.000695788371462194,0.0007529842550866306,3.764921275433153e-05
6082,0.0011872034252785656,0.0007621028410681814,0.0007887397659942508,3.943698829971254e-05
6083,0.0010746445202592853,0.0006490211404516554,0.0006718852673657238,3.3594263368286195e-05
6084,0.0010748722236899684,0.0006494663600467422,0.0006614906596951187,3.3074532984755935e-05
6085,0.0009807477109937525,0.0005596008032154694,0.0005821358063258231,2.9106790316291155e-05
6086,0.001108289151900554,0.0006848205959152802,0.0007101762457750738,3.550881228875369e-05
6087,0.0010431071438777439,0.0006191839002957104,0.0006737266667187214,3.368633333593607e-05
6088,0.0011167498862393105,0.0006883972394042279,0.0007540021906606853,3.770010953303427e-05
6089,0.0011398958202192098,0.0007069437958759185,0.0007620001561008394,3.810000780504197e-05
6090,0.0009240467510574563,0.0004975176631553042,0.0005477754748426378,2.738877374213189e-05
6091,0.0008603741608616204,0.0004425628910519499,0.0004980188678018749,2.4900943390093744e-05
6092,0.0006713588092577483,0.00026966957368365716,0.00033999726292677224,1.699986314633861e-05
6093,0.0005661866336394221,0.0001828097404244448,0.00027674404555000365,1.3837202277500183e-05
6094,0.00044203516317523056,7.939637189708994e-05,0.0002030230243690312,1.015115121845156e-05
6095,0.00045379946329374143,0.00010787742095569757,0.00025368964998051524,1.2684482499025762e-05
6096,0.0004632159087744681,0.0001311759070056316,0.00028278763056732714,1.4139381528366357e-05
6097,0.000431412297786317,0.00011350581802924863,0.00025374043616466224,1.2687021808233112e-05
6098,0.00042856656475087493,0.0001234943637663627,0.0002568305062595755,1.2841525312978775e-05
6099,0.000553240719751764,0.00025423894879531326,0.0003709028533194214,1.854514266597107e-05
6100,0.0005080680913422959,0.00021583757231844245,0.00034289376344531775,1.7144688172265887e-05
6101,0.0004506371692009616,0.0001665973976346753,0.00030258556944318116,1.512927847215906e-05
6102,0.0003844568352325574,0.00011019144053792178,0.0002584089816082269,1.2920449080411345e-05
6103,0.0005455239922898531,0.00027187036675292676,0.00042739600758068264,2.1369800379034132e-05
6104,0.0004990300617468171,0.00022781164966077035,0.00038488442078232765,1.9244221039116383e-05
6105,0.0005220093906296193,0.00025257798935085426,0.00039317624759860337,1.965881237993017e-05
6106,0.0003775909995694552,0.00011667955337020945,0.0002549978962633759,1.2749894813168795e-05
6107,0.0004960000020476002,0.0002373917094622441,0.00036971838562749326,1.8485919281374666e-05
6108,0.0004960322501280086,0.00023797451602972192,0.00039886156446300447,1.9943078223150226e-05
6109,0.0005325109402049757,0.00027364477227711647,0.0004232499923091382,2.116249961545691e-05
6110,0.0004612514866619174,0.00020431169246606183,0.0003682724491227418,1.841362245613709e-05
6111,0.0004745205146390223,0.00021732064795959433,0.00041002375655807555,2.050118782790378e-05
6112,0.0005428979013924567,0.0002826028537587847,0.0004662230203393847,2.3311151016969235e-05
6113,0.00042858924126286786,0.00016995757872009966,0.0003738644300028682,1.869322150014341e-05
6114,0.0005177004361117979,0.0002559324378204688,0.00046931838733144104,2.3465919366572055e-05
6115,0.00042368615413493663,0.00016395977071526036,0.0003685977135319263,1.8429885676596315e-05
6116,0.00039793217418196826,0.00014155544778929942,0.00034153900924138725,1.7076950462069364e-05
6117,0.0005007251774470423,0.00024310818061838035,0.00042974273674190044,2.1487136837095023e-05
6118,0.0004941658085307786,0.00023690905388004454,0.0003975634463131428,1.987817231565714e-05
6119,0.0004871729290954617,0.0002317953223202636,0.00036677104071713984,1.8338552035856995e-05
6120,0.00039925335096928664,0.00015059161518382014,0.00026805404922924936,1.3402702461462469e-05
6121,0.0003565487731649184,0.00011557575054338045,0.00024132014368660748,1.2066007184330375e-05
6122,0.0003720452660088506,0.00013634605818486952,0.0002793742751237005,1.3968713756185026e-05
6123,0.00019276837926463048,-3.100483596499815e-05,0.00013729807687923312,6.864903843961657e-06
6124,0.0002340912271801174,1.863337673602535e-05,0.00019448265084065497,9.724132542032749e-06
6125,0.00028790230467291313,7.676043677060779e-05,0.0002606575144454837,1.3032875722274185e-05
6126,0.0002853299226682121,7.792765336542922e-05,0.00026271920069120824,1.3135960034560413e-05
6127,0.000405577513329087,0.00019682947277600566,0.00035718048457056284,1.7859024228528143e-05
6128,0.00028321897779533224,7.932173771301441e-05,0.0002317877660971135,1.1589388304855676e-05
6129,0.0003575334772466067,0.00015539394127013777,0.00028838234720751643,1.4419117360375823e-05
6130,0.00025526419065063336,5.9412810932032875e-05,0.00019405497005209327,9.702748502604664e-06
6131,0.00024346314643195223,5.369483408458274e-05,0.00019063189392909408,9.531594696454705e-06
6132,0.0002818652203928255,9.614851104315739e-05,0.0002224814670626074,1.112407335313037e-05
6133,0.00020229067257034438,2.4718726829416643e-05,0.00013333138485904783,6.666569242952392e-06
6134,0.00023229253996481352,6.13216032891105e-05,0.00015351615729741752,7.675807864870876e-06
6135,0.00037123150310605115,0.00020106355711867988,0.00025898488820530474,1.2949244410265238e-05
6136,0.0004189400654310848,0.0002474506178438335,0.000296687736408785,1.483438682043925e-05
6137,0.0004914249755015814,0.00031589928066588823,0.0003504370979499072,1.752185489749536e-05
6138,0.0004374791948223256,0.00026132321097010195,0.0002860279637388885,1.4301398186944426e-05
6139,0.0003768249335420647,0.0002031035424814537,0.00022675932268612087,1.1337966134306045e-05
6140,0.0004187633404145499,0.0002455965354190771,0.0002627709473017603,1.3138547365088017e-05
6141,0.0003654798851708719,0.00019468350358317065,0.00022530904971063137,1.1265452485531569e-05
6142,0.0004001278660582098,0.00023032371986039476,0.00025013418053276837,1.2506709026638418e-05
6143,0.00016578381285546243,8.412602758674108e-06,1.9310838979436085e-05,9.655419489718043e-07
6144,0.000251250263773464,0.00010153166293706555,0.00010207991726929322,5.103995863464662e-06
6145,0.00021523750595020167,7.275879734022455e-05,9.800159023143351e-05,4.900079511571676e-06
6146,0.00019098008035961693,5.575625514969743e-05,8.59625797602348e-05,4.29812898801174e-06
6147,0.0002239875847695281,9.310847859208277e-05,0.00013263881555758417,6.631940777879208e-06
6148,8.759536179686344e-05,-3.321888593258267e-05,9.615208909963258e-06,4.807604454981629e-07
6149,8.542289089845506e-05,-2.584079385356706e-05,6.8842191467410885e-06,3.4421095733705443e-07
6150,0.00021784871229467502,0.00010924053440954272,0.00013047666288912296,6.5238331444561485e-06
6151,0.00020091446729834293,9.447422146794497e-05,0.00013220269465819,6.610134732909501e-06
6152,0.00021732524606796883,0.00011277155410535795,0.00013266016321722418,6.6330081608612095e-06
6153,0.0004213613273963144,0.0003087427292328344,0.0003278830845374614,1.639415422687307e-05
6154,0.00041741794371722373,0.00029734263585689847,0.00032209474011324346,1.6104737005662174e-05
6155,0.0005595434859439912,0.000427763706612797,0.000416724244132638,2.08362122066319e-05
6156,0.0005100891963132035,0.0003703761474160007,0.00035635821404866874,1.7817910702433437e-05
6157,0.0005650375660963347,0.00041525519836192726,0.000412532506743446,2.06266253371723e-05
6158,0.0006279104415915885,0.00046683702567358625,0.00045188114745542407,2.2594057372771204e-05
6159,0.0007192291282146259,0.0005432989397750985,0.0005398537032306194,2.6992685161530974e-05
6160,0.0006289694284104399,0.0004434271255017395,0.0004557463980745524,2.2787319903727624e-05
6161,0.0007155404151098057,0.0005171076947473519,0.0005385834374465048,2.6929171872325243e-05
6162,0.0009039828246442734,0.0006854873316660747,0.0007011415436863899,3.5057077184319496e-05
6163,0.0008734332318542907,0.000639404555420355,0.0006373265641741455,3.186632820870727e-05
6164,0.00093539160943857,0.0006864958370565219,0.0006493123364634812,3.246561682317406e-05
6165,0.0010556507347863917,0.0007876541933178401,0.000758085458073765,3.7904272903688256e-05
6166,0.0009288139293973431,0.0006502226549464842,0.0006157131283544004,3.078565641772002e-05
6167,0.0008379536018025301,0.000555353653941505,0.0005048763123340905,2.5243815616704524e-05
6168,0.000992137547589045,0.0006992470290996131,0.0006423830054700375,3.2119150273501876e-05
6169,0.0010421248525885472,0.000736350543637592,0.0007087709964253008,3.543854982126504e-05
6170,0.0012314496736003453,0.0009057696786567148,0.0008672640542499721,4.3363202712498607e-05
6171,0.0012779162166223867,0.0009320673881245612,0.0008987479959614575,4.4937399798072876e-05
6172,0.0012863019642168085,0.000923036184108633,0.0008733058930374682,4.366529465187341e-05
6173,0.0012388911464170731,0.0008634972007934851,0.0007957431371323764,3.978715685661882e-05
6174,0.001058418601297234,0.000682185187375886,0.0005925197037868202,2.962598518934101e-05
6175,0.0010217407866071366,0.0006459504266943222,0.000576297752559185,2.881488762795925e-05
6176,0.0009499609877608438,0.000577427628636069,0.0005231900722719729,2.6159503613598647e-05
6177,0.0009919564359028089,0.0006205060441840809,0.0005647201323881745,2.8236006619408728e-05
6178,0.0010597356084463135,0.0006859956690462617,0.0006303740083239973,3.1518700416199864e-05
6179,0.0010758252666800184,0.0007001368222688552,0.000625089684035629,3.1254484201781456e-05
6180,0.001090124259112318,0.0007129136651748592,0.000619041093159467,3.095205465797335e-05
6181,0.0010823503103014063,0.0007052173381946814,0.0005894700880162418,2.947350440081209e-05
6182,0.0011903900295115928,0.0008091935314838564,0.000673143716994673,3.3657185849733653e-05
6183,0.0012395336617406928,0.0008522511596986431,0.0007178630912676454,3.589315456338227e-05
6184,0.0012343702206497064,0.0008415968335370216,0.0007134999614208937,3.5674998071044686e-05
6185,0.001233021934826067,0.000836126474526961,0.0006943340413272381,3.4716702066361905e-05
6186,0.001140924126628007,0.0007454774901167034,0.0005900539108552039,2.9502695542760194e-05
6187,0.0011635463322881366,0.0007694650882276435,0.0005930424085818231,2.9652120429091158e-05
6188,0.0010213363240739381,0.00063580954236251,0.00044843964860774577,2.242198243038729e-05
6189,0.001105691424177753,0.0007250517993393137,0.0005131672951392829,2.565836475696415e-05
6190,0.0010564315181328318,0.0006831836186273245,0.0004550394951365888,2.275197475682944e-05
6191,0.0010654195805424778,0.0006986924798360109,0.00046221245429478586,2.3110622714739295e-05
6192,0.0010135334782724788,0.0006556732521174163,0.000405047059757635,2.025235298788175e-05
6193,0.0010582574489233978,0.0007069345358848177,0.0004391174588818103,2.1955872944090517e-05
6194,0.000889088477625969,0.0005517431228541745,0.000279183586826548,1.3959179341327399e-05
6195,0.0007503012517316171,0.0004315933240502287,0.00016816584684420377,8.40829234221019e-06
6196,0.0007048406598179699,0.0004045143854265172,0.00014838123752269894,7.419061876134948e-06
6197,0.0007852821089191178,0.0004963615185475392,0.000260544620687142,1.30272310343571e-05
6198,0.0006186735101698957,0.0003469684861741493,0.000122825222206302,6.141261110315099e-06
6199,0.00044145268369267463,0.0001921112802393884,-5.069396138424054e-06,-2.534698069212027e-07
6200,0.0005668253637281089,0.0003304830287611735,0.0001509871508460492,7.54935754230246e-06
6201,0.0004358817757108302,0.00021530976582520456,7.10119420546107e-05,3.5505971027305352e-06
6202,0.0005352374050881963,0.00032382382758149313,0.0001785625790944323,8.928128954721614e-06
6203,0.0005292466744839329,0.000325035661539027,0.0001993592013604939,9.967960068024695e-06
6204,0.0003839583516718562,0.00019225638650496394,7.923935481812805e-05,3.961967740906403e-06
6205,0.0004980173887735626,0.00031049823527147573,0.00022827644716016948,1.1413822358008474e-05
6206,0.0006374072800335322,0.00044703412278903205,0.0003582723729778081,1.7913618648890406e-05
6207,0.0006024413682336445,0.0004119584314105481,0.00030205611255951226,1.5102805627975613e-05
6208,0.0007239175627273996,0.0005282160051780753,0.0004038308106828481,2.0191540534142406e-05
6209,0.0007133290728182395,0.0005132060207849582,0.0003928009537048638,1.964004768524319e-05
6210,0.0005817749968671232,0.0003836604679216752,0.0002703694917727262,1.3518474588636309e-05
6211,0.0006177915615956371,0.00042008950526133945,0.0003026969206985086,1.5134846034925432e-05
6212,0.0006111993047843546,0.0004145635317266797,0.00028937551542185247,1.4468775771092624e-05
6213,0.0006819491641801772,0.00048351817605962196,0.00034547667019069195,1.7273833509534598e-05
6214,0.0007769363810495904,0.0005731518130431138,0.0004179555980954319,2.0897779904771596e-05
6215,0.000717638603375735,0.0005125804714612661,0.0003420535649638623,1.7102678248193116e-05
6216,0.0006819497372775369,0.0004772505271170172,0.00031281678820960224,1.5640839410480113e-05
6217,0.0007908646271748352,0.0005819234475187545,0.00040578978951089084,2.0289489475544543e-05
6218,0.000892952031215728,0.0006758106250621764,0.0004894378944300115,2.4471894721500576e-05
6219,0.0007853954239984897,0.000566678659389859,0.00036661370540969074,1.8330685270484538e-05
6220,0.0007901866596683752,0.0005697448479984017,0.00037483166670426726,1.8741583335213364e-05
6221,0.0007758840659483074,0.0005547935270398978,0.0003569754189811647,1.7848770949058234e-05
6222,0.0006675690137083356,0.0004515476629448035,0.00024464877787977457,1.223243889398873e-05
6223,0.0005784790715651337,0.00037259015365414047,0.00013923872029408813,6.961936014704407e-06
6224,0.0005922328321604801,0.00039522964825416756,0.0001527527638245374,7.63763819122687e-06
6225,0.0005210678347488026,0.00033479652549070206,0.00010284160816809162,5.142080408404581e-06
6226,0.00035382966958547024,0.00018448445274524007,-3.6422410630621016e-05,-1.821120531531051e-06
6227,0.0003287069971777397,0.00017477325779402785,-2.8436563297873363e-05,-1.4218281648936682e-06
6228,0.0003295111006053439,0.00018823135588343982,3.2312389066646574e-06,1.6156194533323289e-07
6229,0.0003621574460953588,0.00022962861491162168,6.003902308293618e-05,3.0019511541468093e-06
6230,0.00037318878096866256,0.00024717447363431055,8.815313776722178e-05,4.407656888361089e-06
6231,0.0004040502766663786,0.000281139302479011,0.0001437067548977211,7.185337744886056e-06
6232,0.0001991737708666234,8.829471555867932e-05,-4.271727448212914e-05,-2.135863724106457e-06
6233,0.00031018951810472535,0.0002061361096991028,4.672819341067225e-05,2.3364096705336125e-06
6234,0.00018176265386954935,8.861616141177802e-05,-4.7130812163231894e-05,-2.356540608161595e-06
6235,0.00011061920050634051,3.0073320421709776e-05,-9.626606333767995e-05,-4.813303166883998e-06
6236,0.00023184603983782677,0.00015662298609737629,3.12276060867589e-05,1.5613803043379449e-06
6237,0.00018099835992345555,0.00011246498531095916,-8.175968105206266e-06,-4.0879840526031333e-07
6238,0.00016922876717491303,0.0001078080621946718,-2.7739155484596267e-05,-1.3869577742298135e-06
6239,0.00018626708139017173,0.00013008626290641893,-1.429624489901471e-06,-7.148122449507355e-08
6240,0.00033963907653546,0.00028090806832334315,0.0001450275449315086,7.2513772465754305e-06
6241,0.0002478386038832154,0.00019122796273823105,5.052292181062512e-05,2.526146090531256e-06
6242,0.00021348981347866515,0.00016032110107698014,2.1615549485431984e-05,1.0807774742715993e-06
6243,0.00012743316111605486,8.079557304692807e-05,-4.445560625754297e-05,-2.2227803128771486e-06
6244,0.00022972914424220628,0.00018455644793434307,4.889101182925515e-05,2.4445505914627577e-06
6245,0.0004493217331989814,0.00039393093771863144,0.00027808136655949056,1.3904068327974529e-05
6246,0.00029110568933480397,0.0002338259103413591,0.00011971165804425254,5.985582902212627e-06
6247,0.000258863918598915,0.00020149875671978453,8.861041715135798e-05,4.430520857567899e-06
6248,0.0002613517703287527,0.00020344166043094299,9.978327580029145e-05,4.989163790014573e-06
6249,0.00024966239191023625,0.000191366422907077,9.788742318050936e-05,4.894371159025468e-06
6250,0.0002058947286046316,0.00014901358181097803,6.273957114899531e-05,3.136978557449766e-06
6251,6.642713120091516e-05,1.69599960500344e-05,-5.828703797305934e-05,-2.9143518986529673e-06
6252,0.0001081736271231266,6.293529679880678e-05,-2.178787099182955e-06,-1.0893935495914776e-07
6253,7.103541932930218e-05,3.0158240697118725e-05,-1.1832441487058531e-05,-5.916220743529267e-07
6254,0.00012910905853424155,8.94821880009017e-05,4.34742723882664e-05,2.17371361941332e-06
6255,0.0002536299256988081,0.0002097288783859597,0.0001501107180956751,7.5055359047837555e-06
6256,0.00011899696290414232,7.757261867930868e-05,1.7770704289432615e-05,8.885352144716308e-07
6257,0.00029016049168600113,0.00024225947992873097,0.00019545646500773728,9.772823250386865e-06
6258,0.0005387117297371457,0.0004725266126694985,0.00043736505904234946,2.1868252952117475e-05
6259,0.0006048375356919905,0.000519404446140083,0.0004765927733387798,2.382963866693899e-05
6260,0.000532072933323798,0.00043367620766850904,0.00037721244734711945,1.8860622367355974e-05
6261,0.0005698283324689964,0.0004589622744330926,0.00038995969225652516,1.949798461282626e-05
6262,0.0005783612593498919,0.0004564197025810896,0.00038283347385004163,1.9141673692502082e-05
6263,0.0005296303015711429,0.00040049273205164707,0.0003239218785893172,1.619609392946586e-05
6264,0.0005115126643392402,0.000376149315172311,0.000318637554300949,1.593187771504745e-05
6265,0.0005530759424470577,0.00041018410263097627,0.0003561292833182961,1.7806464165914806e-05
6266,0.0006704867374606041,0.0005150884436444216,0.0004673659859690815,2.3368299298454077e-05
6267,0.0005970098073464437,0.0004349392188485571,0.000367284519597888,1.83642259798944e-05
6268,0.0007576489982256255,0.0005835604706418956,0.00048701619380153716,2.435080969007686e-05
6269,0.0009234994374937473,0.0007303243801641831,0.0006449514185078442,3.224757092539221e-05
6270,0.0008079805704066831,0.0006044599240832677,0.0004949885769747198,2.474942884873599e-05
6271,0.0008572036486233064,0.0006428083665561666,0.0005251071997918189,2.6255359989590944e-05
6272,0.0008473731706728066,0.0006238000013159646,0.0005091921193525195,2.5459605967625976e-05
6273,0.0008211173028581456,0.0005905122388765713,0.0004820651956833899,2.4103259784169497e-05
6274,0.0008127050724337992,0.0005768504653727628,0.00045927712926641107,2.2963856463320556e-05
6275,0.0007362725923805895,0.0004993460126026284,0.0003857336996588856,1.9286684982944282e-05
6276,0.0006618783283677202,0.00042838852058254,0.00030042219441384077,1.502110972069204e-05
6277,0.0006185075313211883,0.00039020175028310703,0.0002639983140397817,1.3199915701989085e-05
6278,0.0005879252100434965,0.00036521818021726537,0.0002501062990631908,1.2505314953159542e-05
6279,0.0005406970368519529,0.0003244914096190749,0.00022447991068474948,1.1223995534237476e-05
6280,0.0004272265958034388,0.0002216118509573502,0.00013348595530260354,6.674297765130177e-06
6281,0.00046863475010385566,0.000269989695997355,0.0001921123475767672,9.60561737883836e-06
6282,0.0004811739972557633,0.00028846614355918583,0.00020072578627150506,1.0036289313575254e-05
6283,0.0005291463686998067,0.00034020314234881326,0.00023381589562632143,1.1690794781316072e-05
6284,0.0005379353550980649,0.00035181585943128857,0.0002450214233249426,1.225107116624713e-05
6285,0.0005382419958160071,0.00035635623029215785,0.00021117246069479734,1.0558623034739868e-05
6286,0.0006032264807134309,0.0004219393375051065,0.0002776067703962326,1.3880338519811632e-05
6287,0.000533316231488676,0.00035578834768552626,0.0002114187809638679,1.0570939048193395e-05
6288,0.0005813091492218339,0.0004055497818458039,0.0002464476856403053,1.2322384282015265e-05
6289,0.0005615581551867305,0.00038839971047634214,0.0002262546040583402,1.131273020291701e-05
6290,0.0004281670164076413,0.00026289489184501045,0.00011666761565720662,5.833380782860331e-06
6291,0.0005913394292982794,0.0004255733443738398,0.00027513547684066,1.3756773842033e-05
6292,0.0005484858766568876,0.00038370317713175896,0.00024257779296021909,1.2128889648010955e-05
6293,0.0005432037076592682,0.0003790138827069989,0.0002482833224348724,1.241416612174362e-05
6294,0.0006274139150765039,0.0004598000193214666,0.00032724274205975235,1.6362137102987617e-05
6295,0.0005845954488553236,0.0004168914144692785,0.0002633612893987447,1.3168064469937235e-05
6296,0.000615118252637246,0.00044645507375613424,0.00028189734439365566,1.4094867219682783e-05
6297,0.0005741381750944448,0.0004052358451104553,0.00026887014973908663,1.3443507486954332e-05
6298,0.0006080039187722101,0.0004369934006635745,0.0003070073726121336,1.5350368630606682e-05
6299,0.000590870275940141,0.00041905568371617216,0.0002832606842275709,1.4163034211378545e-05
6300,0.0006734371874593163,0.0004972325973870566,0.0003566518716979772,1.783259358489886e-05
6301,0.0005785879143482862,0.0004036065570868093,0.0002492880157660693,1.2464400788303466e-05
6302,0.0005020873630359952,0.00033175777815821074,0.0001814016286516562,9.07008143258281e-06
6303,0.0003701813774167629,0.00020964030805756522,7.441222260240465e-05,3.720611130120233e-06
6304,0.0002805308598416357,0.0001326498172010979,5.854164555785246e-06,2.9270822778926234e-07
6305,0.0002540540799692455,0.00011841143400590961,-2.2541123598784907e-06,-1.1270561799392454e-07
6306,0.00039997706634915716,0.00026778275226934495,0.00015534802514594048,7.767401257297024e-06
6307,0.0004234171993235882,0.0002929223758581783,0.0001800257305148989,9.001286525744946e-06
6308,0.00046178521875352195,0.0003314896022930382,0.00020444761321414262,1.0222380660707131e-05
6309,0.00033903246684974773,0.0002151288412295391,7.826572982594371e-05,3.913286491297185e-06
6310,0.00038032901785984424,0.00025978916375291933,0.00013173620391171426,6.586810195585713e-06
6311,0.0003418069118920526,0.00022515269941990679,0.00011532360076671466,5.766180038335733e-06
6312,0.0002885674450167755,0.00017819304454862972,6.138566823210567e-05,3.069283411605284e-06
6313,0.00021004602182484605,0.00010795765360876067,1.2852165127696935e-05,6.426082563848468e-07
6314,0.0002877092601587715,0.00018910715187024697,9.759149543242529e-05,4.879574771621265e-06
6315,0.00044425548010262303,0.00034115149642376466,0.00024967026547528803,1.2483513273764402e-05
6316,0.00042649189834567826,0.00031923413047378466,0.00024414388462901115,1.2207194231450558e-05
6317,0.0003874767841959567,0.00027887527150202853,0.00019252390484325588,9.626195242162795e-06
6318,0.00036076092933618034,0.00025318555377502183,0.00014818049385212362,7.409024692606182e-06
6319,0.0002516086848577994,0.00014994968617119798,5.0546132115414366e-05,2.5273066057707183e-06
6320,0.00032541219049539937,0.000224026222888878,0.00015773449558764696,7.886724779382348e-06
6321,0.0003975701066714106,0.0002924012280507847,0.00023641926236450672,1.1820963118225336e-05
6322,0.00039273717778273026,0.00028471189217965713,0.00022063191863708198,1.1031595931854099e-05
6323,0.0003196783227773417,0.00021318887987326594,0.00013660757394973189,6.830378697486595e-06
6324,0.0004310876754590728,0.0003197667335168262,0.000263922760495916,1.3196138024795801e-05
6325,0.0003176882336762354,0.0002068178318864579,0.00016296033572871238,8.14801678643562e-06
6326,0.00033428266769647773,0.00022323769064578117,0.00017681223107501864,8.840611553750933e-06
6327,0.0003131356044829832,0.00020308732647452153,0.0001540717203170061,7.703586015850306e-06
6328,0.000246698296359814,0.00014105495063571714,8.52010925882496e-05,4.26005462941248e-06
6329,0.0002767467960493443,0.00017324411746047518,0.0001259404089068994,6.29702044534497e-06
6330,0.0004771528535201399,0.0003657700240505978,0.0003225421824026853,1.6127109120134264e-05
6331,0.0004575014545690254,0.000339632253210696,0.00030085965408943594,1.5042982704471797e-05
6332,0.000585816306513249,0.00045723392070163356,0.0003940584429074079,1.9702922145370394e-05
6333,0.0006333078063542654,0.0004925371301504412,0.0004372697731014341,2.1863488655071706e-05
6334,0.0004925886301329276,0.00034734028465572815,0.0003001262666657567,1.5006313333287835e-05
6335,0.0005886998875446888,0.00043602578513073103,0.00036995470873080194,1.84977354365401e-05
6336,0.0005128905033483806,0.00035640219130959525,0.0003090834361501038,1.5454171807505192e-05
6337,0.0004702727515192478,0.0003133832424800237,0.0002488650497980416,1.244325248990208e-05
6338,0.0005151734177606277,0.00035668492904539293,0.0002762819058261812,1.3814095291309059e-05
6339,0.0005961675050996154,0.00043355219028155047,0.00032971319160424173,1.648565958021209e-05
6340,0.0005466775119353549,0.0003832224068498074,0.0002690767287276685,1.3453836436383428e-05
6341,0.00044173152192694665,0.0002830789653618524,0.0001589948806213215,7.949744031066075e-06
6342,0.0005432442139141711,0.00038496460244858295,0.00024398071400355548,1.2199035700177775e-05
6343,0.0004358553695604689,0.00028273914898237673,0.00014643228496424854,7.321614248212427e-06
6344,0.00047759927862003134,0.00032836642007625646,0.0001663557777646929,8.317788888234645e-06
6345,0.00047351690040762286,0.00032737696376343835,0.00017622613813728094,8.811306906864047e-06
6346,0.0004823661750461901,0.0003390003714193273,0.00017733100685290992,8.866550342645497e-06
6347,0.00036509588335736866,0.00022974346596329665,6.783949356758967e-05,3.3919746783794836e-06
6348,0.0005273536413836238,0.00039138198773194197,0.00023091479670256376,1.1545739835128189e-05
6349,0.0004672853803884022,0.000332856315428222,0.00018462131265550852,9.231065632775426e-06
6350,0.0005368192753696601,0.00040149444925703773,0.00023072308977134526,1.1536154488567263e-05
6351,0.00043477274699610467,0.00030356503352013843,0.00013031720300205052,6.515860150102526e-06
6352,0.0004438317804046916,0.0003158863814930269,0.0001433595607522875,7.1679780376143755e-06
6353,0.00044281683004786097,0.0003169184733318048,0.00016294959641527385,8.147479820763693e-06
6354,0.00029502021251027983,0.00017704148824804937,4.170938700553961e-05,2.085469350276981e-06
6355,0.0003740873717665045,0.0002592855771059182,0.0001274279784411192,6.37139892205596e-06
6356,0.00037650691650400304,0.00026503643846231774,0.00011776661995099857,5.888330997549929e-06
6357,0.0005056000931534087,0.00039275135842875005,0.00020621312432922423,1.0310656216461212e-05
6358,0.00040748539615673965,0.00029713046163018855,0.000127915627672337,6.39578138361685e-06
6359,0.00019909644990839532,0.0001001355672705024,-5.283749851514585e-05,-2.641874925757293e-06
6360,0.00017420549649165348,8.501794654679865e-05,-3.2534200727241114e-05,-1.6267100363620558e-06
6361,0.00011107421224081898,3.236681997339854e-05,-6.078472870285623e-05,-3.0392364351428116e-06
6362,0.000218056592766759,0.0001435038567105107,5.016002614866011e-05,2.5080013074330055e-06
6363,0.0002030081966505756,0.0001324183360041768,4.401687328936532e-05,2.2008436644682662e-06
6364,0.00021602458588752585,0.00014912004702393288,4.1909213905455545e-05,2.095460695272777e-06
6365,0.00018182115160926554,0.00011981451026920887,1.1154593266837765e-05,5.577296633418882e-07
6366,0.00011196288682717853,5.759276807574366e-05,-5.085677912575193e-05,-2.5428389562875964e-06
6367,5.469542743384041e-05,9.786311109769647e-06,-9.752495680004358e-05,-4.876247840002179e-06
6368,5.894511163188273e-05,2.338013332629063e-05,-0.00010826033394550905,-5.413016697275453e-06
6369,-3.142281482407669e-05,-5.5070254485967306e-05,-0.0001736164267640561,-8.680821338202804e-06
6370,-3.323798572374871e-05,-4.6843685571625415e-05,-0.0001528518187114969,-7.642590935574844e-06
6371,-3.4642318917237765e-06,-1.038326710917293e-05,-0.00010184451093664393,-5.092225546832197e-06
6372,5.9716592029611636e-05,5.546373397790929e-05,-3.414222373976372e-05,-1.7071111869881862e-06
6373,9.254259529944294e-05,8.934397219379181e-05,-9.772449629963376e-06,-4.886224814981688e-07
6374,0.00026094499815972576,0.00025183496059917105,0.00012564020289573818,6.282010144786909e-06
6375,0.00027913017755997534,0.0002640659254459717,0.00013075946480967104,6.537973240483553e-06
6376,0.0002134605766496723,0.00019643096343119494,5.839120058226399e-05,2.9195600291131997e-06
6377,0.00035089289113484175,0.00032637959219343433,0.00017349558765999973,8.674779382999987e-06
6378,0.0002552422983440404,0.00022790422367013682,8.939230610849336e-05,4.469615305424668e-06
6379,0.0002574297442954942,0.00022770977560202134,8.674329001223668e-05,4.337164500611834e-06
6380,0.0003458014011082908,0.0003093236467381111,0.0001789449597708881,8.947247988544406e-06
6381,0.0003866193683984461,0.00034289161018755587,0.0001971388846868649,9.856944234343246e-06
6382,0.0004142887648141891,0.00036465722865393384,0.00018044195894617587,9.022097947308793e-06
6383,0.00034215528832693407,0.0002929489933926957,6.349958857754245e-05,3.174979428877123e-06
6384,0.0003492257696482101,0.00030125355428385056,5.059138857177459e-05,2.5295694285887294e-06
6385,0.00037025641657468497,0.00032129820623447657,9.504330955678597e-05,4.752165477839299e-06
6386,0.0003285984305799327,0.00027951931418440087,7.871800335124135e-05,3.9359001675620675e-06
6387,0.00030444387823063974,0.0002565958940370278,5.216759382165037e-05,2.608379691082519e-06
6388,0.00022442096074842073,0.00017997595495029443,7.72277962823864e-06,3.861389814119321e-07
6389,0.00019742593209370963,0.00015533142252938882,2.508381294319406e-05,1.2541906471597032e-06
6390,0.00023979305575973594,0.00019782553762023872,6.58631106489338e-05,3.29315553244669e-06
6391,0.0002631112761337911,0.00021972755340102625,9.51939873630181e-05,4.7596993681509055e-06
6392,0.0003565007485502191,0.0003077490292503221,0.00017501911497674882,8.750955748837441e-06
6393,0.0004656963398464167,0.0004070345943744185,0.00027137246797792614,1.3568623398896308e-05
6394,0.00032100877762349605,0.0002612349522789578,0.0001071399383363314,5.35699691681657e-06
6395,0.00030043714409745166,0.00024102580033840096,8.32074074423872e-05,4.16037037211936e-06
6396,0.0003040031341189209,0.0002442232704475102,9.959877206711099e-05,4.97993860335555e-06
6397,0.00016984517289269862,0.00011574093282673027,-2.024974673986435e-05,-1.0124873369932176e-06
6398,0.00013346050406074745,8.549075125850192e-05,-3.4541859349701554e-05,-1.7270929674850777e-06
6399,-5.4315483084542486e-05,-8.883052314238778e-05,-0.00018879419076256454,-9.439709538128227e-06
6400,-2.5828525977360472e-05,-4.942016138749614e-05,-0.00015400131815113127,-7.700065907556564e-06
6401,-0.00011691048822383876,-0.000128810375473252,-0.00018592618289403617,-9.296309144701809e-06
6402,-0.00012593144022968316,-0.0001283635933098381,-0.0001590746978763491,-7.953734893817455e-06
6403,-5.001047895349109e-05,-4.734105615343113e-05,-8.766701648710296e-05,-4.383350824355148e-06
6404,1.127809981724882e-05,1.6300771801377128e-05,-4.3742660636780784e-05,-2.1871330318390393e-06
6405,-6.308691386897276e-05,-5.250997670834798e-05,-0.00011428476864239201,-5.714238432119601e-06
6406,3.688512286403548e-05,4.759748192513807e-05,-1.3832188415108249e-05,-6.916094207554125e-07
6407,0.00012201449631592716,0.0001271476812720542,9.725985728437081e-05,4.862992864218541e-06
6408,0.00019028078706357946,0.0001875567593222353,0.00014699474559165537,7.349737279582769e-06
6409,0.00038063469614554114,0.00036229239123194214,0.00031093473080545664,1.5546736540272833e-05
6410,0.00025141473306202427,0.00022526730397196877,0.00017336277232971042,8.668138616485522e-06
6411,5.4607167434432774e-05,3.137884229398886e-05,-2.640516686369665e-05,-1.3202583431848326e-06
6412,6.831836988993032e-05,4.644768341049701e-05,7.61150658945553e-06,3.805753294727765e-07
6413,5.6244842539659485e-05,3.5598186356823684e-05,1.0030350495071616e-05,5.015175247535808e-07
6414,3.683148842509437e-05,1.7487416036251094e-05,7.1742242653272115e-06,3.587112132663606e-07
6415,8.910556825925262e-05,6.837968352250473e-05,5.910674371989444e-05,2.955337185994722e-06
6416,1.987267252171468e-05,5.200725686613978e-07,4.675767740991432e-06,2.3378838704957163e-07
6417,6.32451403137838e-05,4.3493369597396706e-05,3.904797267750837e-05,1.9523986338754185e-06
6418,0.00017802857503099848,0.0001520081142134305,0.0001564145350130275,7.820726750651374e-06
6419,4.650614999107655e-05,2.033209916817122e-05,4.0189112041844055e-05,2.009455602092203e-06
6420,0.00031953472835885723,0.00028247638032101284,0.00025727340835146606,1.2863670417573304e-05
6421,0.0003147759070046985,0.000267913686594645,0.0002471749612595886,1.2358748062979431e-05
6422,0.0002460827762903359,0.00019482471054801755,0.0001529285218566656,7.646426092833281e-06
6423,0.00016393054878165395,0.00011325139000027817,6.301570101641119e-05,3.1507850508205595e-06
6424,0.00042833930485958546,0.0003664275007928144,0.00030234482255764306,1.5117241127882153e-05
6425,0.0004704223803816094,0.0003958291045582484,0.00034340942511335015,1.717047125566751e-05
6426,0.0003549140278106078,0.0002759312758973025,0.00019449798855930567,9.724899427965283e-06
6427,0.00030923556422214247,0.0002287389732413282,0.00014771267888136208,7.385633944068104e-06
6428,0.00027516908277756895,0.0001943433497266057,0.00012958589650224894,6.479294825112447e-06
6429,0.0002509902886494788,0.00017060900040707388,0.00011656015703920275,5.828007851960138e-06
6430,0.0001261484491213675,5.1075309764685034e-05,1.9788894860539585e-05,9.894447430269793e-07
6431,0.00020429376990418617,0.0001301271353121299,0.00010286065662512556,5.143032831256278e-06
6432,0.00023088390526700698,0.0001550027052888706,0.0001525070401839912,7.62535200919956e-06
6433,0.00017281127510199485,9.867190475213864e-05,8.398368663620204e-05,4.199184331810102e-06
6434,-1.8808444512997076e-05,-8.227815913531471e-05,-9.602191130397841e-05,-4.801095565198921e-06
6435,-3.331035416326457e-05,-8.668566938774211e-05,-9.506312198936939e-05,-4.75315609946847e-06
6436,3.4656428974263014e-05,-1.138766627669848e-05,-5.357100963010453e-05,-2.6785504815052267e-06
6437,-2.231096060794621e-05,-6.021094267919381e-05,-8.196172711905092e-05,-4.0980863559525465e-06
6438,-7.53954416985421e-05,-0.0001043148281379053,-0.00011108488979516551,-5.554244489758276e-06
6439,3.8932330159151916e-05,1.2885636624335091e-05,-2.266847559440066e-06,-1.1334237797200332e-07
6440,-1.3277394301736785e-05,-3.497493522796125e-05,-3.957915396313183e-05,-1.9789576981565915e-06
6441,-2.3024803300772694e-05,-3.9638691226574265e-05,-6.137997115729377e-05,-3.0689985578646884e-06
6442,-6.91709378435257e-05,-7.942904917531394e-05,-9.440925350645557e-05,-4.720462675322779e-06
6443,-0.00018134932624691764,-0.00018202735967284185,-0.0001679235720075667,-8.396178600378335e-06
6444,-0.00011305588371806129,-0.00011095208082076338,-4.4705000618705526e-05,-2.2352500309352762e-06
6445,5.7323458228149035e-05,5.353292343967121e-05,0.00012124104978283867,6.062052489141934e-06
6446,0.00013274911563001203,0.00012056290587832961,0.0001741104497341439,8.705522486707197e-06
6447,-6.408335084230003e-05,-7.36767052228533e-05,-3.637647023424506e-05,-1.8188235117122532e-06
6448,0.00012416188140366058,0.00010962768533516027,0.00011536361853359267,5.7681809266796336e-06
6449,0.00024374640459753623,0.00021844448556674177,0.00023716151190456003,1.1858075595228001e-05
6450,0.00030956910389944145,0.0002723239001034455,0.00027175736613571644,1.3587868306785823e-05
6451,0.00023676621120031615,0.00019274389633353771,0.00018394604558125138,9.19730227906257e-06
6452,0.0002509226322350359,0.0002006245140040988,0.00018674178863875568,9.337089431937784e-06
6453,0.00030766411026046425,0.0002485892752834344,0.0002477501693647355,1.2387508468236776e-05
6454,0.00016085240325351558,0.00010057761567839695,0.00010893322178162634,5.446661089081317e-06
6455,0.0003935556221172784,0.0003223661702480227,0.0003092503466177732,1.546251733088866e-05
6456,0.0005926522160213265,0.0005021303424855223,0.0004905020468868315,2.452510234434158e-05
6457,0.0007354590434291034,0.000621907301217077,0.0005881450488232076,2.940725244116038e-05
6458,0.0004905501847748789,0.00036889419199245073,0.00032104054116643965,1.6052027058321985e-05
6459,0.00041891936343205297,0.00029385611464103587,0.0002469650353305042,1.234825176652521e-05
6460,0.0004357829959415324,0.0003062460493017662,0.0002791891747619957,1.3959458738099785e-05
6461,0.0005577198427716587,0.00041792516711668614,0.0004033745208289474,2.0168726041447372e-05
6462,0.00046323497205676573,0.0003188756250031593,0.0003027201455552131,1.5136007277760655e-05
6463,0.00038242878061169007,0.0002387208003617177,0.00020787533139809966,1.0393766569904984e-05
6464,0.0003975534609488211,0.000253886229276083,0.0002230748359579593,1.1153741797897965e-05
6465,0.00032269100215287933,0.00018291357454831416,0.00014719515456818044,7.359757728409022e-06
6466,0.00020811041750279805,7.722761124542257e-05,4.374327545519918e-05,2.187163772759959e-06
6467,0.00022241381778912884,9.857444967927032e-05,7.085029210429639e-05,3.5425146052148193e-06
6468,0.00022980700804211754,0.00011141307020785556,9.218481864081696e-05,4.609240932040848e-06
6469,0.00015949695598372295,4.9488295301647485e-05,2.4042798031587154e-05,1.2021399015793577e-06
6470,0.00018901941104640334,8.60627109872987e-05,3.89991510019172e-05,1.94995755009586e-06
6471,0.0003900930942819392,0.0002849577828932623,0.00021229169215075672,1.0614584607537837e-05
6472,0.00040849916035899555,0.0003004004834605035,0.0002257783489767462,1.128891744883731e-05
6473,0.0005011712645425679,0.00038797722373185847,0.0002704516227822751,1.3522581139113755e-05
6474,0.0004375780334995761,0.00032297997642876465,0.0002023479319177568,1.011739659588784e-05
6475,0.0003923425357778074,0.00027815823138949646,0.00016954167222138494,8.477083611069247e-06
6476,0.0005357032407848635,0.0004148712653190285,0.0003117241139989346,1.5586205699946733e-05
6477,0.0005121399169374973,0.00038629405025133166,0.00028586649568751454,1.4293324784375728e-05
6478,0.000656396901097575,0.0005197543928232236,0.0004089932481292635,2.0449662406463177e-05
6479,0.000712528500878412,0.0005636964860418266,0.0004501859366428107,2.2509296832140536e-05
6480,0.0007571968739112186,0.0005960819069381636,0.0004689821507781744,2.3449107538908722e-05
6481,0.0006338320271056675,0.00046784146525535067,0.00033922502188943326,1.6961251094471664e-05
6482,0.0005965160174671875,0.00042857444592959314,0.00029249093495309353,1.4624546747654677e-05
6483,0.0005317897956100537,0.00036510601079732,0.000234700069995597,1.1735003499779851e-05
6484,0.0006238770806302583,0.00045319182472860375,0.0003411030338611454,1.705515169305727e-05
6485,0.0007242148407930201,0.0005445555107725403,0.0004449049010872841,2.2245245054364206e-05
6486,0.0005536103939726873,0.0003739005764132129,0.00027680673520080745,1.3840336760040374e-05
6487,0.0004804290593009984,0.00030384662542617453,0.00021726067643612623,1.0863033821806312e-05
6488,0.00041768808577724717,0.00024603704565899753,0.00017967660096473992,8.983830048236996e-06
6489,0.0003422447524027482,0.0001785863036028051,0.00011309079854981974,5.654539927490987e-06
6490,0.00043034012528121143,0.0002687389621839417,0.0002219896123278886,1.109948061639443e-05
6491,0.00036917389202307453,0.00021180525017430762,0.00017274162382818758,8.63708119140938e-06
6492,0.0003121234470568321,0.00016077653856266097,0.0001306546910200268,6.532734551001341e-06
6493,0.00047047529155869395,0.000317909195583499,0.00026721975882537663,1.3360987941268833e-05
6494,0.0005881949298123948,0.00042994390632557184,0.0003545656509231776,1.772828254615888e-05
6495,0.0005470788944540646,0.00038586968361771853,0.0003047977515961975,1.5239887579809876e-05
6496,0.0004989533786821527,0.0003380013996825079,0.0002451819891575724,1.225909945787862e-05
6497,0.0005612269937024531,0.00039752340042142003,0.00030690160929225385,1.5345080464612695e-05
6498,0.0005851040254253036,0.0004174359437885797,0.00033441963023506105,1.6720981511753054e-05
6499,0.0006597116506579902,0.0004846674219445644,0.00040774696390144527,2.0387348195072266e-05
6500,0.0006378335365576286,0.00045630209275227224,0.0003990749246440828,1.995374623220414e-05
6501,0.0004902791002465943,0.0003090006747102821,0.00027404649881646037,1.370232494082302e-05
6502,0.00068963614177276,0.0004998157050080435,0.00045343564124777913,2.2671782062388957e-05
6503,0.0006210562207918065,0.00042584929505858825,0.0003999503387603909,1.9997516938019546e-05
6504,0.0005167728316790502,0.0003217955133284742,0.00029653412639163435,1.4826706319581717e-05
6505,0.0005819010213549013,0.00038472884028601366,0.00034820230212062597,1.74101151060313e-05
6506,0.0007178669948951233,0.0005115280557758727,0.0004909851704724133,2.4549258523620668e-05
6507,0.0008319433506971177,0.0006127640428344283,0.0005746341776102781,2.8731708880513906e-05
6508,0.000807998546638711,0.000579251680398744,0.0005255306605249643,2.6276533026248218e-05
6509,0.0007806211635610281,0.0005449118843786023,0.0004889621632173657,2.444810816086829e-05
6510,0.0009576140756688222,0.0007076952061664926,0.0006465984624810517,3.232992312405258e-05
6511,0.000784957374651439,0.0005311683754756539,0.0004584522102959454,2.292261051479727e-05
6512,0.0006865361391229354,0.00043519629676109427,0.00034294460783712566,1.7147230391856282e-05
6513,0.0006045285909387844,0.0003590800559599734,0.0002758790215011686,1.3793951075058432e-05
6514,0.0005427610720678689,0.0003066963977960416,0.00020098756067454815,1.0049378033727407e-05
6515,0.0005968620356736544,0.0003663019836149706,0.00026753716520033777,1.337685826001689e-05
6516,0.0007856515358654316,0.0005503485756034946,0.00046292878687381744,2.3146439343690875e-05
6517,0.0005711357411977424,0.0003418550933326482,0.0002485776203684509,1.2428881018422545e-05
6518,0.000738870266658028,0.0005082172318663028,0.00039098921115510166,1.9549460557755086e-05
6519,0.000638545253527508,0.0004113746869455169,0.00029313034610822797,1.46565173054114e-05
6520,0.0006067373525249572,0.00038373357269475396,0.0002757722104433924,1.3788610522169621e-05
6521,0.0005962733524861931,0.0003776839295692169,0.0002653731789905578,1.326865894952789e-05
6522,0.0005211865553603614,0.00031079252517732665,0.0001833861751947552,9.169308759737761e-06
6523,0.0005432259180095187,0.0003397266319580881,0.00019901130872312933,9.950565436156467e-06
6524,0.000652080537954654,0.0004489310791173178,0.0003192483854945749,1.5962419274728747e-05
6525,0.0005804269144578639,0.00038027498048548826,0.000261882581980899,1.309412909904495e-05
6526,0.0007218776790289183,0.0005185169118651985,0.00038141454569995403,1.9070727284997704e-05
6527,0.0005998999137833616,0.00039900191440194935,0.00026934247580356896,1.3467123790178449e-05
6528,0.0006565093296698244,0.0004552345342732138,0.0003242623351980001,1.6213116759900006e-05
6529,0.000483796326639312,0.00028955482068192755,0.00017571161151863635,8.785580575931817e-06
6530,0.00021014520458344157,3.418276127076949e-05,-5.616511407424696e-05,-2.808255703712348e-06
6531,0.0002055431652352318,4.639396427413267e-05,-4.7253088268917054e-05,-2.3626544134458527e-06
6532,0.00014289170574923176,8.460597251091069e-07,-7.717550761299208e-05,-3.858775380649604e-06
6533,7.049003286231301e-05,-5.355326692104043e-05,-0.00012083409092156217,-6.041704546078109e-06
6534,-3.717153869092956e-05,-0.00014110277023268597,-0.0001897060574265197,-9.485302871325985e-06
6535,-3.972294848026256e-05,-0.00012614790038054048,-0.00016683009744156152,-8.341504872078076e-06
6536,-2.396877335238445e-05,-9.563975071768353e-05,-0.00013961219519842416,-6.9806097599212085e-06
6537,-4.696282802288789e-05,-0.00010500166387616725,-0.00014184988685883582,-7.092494342941791e-06
6538,-7.132737159881826e-05,-0.00011656146414451748,-0.0001477354671806097,-7.386773359030485e-06
6539,-4.7300160667832924e-05,-8.233570782014861e-05,-0.00011643562174867839,-5.821781087433919e-06
6540,-9.064965035561567e-05,-0.0001160460259617012,-0.00012296700151637197,-6.148350075818599e-06
6541,-0.00014706307039676433,-0.0001612843393247417,-0.00016971284640021622,-8.485642320010811e-06
6542,-0.0002554895908220664,-0.0002548554814417848,-0.0002602337335702032,-1.301168667851016e-05
6543,-0.0002892414326120063,-0.0002741706421669199,-0.0002727450628299266,-1.363725314149633e-05
6544,-9.710709248948415e-05,-7.790462324490122e-05,-8.869621524354443e-05,-4.4348107621772215e-06
6545,-4.07154302845928e-05,-2.0880984135024104e-05,-3.1210609449772164e-05,-1.5605304724886083e-06
6546,-1.338965357367147e-05,6.654851979551549e-06,-2.8240603569429368e-05,-1.4120301784714685e-06
6547,2.452057184557646e-06,2.207747724488168e-05,-1.802819133445155e-05,-9.014095667225775e-07
6548,0.00019011869396696083,0.0002005770623923587,0.00015635632735211402,7.817816367605701e-06
6549,0.0003786820231016904,0.00037185960683456463,0.00032727024517953396,1.6363512258976698e-05
6550,0.00034503734768755396,0.0003243407147047039,0.0002792415616568178,1.396207808284089e-05
6551,0.0004766675539895989,0.0004384694130113899,0.0003730016469489783,1.8650082347448917e-05
6552,0.0005430489098904282,0.0004860377630919842,0.00042112215305678546,2.1056107652839276e-05
6553,0.0005047498942970799,0.00043218967446836894,0.00038332867552526295,1.9166433776263148e-05
6554,0.00036683607242425095,0.0002864889102628439,0.00025381488376297057,1.2690744188148529e-05
6555,0.0003841181784271009,0.0002966420950154975,0.00025804160395637155,1.2902080197818578e-05
6556,0.00032751052520641063,0.00023572189966835329,0.00021527611534111202,1.0763805767055602e-05
6557,0.0002536229980823475,0.00016121216732033005,0.00015083627658896148,7.541813829448074e-06
6558,0.00040791862014598476,0.0003073512880723956,0.00030570407398045063,1.528520369902253e-05
6559,0.00044154074398583174,0.0003316850106960734,0.00033785778214223683,1.689288910711184e-05
6560,0.0005051767322824352,0.00038357243822409616,0.0003997128806076944,1.998564403038472e-05
6561,0.0004579349538154379,0.0003285222776590209,0.0003371474740561098,1.685737370280549e-05
6562,0.0005065054395568023,0.00036855498839858037,0.00036551817902363837,1.827590895118192e-05
6563,0.00037472427522645924,0.00023563456873102544,0.00023110088659450412,1.1555044329725207e-05
6564,0.00030917565063973254,0.00017155561883715754,0.00018520510639064014,9.260255319532007e-06
6565,0.0003443978932867564,0.00020539190459021174,0.00024329079315066338,1.216453965753317e-05
6566,0.0004735068085423041,0.00032704257336291746,0.00036645375075750053,1.8322687537875026e-05
6567,0.0003343412112230302,0.00018700977222956008,0.00024252930597867817,1.212646529893391e-05
6568,0.00033988061430186424,0.0001918118443497297,0.0002437898947391659,1.2189494736958296e-05
6569,0.00015489938737245205,1.5121523373521066e-05,6.54146060696803e-05,3.270730303484015e-06
6570,0.000158146767098267,2.5540308762894426e-05,8.059204992605373e-05,4.0296024963026865e-06
6571,4.6192969013904146e-05,-7.537372688023265e-05,-6.353318894980475e-06,-3.176659447490238e-07
6572,1.8747482763765723e-05,-9.100958531410972e-05,-3.5753255360759795e-05,-1.7876627680379897e-06
6573,0.0001455799429363781,4.0908728675236024e-05,8.172546222340316e-05,4.086273111170158e-06
6574,0.0002030004180748881,9.959465484725766e-05,0.00014625908806920052,7.312954403460026e-06
6575,0.00019256542885289402,9.03400226110223e-05,0.0001422778150299564,7.1138907514978205e-06
6576,0.00017126319180533358,7.092808790032799e-05,0.00012479735596571118,6.239867798285559e-06
6577,0.00012878457037128387,3.2517636065439204e-05,7.815145363565534e-05,3.907572681782768e-06
6578,8.870018631854337e-05,-1.7129347351641555e-06,3.730945536517538e-05,1.865472768258769e-06
6579,5.03667020345262e-05,-3.328462267847756e-05,1.1568092304514721e-05,5.784046152257361e-07
6580,3.587454849462784e-05,-4.1010300909004076e-05,2.1741677755926503e-06,1.0870838877963252e-07
6581,0.0001431363556904149,6.806910614582884e-05,9.072940883925185e-05,4.536470441962592e-06
6582,-4.053110403221262e-06,-7.048840242838884e-05,-5.101775604998693e-05,-2.5508878024993467e-06
6583,9.366527839239527e-05,3.0349993260056835e-05,4.861768684349954e-05,2.430884342174977e-06
6584,3.554353612779031e-05,-2.3959748059952164e-05,2.778145790216513e-05,1.3890728951082565e-06
6585,7.188492242837857e-05,1.4312395699355138e-05,5.895581853110343e-05,2.947790926555172e-06
6586,0.0001342321927912568,7.502296400975408e-05,0.00012583697389345616,6.291848694672809e-06
6587,0.00020142320537656184,0.00013812976086217488,0.00017472711624577641,8.736355812288821e-06
6588,0.0001364281244936392,7.271650893531659e-05,0.00010534823377383873,5.267411688691937e-06
6589,0.00011942905674794847,5.662308039519246e-05,8.078370592556894e-05,4.039185296278447e-06
6590,-3.297763469844872e-05,-8.814389515902655e-05,-5.3888215916231275e-05,-2.6944107958115637e-06
6591,9.415627603996276e-05,4.046496147704027e-05,6.181134813232347e-05,3.090567406616174e-06
6592,1.900202591816812e-05,-3.0664187619583935e-05,6.58829139865702e-06,3.2941456993285103e-07
6593,3.376038632338399e-05,-1.277788198274807e-05,1.9053370124311186e-05,9.526685062155594e-07
6594,-2.1571584335063982e-05,-6.227339503142796e-05,-3.999037653557025e-05,-1.9995188267785126e-06
6595,-0.00012195298366503182,-0.00015293981766023482,-0.00012492109090089798,-6.2460545450448995e-06
6596,-2.085575806848763e-05,-4.7606942717607e-05,-2.7456964744487777e-05,-1.372848237224389e-06
6597,0.00010747824122231667,7.790320370654556e-05,0.00010509461571928114,5.254730785964057e-06
6598,0.00011390240434811423,8.135539263701544e-05,0.00010741620644694194,5.3708103223470974e-06
6599,-1.7850260712057608e-05,-4.6590086803326306e-05,-2.5504486984573305e-05,-1.2752243492286652e-06
6600,-0.00014130096139012115,-0.00016070462384260028,-0.00013858283637091517,-6.929141818545759e-06
6601,-8.198456506642398e-05,-9.493582953406203e-05,-9.085022611543536e-05,-4.542511305771768e-06
6602,-0.00014332109572401326,-0.00014811912229120147,-0.00013487852993421257,-6.743926496710629e-06
6603,-0.00010155788707992448,-0.00010171913016491274,-7.627007289556786e-05,-3.8135036447783933e-06
6604,0.00010802505479681042,0.00010242512856132959,0.00011626158811850473,5.813079405925237e-06
6605,0.0001611348065289934,0.0001476455481096263,0.00016714705270715058,8.35735263535753e-06
6606,0.0003565022457753388,0.0003276188673564278,0.0003255604824516922,1.6278024122584612e-05
6607,0.0005561560449319451,0.0005040108474116107,0.0004993958282284439,2.4969791411422193e-05
6608,0.0005392075625195261,0.00046866770050086156,0.0004315638798289001,2.1578193991445008e-05
6609,0.0005171581307696629,0.00043277559114108133,0.0003696540370583534,1.8482701852917673e-05
6610,0.0006911265946641962,0.0005878524491819191,0.0004951977753080428,2.475988876540214e-05
6611,0.0005129980170360214,0.00040149274095838903,0.00030971140949986875,1.5485570474993438e-05
6612,0.00046140195187271846,0.0003446839445320126,0.00026792354765348136,1.3396177382674069e-05
6613,0.00031723971464649566,0.00020140333042385243,0.00015819398686289787,7.909699343144894e-06
6614,0.00030468876150600187,0.0001894945835399632,0.00016677020175848156,8.338510087924079e-06
6615,0.00021357820311601874,0.00010263702216258458,9.537777077639475e-05,4.768888538819738e-06
6616,0.00019313635791057146,8.761734204985289e-05,6.81800811435096e-05,3.40900405717548e-06
6617,0.00017893498335486884,7.856662612543505e-05,6.68893990223296e-05,3.34446995111648e-06
6618,0.00021355558970728337,0.00011666436888979071,9.279243386117741e-05,4.639621693058871e-06
6619,0.00021084417801100604,0.00011689806594959994,9.716687054606155e-05,4.8583435273030774e-06
6620,0.00014886996491855894,5.984689163435097e-05,5.2355699153849855e-05,2.6177849576924928e-06
6621,0.00017889629044276487,9.246304747184073e-05,9.223425149684772e-05,4.6117125748423865e-06
6622,0.00023386197632753735,0.0001479597377414407,0.00012830467312596738,6.415233656298369e-06
6623,0.0003893564323237214,0.00029696849121338853,0.00026617295225150883,1.3308647612575442e-05
6624,0.00034158664701189995,0.000244746975641963,0.00023084798885975033,1.1542399442987517e-05
6625,0.00021079561826579222,0.0001165539990039337,9.621933713788167e-05,4.810966856894083e-06
6626,0.00031604957036704553,0.00021973268696498136,0.00018959543376695365,9.479771688347683e-06
6627,0.00043933699283217847,0.00033523148697924243,0.0003058428119402379,1.5292140597011896e-05
6628,0.0005801828411950301,0.0004627663903396568,0.000424606871092692,2.1230343554634602e-05
6629,0.0005070285843994649,0.0003820520655766058,0.0003256887139286846,1.628443569643423e-05
6630,0.0005153054669962252,0.000384633746989495,0.00030188015080057085,1.5094007540028543e-05
6631,0.0005693208593777352,0.00043167358891087356,0.0003381683200132102,1.690841600066051e-05
6632,0.0006652985894065307,0.0005178420467252299,0.0004056945035699755,2.0284725178498777e-05
6633,0.0007037805153963709,0.0005464142649399884,0.00042137110722251236,2.106855536112562e-05
6634,0.0006826809158661481,0.0005178343289625614,0.00038762475014664233,1.9381237507332116e-05
6635,0.0006820463353085267,0.0005109773561849005,0.0003753966011572629,1.8769830057863148e-05
6636,0.000787474120621913,0.0006078220881698084,0.00043358965194784105,2.1679482597392055e-05
6637,0.0007298166514312279,0.0005453456234084167,0.00037083489587530494,1.8541744793765247e-05
6638,0.0007063950401193726,0.0005182558373847096,0.00035728144575841725,1.7864072287920862e-05
6639,0.000574689667228404,0.00038954881535495,0.00023112655617296696,1.1556327808648349e-05
6640,0.0005689865686999694,0.000386210942706103,0.00024361908435821533,1.2180954217910767e-05
6641,0.0006154855576224189,0.00043221101498028004,0.00029854083550162613,1.4927041775081307e-05
6642,0.0005290904718074782,0.00034955106051077285,0.0002134423702955246,1.067211851477623e-05
6643,0.0003960535567958927,0.00022546025013498648,0.00010543734970269725,5.271867485134863e-06
6644,0.0004884598811149857,0.00032014815984615153,0.00022859685122966766,1.1429842561483384e-05
6645,0.00045574716011503294,0.00028926787105224114,0.00023149528715293854,1.1574764357646927e-05
6646,0.0003981430952491347,0.00023577400182376316,0.00018183696374762803,9.091848187381402e-06
6647,0.0003744905376672971,0.0002176163903047431,0.00014858452777843922,7.429226388921962e-06
6648,0.0002778151267082107,0.00013107767715165761,4.8292222345480695e-05,2.4146111172740348e-06
6649,0.00032180984969696074,0.0001830263011908518,7.925897079985589e-05,3.962948539992794e-06
6650,0.00030271834204941207,0.00017145123294249622,7.543967512901872e-05,3.771983756450936e-06
6651,0.00012671116695650353,9.681750008508908e-06,-7.108313002390787e-05,-3.554156501195394e-06
6652,8.672350726597451e-05,-1.6598185551617232e-05,-7.892672874731943e-05,-3.946336437365971e-06
6653,0.0002063184669410979,0.00010889752329927382,5.686065196641721e-05,2.8430325983208608e-06
6654,0.00029918057969594215,0.00020257203259220304,0.00014512540656141937,7.256270328070969e-06
6655,0.00023461430973997001,0.00014065208924504748,0.00010250070772599429,5.1250353862997144e-06
6656,0.0002448785338011588,0.00015156375230623764,0.0001376381842419505,6.881909212097526e-06
6657,0.00013614870145435944,4.7249539420860635e-05,5.979721754556522e-05,2.989860877278261e-06
6658,1.8258499511508132e-05,-6.0916629333660045e-05,-5.1604030886664987e-05,-2.5802015443332494e-06
6659,6.245083022221732e-06,-6.360070409272207e-05,-5.488931856234558e-05,-2.744465928117279e-06
6660,0.00017700665361131108,0.00010740414177650367,0.00011314589210087433,5.657294605043717e-06
6661,0.0001183385787739995,5.117383889991794e-05,6.389140617102385e-05,3.1945703085511925e-06
6662,0.00018919082944728117,0.00012181402858302429,0.00011247238580835983,5.623619290417992e-06
6663,0.0002379551023156433,0.00016910962712315462,0.0001361238828394562,6.8061941419728105e-06
6664,0.00019372033111030227,0.00012606269924069388,8.385372348129749e-05,4.192686174064875e-06
6665,0.00023142853393159164,0.00016386034746811005,0.00010499708150746301,5.249854075373151e-06
6666,0.0003865760041541916,0.00031311472968973,0.0002242459449917078,1.1212297249585391e-05
6667,0.0002589353022334515,0.00018643267619214562,9.27787841646932e-05,4.638939208234661e-06
6668,0.0002548885081404316,0.00018452246278759094,7.041609933366999e-05,3.5208049666834995e-06
6669,0.00038016714389012946,0.00030679968707890133,0.00017155855312012136,8.577927656006069e-06
6670,0.0004646692037566059,0.0003848137430044015,0.00024358640075661242,1.2179320037830621e-05
6671,0.00030771992369575224,0.0002296888068855001,8.451502799289301e-05,4.22575139964465e-06
6672,0.0001953766696389286,0.00012549438251850006,-4.100493970327079e-05,-2.0502469851635396e-06
6673,0.00024429034570753707,0.00017983946508871103,5.803005478810519e-06,2.90150273940526e-07
6674,0.0003379930119515885,0.000273502887079865,0.00010706295870477334,5.353147935238667e-06
6675,0.00040296848197943745,0.00033485753064069185,0.00017561850836500525,8.780925418250262e-06
6676,0.00045660249090106607,0.00038299121548691434,0.00021554861450567842,1.0777430725283921e-05
6677,0.0005283884892801444,0.0004465165223915493,0.00027698956546373665,1.3849478273186833e-05
6678,0.000602924610959008,0.0005106889332232092,0.00032945050043053925,1.6472525021526963e-05
6679,0.0006778660203873399,0.000573893672754893,0.000370943482266739,1.8547174113336952e-05
6680,0.0005288187062917027,0.0004214904895085008,0.00022008192900102586,1.1004096450051293e-05
6681,0.00046044061104273036,0.00035339248817114354,0.00015702020027674735,7.851010013837368e-06
6682,0.0004375699411059839,0.0003315138848576425,0.0001461976789869368,7.309883949346841e-06
6683,0.0005628247003778052,0.00045248261556916713,0.000252101628575474,1.2605081428773703e-05
6684,0.0006162897220007634,0.0005002528195026055,0.000284568959614262,1.42284479807131e-05
6685,0.0006431315750097188,0.0005212100123032127,0.00029553359490819275,1.4776679745409639e-05
6686,0.0005914634478843829,0.00046680584942746276,0.00024101181770674884,1.2050590885337443e-05
6687,0.0004787275466545373,0.00035705694538347774,0.00013243520515970886,6.621760257985443e-06
6688,0.000363180077968579,0.0002495254662993521,3.120307155768387e-05,1.5601535778841935e-06
6689,0.00045242351038355706,0.0003426539018574391,0.00010579168156255037,5.2895840781275185e-06
6690,0.0005227982707168157,0.00041207470303874957,0.00019573172903619707,9.786586451809855e-06
6691,0.0006238928003318649,0.0005076635121271917,0.0002850807213690132,1.425403606845066e-05
6692,0.0005925440543891449,0.0004728794611441172,0.0002483733114786446,1.2418665573932231e-05
6693,0.0005734159502689388,0.0004500757896534327,0.0002583091554697603,1.2915457773488015e-05
6694,0.00048250449714666354,0.0003592670485786119,0.00018827154417522252,9.413577208761127e-06
6695,0.0003971235723743835,0.0002778788360078828,0.00011248332884861156,5.6241664424305785e-06
6696,0.0004281744655191001,0.0003110185816095212,0.0001474528107792139,7.372640538960695e-06
6697,0.00039671508065639065,0.0002838151164875317,0.00010089655552292243,5.044827776146122e-06
6698,0.0003546952868389427,0.00024877339080040455,4.109393194084987e-05,2.0546965970424938e-06
6699,0.0003688156586697173,0.00026890143826667614,5.168022835277952e-05,2.584011417638976e-06
6700,0.0002297826090764843,0.00014153819177144402,-7.076413749018684e-05,-3.538206874509342e-06
6701,0.00022668210301041283,0.00014862929206568297,-5.6044093071250245e-05,-2.8022046535625123e-06
6702,0.00035587342353722123,0.0002808704311611966,7.122773240553215e-05,3.5613866202766076e-06
6703,0.0002784018628534876,0.00021008565348062843,-1.0417228622827679e-05,-5.20861431141384e-07
6704,0.00019434293947052076,0.00013625867248257944,-9.12136456463486e-05,-4.56068228231743e-06
6705,-5.63708720936803e-06,-4.556238735811017e-05,-0.0002634662378113717,-1.3173311890568586e-05
6706,4.602225618318761e-05,1.9613907140416068e-05,-0.00019349230569787323,-9.674615284893662e-06
6707,8.706634275749899e-05,7.020238397871371e-05,-0.0001358976005576551,-6.794880027882755e-06
6708,6.156251207418934e-05,5.4706222690529483e-05,-0.00016277737449854612,-8.138868724927307e-06
6709,2.1137249978632586e-05,2.6010881680024318e-05,-0.000213665931369178,-1.06832965684589e-05
6710,-4.965970443615213e-05,-2.98498108579526e-05,-0.00029544802964664996,-1.4772401482332499e-05
6711,-4.973028721554952e-05,-1.6433422205758775e-05,-0.00028778307023458183,-1.4389153511729093e-05
6712,-6.996182754320473e-05,-2.3057016257256666e-05,-0.0003115689323749393,-1.5578446618746965e-05
6713,4.261469694633239e-05,9.736079672671978e-05,-0.0002177898131776601,-1.0889490658883007e-05
6714,7.927934421051904e-05,0.00013935315341839603,-0.0001831091067288071,-9.155455336440356e-06
6715,7.818537780692047e-05,0.00014244587524527529,-0.00017118216783273965,-8.559108391636984e-06
6716,7.356117723004245e-05,0.00014193974208087556,-0.00017814811144489795,-8.907405572244897e-06
6717,-2.4984731432343807e-05,5.189274171254807e-05,-0.0002729477419052273,-1.3647387095261366e-05
6718,2.3937748743485498e-05,0.00010633369359061017,-0.00022433338745031506,-1.1216669372515753e-05
6719,-0.00011113288424312172,-1.9088859334582463e-05,-0.00031686844886280596,-1.5843422443140297e-05
6720,-0.00020373646970602577,-0.00010013968978455306,-0.0003685248957481235,-1.842624478740618e-05
6721,-3.0146936309037456e-05,7.577111677667484e-05,-0.00020069361198693514,-1.0034680599346757e-05
6722,-0.0001261709780106013,-1.466421845527467e-05,-0.0002751234860625118,-1.3756174303125591e-05
6723,-9.620546769946484e-05,1.7967549703415043e-05,-0.00022600177908316255,-1.1300088954158128e-05
6724,3.0038370993137808e-05,0.00013983147494602441,-9.149701509159058e-05,-4.57485075457953e-06
6725,-8.858756449859087e-05,2.309318140760987e-05,-0.00021525654301512986,-1.0762827150756495e-05
6726,-0.00010495443693292582,9.313200216127196e-06,-0.00023089520982466638,-1.154476049123332e-05
6727,0.00011908213775798377,0.00022579973270252465,-3.0817638617008924e-05,-1.5408819308504463e-06
6728,0.000245579670676734,0.00033922600335965547,8.693480776855722e-05,4.3467403884278615e-06
6729,0.00015625263014700945,0.00024383367065556236,-3.702869071275927e-05,-1.8514345356379636e-06
6730,0.0002702675202028351,0.0003484700811686849,4.2426709114806727e-05,2.1213354557403363e-06
6731,0.0003302619258732456,0.00039747259473859155,8.862226241035387e-05,4.431113120517694e-06
6732,0.0005029339490488609,0.0005533329107386239,0.00022086576791480184,1.1043288395740092e-05
6733,0.0006515206674583792,0.0006808200946789378,0.00032899630605243146,1.6449815302621573e-05
6734,0.0007383298000663602,0.000746073634484783,0.00036714712041430175,1.835735602071509e-05
6735,0.0006222085205764551,0.0006173328708522526,0.00022043957142159343,1.1021978571079673e-05
6736,0.0006921499598272708,0.0006742885925894907,0.00025224380078725517,1.261219003936276e-05
6737,0.0006978067949554447,0.0006688055254651592,0.0002372844610363245,1.1864223051816226e-05
6738,0.0005385018475875195,0.0005079779457163204,6.414055678760633e-05,3.2070278393803168e-06
6739,0.0006142389940309438,0.0005789219231505804,0.00013836378639098257,6.918189319549129e-06
6740,0.0004503396849371043,0.0004180425980187613,-9.879962817649357e-06,-4.939981408824679e-07
6741,0.0005700280780365889,0.000534977927294512,0.00010571227903710678,5.285613951855339e-06
6742,0.0005172157542866649,0.0004815588074523592,6.55097610433586e-05,3.27548805216793e-06
6743,0.00033882514364594514,0.0003107679688138957,-9.699248766992241e-05,-4.849624383496121e-06
6744,0.0002855005077953272,0.00026629097778371914,-0.0001287055783905089,-6.4352789195254445e-06
6745,0.00014714896970208924,0.00014213157341061783,-0.0002467651211190969,-1.2338256055954844e-05
6746,0.0002621166973030455,0.00026424501397550806,-0.00012388097820803523,-6.194048910401762e-06
6747,0.00043006992877855314,0.00043018876201977407,4.539355359156616e-05,2.269677679578308e-06
6748,0.0004267933690026139,0.0004251591309764531,3.6933768569724634e-05,1.8466884284862318e-06
6749,0.000441165048180549,0.0004369653810086068,5.361028161132708e-05,2.6805140805663544e-06
6750,0.0003178502371761832,0.0003163087640489467,-4.8207650252152234e-05,-2.410382512607612e-06
6751,0.00024869070101457184,0.00025267264910568463,-0.0001070788421202451,-5.3539421060122555e-06
6752,0.00037590187455395144,0.0003788263644589526,1.8578171875560656e-05,9.289085937780329e-07
6753,0.00029250638396484293,0.0002983601904814512,-6.240747461561114e-05,-3.120373730780557e-06
6754,0.0002724843484203861,0.00028227318547662433,-8.584306488046423e-05,-4.292153244023212e-06
6755,0.0003409870918704445,0.0003510584860462359,-1.78823738679057e-05,-8.94118693395285e-07
6756,0.0002264891419408385,0.00024228555792888312,-0.0001289497158722952,-6.4474857936147605e-06
6757,0.0001985772707329346,0.00022011996870636218,-0.0001357800210826099,-6.789001054130495e-06
6758,0.0001404409530594599,0.00016909836058338394,-0.0001711736258585006,-8.55868129292503e-06
6759,9.680264777122007e-05,0.00013369372197505263,-0.00020352506544440985,-1.0176253272220493e-05
6760,-3.0160721459121647e-05,1.842430004433081e-05,-0.0002845330454874784,-1.422665227437392e-05
6761,-1.905103299175634e-06,5.5047832685977885e-05,-0.00023387304099742323,-1.1693652049871162e-05
6762,8.187714864778588e-05,0.00014078708328148248,-0.00011983657168457285,-5.9918285842286425e-06
6763,0.00014663895347487847,0.00020407434742164755,-5.85226334806066e-05,-2.9261316740303303e-06
6764,0.00020657634746473766,0.000259689341945081,-2.9287527922861045e-06,-1.4643763961430524e-07
6765,0.00020520570489738989,0.00025503280372099913,-1.998335210373625e-05,-9.991676051868127e-07
6766,0.00018723686788272545,0.00023569850242304583,-5.379810681915842e-05,-2.689905340957921e-06
6767,0.0002044212846025444,0.0002508175702012165,-3.672011007438414e-05,-1.836005503719207e-06
6768,0.00019884978239279464,0.00024376907626055087,-4.530563091975637e-05,-2.2652815459878183e-06
6769,5.946742668264166e-05,0.00011036979689362005,-0.0001918578491313383,-9.592892456566916e-06
6770,0.00015701688906675487,0.00020929525282371427,-0.0001045127137331292,-5.22563568665646e-06
6771,0.00010401920203386404,0.00015949167453372978,-0.00014404294779524207,-7.202147389762104e-06
6772,0.00016031535477456618,0.00021575971468456385,-8.390942093683407e-05,-4.1954710468417035e-06
6773,7.788063102101939e-05,0.00013676022055197817,-0.000154795590788126,-7.7397795394063e-06
6774,5.402186623850704e-05,0.0001162535508788511,-0.00015708636783529073,-7.854318391764537e-06
6775,0.00022149003709684336,0.0002788951225554983,1.7231961919605965e-06,8.615980959802983e-08
6776,0.000307608484338076,0.0003577740867827187,5.2846753533231094e-05,2.6423376766615547e-06
6777,0.0003860621239835357,0.0004271788704863873,9.715701162349433e-05,4.8578505811747165e-06
6778,0.00043642798019739116,0.0004668667946944913,0.00014162584557197988,7.081292278598994e-06
6779,0.0005005217819717223,0.000518175737542933,0.0001986711286008358,9.93355643004179e-06
6780,0.0005210535151946276,0.0005276278468556601,0.00018267190898768604,9.133595449384302e-06
6781,0.0005080624573155579,0.0005055571129421448,0.00016034478903748095,8.017239451874048e-06
6782,0.0005029569776185968,0.0004920501913787019,0.00016234474605880678,8.11723730294034e-06
6783,0.0005067403052873354,0.0004883120372921193,0.00015884687309153378,7.94234365457669e-06
6784,0.0005689237281805923,0.0005409657699117523,0.00021169916726648808,1.0584958363324404e-05
6785,0.0006001084108944413,0.0005624663983986725,0.0002288843534188345,1.1444217670941726e-05
6786,0.0005531870507169611,0.0005092241518186258,0.0001764072512742132,8.82036256371066e-06
6787,0.0004097726639805012,0.0003673791719396325,3.03855849779211e-05,1.519279248896055e-06
6788,0.00029599219421694295,0.00026088566524657645,-8.098796388367191e-05,-4.049398194183596e-06
6789,0.000513095592700152,0.0004741085606194038,0.00013642446720041335,6.821223360020668e-06
6790,0.00035395827674915547,0.0003190847233941832,-2.1955645934212953e-05,-1.0977822967106478e-06
6791,0.0003377773865729781,0.00030780368870513437,-4.110380177735351e-05,-2.0551900888676754e-06
6792,0.0002484926911167915,0.00022725236077990134,-0.0001238374097738415,-6.1918704886920755e-06
6793,0.00028128160755622937,0.0002660584067187009,-8.030705066630617e-05,-4.015352533315308e-06
6794,0.00035923151694814705,0.000344529114542132,1.9655013602459803e-05,9.827506801229902e-07
6795,0.00037775241844799763,0.00036323977431629924,2.1964100596960634e-05,1.0982050298480317e-06
6796,0.0003514945665693615,0.00033920930955921895,-2.061962368316017e-05,-1.0309811841580086e-06
6797,0.00031547969586568,0.0003067917755831146,-5.0880411436082795e-05,-2.54402057180414e-06
6798,0.00023046243528491894,0.0002278064761990949,-0.00010415832366561517,-5.207916183280759e-06
6799,6.853340601081307e-05,7.73555324605427e-05,-0.0002206881472375244,-1.103440736187622e-05
6800,0.0002983067089142846,0.0003051641329612211,3.4118878829758614e-05,1.7059439414879309e-06
6801,0.00035584035826221683,0.00035914882159472357,6.234525062609464e-05,3.1172625313047323e-06
6802,0.00029304689889436713,0.0002969144097306989,-1.7690705135464668e-05,-8.845352567732335e-07
6803,0.00024333429229752413,0.0002503767137775492,-6.97393188602291e-05,-3.4869659430114553e-06
6804,0.000448253376007938,0.00044840212633967405,0.00012865271128248423,6.432635564124212e-06
6805,0.00026782453819943424,0.0002702610696962963,-4.942202940583229e-05,-2.4711014702916148e-06
6806,0.00030156694096500895,0.00030464971330257314,-1.669065750320442e-05,-8.345328751602211e-07
6807,0.0002763754602130871,0.0002800591837683036,-1.6450219845864922e-05,-8.225109922932461e-07
6808,0.0003524343990871878,0.00035303443490266445,5.64050096727442e-05,2.82025048363721e-06
6809,0.00019112168719582698,0.000196458133481918,-9.73232090473175e-05,-4.866160452365875e-06
6810,0.00020178790417746438,0.00021090780111709625,-8.184086618712172e-05,-4.092043309356086e-06
6811,0.00016055693803695298,0.00017447890926742998,-0.00010725257016019896,-5.362628508009948e-06
6812,0.00018876571271321096,0.0002047263728168033,-5.857155701960437e-05,-2.928577850980219e-06
6813,0.00014961694127265835,0.00016896996709826124,-9.014015813590959e-05,-4.50700790679548e-06
6814,0.0002786003523879085,0.00029382194415763683,5.5325548601103947e-05,2.7662774300551975e-06
6815,0.00018039797611658491,0.00019635850653670962,-3.998484680778347e-05,-1.9992423403891736e-06
6816,0.00019651961268804795,0.0002122944193481424,-2.1407959138741717e-05,-1.0703979569370858e-06
6817,0.0003356726920578406,0.000344165271135769,0.00012073436664650217,6.036718332325108e-06
6818,0.00013434598016612246,0.0001458998961264477,-7.898622425273061e-05,-3.949311212636531e-06
6819,0.00022095890575590384,0.0002301685513148421,2.8885282517876476e-05,1.444264125893824e-06
6820,0.000340489583758719,0.00034184620843352395,0.00014124420704320073,7.062210352160037e-06
6821,0.0003824477293241448,0.0003749718022349601,0.00016929276171140373,8.464638085570186e-06
6822,0.0003344295691203599,0.000321846602404398,0.00010658785322448239,5.3293926612241195e-06
6823,0.00026876150073916683,0.00025535957742611217,3.029337131010834e-05,1.5146685655054172e-06
6824,0.0002927779688542613,0.0002777089210386398,5.1667917432496324e-05,2.5833958716248165e-06
6825,0.00018152644605173222,0.0001696631210725896,-4.2485651647439227e-05,-2.1242825823719612e-06
6826,9.303695072767329e-05,8.714837527188246e-05,-9.971654071705416e-05,-4.985827035852709e-06
6827,-6.8758974334052544e-06,-3.624097181251732e-06,-0.0001695361570455134,-8.47680785227567e-06
6828,-0.00012390591842586073,-0.00010784931841492299,-0.0002541760040912777,-1.2708800204563887e-05
6829,-0.0002519200385895131,-0.0002187363466623643,-0.0003574510046746582,-1.787255023373291e-05
6830,-0.00016775275037017847,-0.00012462828092456093,-0.00023690881789661944,-1.1845440894830972e-05
6831,-0.0002335953330404317,-0.0001790781479302517,-0.0002846211427822709,-1.4231057139113546e-05
6832,-0.00018756843613928546,-0.00012487493806610672,-0.00023869756842032075,-1.1934878421016039e-05
6833,-7.631631215250262e-05,-1.113667717201368e-05,-0.0001401049958076328,-7.005249790381641e-06
6834,-0.00010189816959808904,-3.330754221997886e-05,-0.00016707883332856,-8.353941666428e-06
6835,-5.05214037577895e-05,1.918043029997188e-05,-0.0001278987037949264,-6.394935189746321e-06
6836,2.4289262672713625e-05,9.059946080397678e-05,-4.1794606659095734e-05,-2.089730332954787e-06
6837,0.0001736397976230456,0.00022992244499676218,9.244899410987273e-05,4.622449705493637e-06
6838,0.00033354276915212045,0.0003740321712560572,0.00021786174329463392,1.0893087164731696e-05
6839,0.0003381801822993222,0.0003658144955149435,0.0001783750776667148,8.918753883335739e-06
6840,0.00018332188417224756,0.00020843504638970277,-6.8612243921961635e-06,-3.430612196098082e-07
6841,0.00031497166231549443,0.0003325408914381524,0.00010522885713726282,5.2614428568631416e-06
6842,0.00037615634308109846,0.00038409306041937275,0.00015815725782886147,7.907862891443075e-06
6843,0.00025862393450902196,0.00026394194665579635,3.1493949791183695e-05,1.574697489559185e-06
6844,0.00023415023951169704,0.00023804797414901015,1.5267285562003963e-05,7.633642781001982e-07
6845,0.0003391452075518985,0.0003356423530054157,0.0001392094709444791,6.960473547223956e-06
6846,0.0001848009901282106,0.00018140307625592425,-2.0604072688001906e-06,-1.0302036344000954e-07
6847,0.0001396348213686851,0.00013766230377136563,-2.5194542104145512e-05,-1.2597271052072757e-06
6848,0.00011417102048742786,0.0001137096136306048,-2.7041684006690048e-05,-1.3520842003345024e-06
6849,0.00010725795714899952,0.00010804257395085866,-2.3257682187249884e-05,-1.1628841093624943e-06
6850,-4.876876535169813e-05,-3.890227028570868e-05,-0.00018176414596382529,-9.088207298191264e-06
6851,-0.0001436382517127722,-0.00012130777253085578,-0.00025894498685374856,-1.2947249342687429e-05
6852,-0.00013930447724793202,-0.00010647210037044032,-0.00023553354549221694,-1.1776677274610849e-05
6853,-0.0002573964040068137,-0.0002116011753431912,-0.00030112205422483385,-1.5056102711241692e-05
6854,-0.00017699507070108525,-0.0001253705628441863,-0.00017746540834195912,-8.873270417097956e-06
6855,-0.00013895021870657202,-8.471144123854488e-05,-0.00012628779222723097,-6.314389611361549e-06
6856,-7.668482131092492e-05,-2.3207369045184765e-05,-6.653684249613434e-05,-3.326842124806717e-06
6857,2.4773241892174824e-05,7.170881407597953e-05,4.6641271183034405e-05,2.3320635591517203e-06
6858,0.00013739170871403025,0.00017307172023726266,0.00014615419786423445,7.307709893211722e-06
6859,0.00020622056618740147,0.00023038695329755755,0.00016410512034781277,8.205256017390639e-06
6860,0.00020135180312588774,0.0002171281569877237,0.00011760215420508757,5.880107710254379e-06
6861,9.933440293617841e-05,0.00011398002803092216,-1.3196058716857806e-05,-6.598029358428903e-07
6862,0.00012918291369671498,0.0001420184457742201,7.860278856242076e-06,3.930139428121038e-07
6863,-5.560602744154688e-06,1.0989180692562095e-05,-9.801357373362407e-05,-4.900678686681204e-06
6864,0.00012449136028441906,0.00013766540926319623,4.246531898388639e-05,2.1232659491943196e-06
6865,0.00012218602278745203,0.00013032984304395706,7.835201540729031e-05,3.917600770364516e-06
6866,9.490363929272676e-05,9.945961038909601e-05,5.535119635169394e-05,2.7675598175846973e-06
6867,0.00018525012658762504,0.0001815659600034945,0.00015411333879455924,7.705666939727962e-06
6868,1.6666898477132977e-05,1.378622921776649e-05,-1.6576330381212756e-05,-8.288165190606378e-07
6869,0.00010527848841278387,9.920423581434332e-05,6.647481495747343e-05,3.3237407478736714e-06
6870,-2.21662134975213e-06,-7.228936120295324e-06,-1.4347524484037422e-05,-7.173762242018711e-07
6871,0.0001579123819363932,0.00014510209257373867,0.0001634576910873875,8.172884554369375e-06
6872,9.938180325425588e-05,8.175058735212421e-05,0.000111718887637835,5.5859443818917505e-06
6873,0.0001510934351335547,0.00012764387541225184,0.00013932757428847253,6.966378714423627e-06
6874,0.0003294598203192229,0.0002912803465035622,0.00032613344956189394,1.6306672478094697e-05
6875,0.00019798895091598364,0.0001530617537518443,0.00018406467279419303,9.203233639709652e-06
6876,6.144840033385515e-05,1.724461155802103e-05,4.7905832616379485e-05,2.3952916308189742e-06
6877,-4.5188198638309165e-05,-8.343179970463542e-05,-5.236923971096985e-05,-2.618461985548493e-06
6878,-8.232410837594581e-06,-4.4028086474891225e-05,1.3964210666017607e-05,6.982105333008804e-07
6879,-5.94745470209434e-05,-9.113469325495255e-05,-2.350307477172464e-05,-1.1751537385862322e-06
6880,-0.00015704298411690082,-0.0001795434122268506,-0.0001292977831326425,-6.464889156632126e-06
6881,-0.00018829902805665298,-0.00020139898992503182,-0.00014494627248495817,-7.247313624247909e-06
6882,-0.00017483935845059411,-0.00018083470773475773,-0.0001122423927881755,-5.612119639408775e-06
6883,-0.00010567489319736647,-0.00011008330575939318,-1.380978210363537e-05,-6.904891051817686e-07
6884,6.437244171151367e-06,-3.5855126893833726e-06,0.00012413896911311895,6.206948455655947e-06
6885,-2.715205009625812e-05,-4.044590617609592e-05,8.044226706260815e-05,4.022113353130408e-06
6886,1.26285610698297e-05,-5.510059692652835e-06,0.00011635294504230842,5.817647252115422e-06
6887,0.00021655539499792836,0.00018343352440155437,0.00032559133251197636,1.627956662559882e-05
6888,0.0004038421465996528,0.0003490539755366875,0.00047639760305173695,2.381988015258685e-05
6889,0.00034502852571860763,0.00027493944653090094,0.0003763521963264793,1.8817609816323966e-05
6890,0.000274136791461451,0.0001954102661854534,0.0002671677793841809,1.3358388969209045e-05
6891,0.00028535923443476235,0.00019906187871886479,0.00026390954735688865,1.3195477367844433e-05
6892,0.0001525111492157556,6.553239658354048e-05,0.0001403743663104251,7.0187183155212555e-06
6893,0.00018784666292954712,9.757411570216269e-05,0.000198728172108531,9.93640860542655e-06
6894,9.958975137033346e-05,1.0696488456659144e-05,0.00011079645628342405,5.539822814171203e-06
6895,0.00016774618706299728,7.623330618886295e-05,0.00019154770416207612,9.577385208103806e-06
6896,0.0001336397304986572,4.087178850169049e-05,0.0001670950441621244,8.35475220810622e-06
6897,7.621352725875038e-05,-1.3316829251599431e-05,7.954473403515294e-05,3.977236701757647e-06
6898,3.37085358585805e-05,-5.0188829577825625e-05,2.950845919258427e-05,1.4754229596292136e-06
6899,2.100973156803405e-05,-5.7541500285882244e-05,2.9187633117544465e-05,1.4593816558772233e-06
6900,4.3885054536343104e-05,-3.133717301509738e-05,6.213876622496173e-05,3.1069383112480866e-06
6901,-8.689780392157901e-05,-0.00015258031931794392,-6.772581400582567e-05,-3.3862907002912834e-06
6902,4.198452008617466e-05,-2.131952856202608e-05,6.433467933675274e-05,3.2167339668376375e-06
6903,-2.7537416996425824e-05,-8.550276249913715e-05,-1.19768060358183e-06,-5.98840301790915e-08
6904,-1.2819934573345257e-05,-6.690673355350596e-05,2.0630761355278082e-05,1.0315380677639042e-06
6905,-0.00011004623970832316,-0.00015698752039915474,-5.10808386025019e-05,-2.554041930125095e-06
6906,-0.00013718707919339095,-0.0001767568773468151,-6.478869909187779e-05,-3.2394349545938898e-06
6907,-0.00014668765213428773,-0.00017998098560707455,-5.34006831003353e-05,-2.670034155016765e-06
6908,-0.00024192953073486154,-0.00026613834821561223,-0.00011954100773436949,-5.977050386718475e-06
6909,-0.00022092176600157983,-0.00023804636576285696,-9.20720849535428e-05,-4.60360424767714e-06
6910,-0.00038865048197973996,-0.0003926719456346062,-0.00022405007621273398,-1.12025038106367e-05
6911,-0.0002656733736643211,-0.0002640332657001448,-9.235442848876119e-05,-4.61772142443806e-06
6912,-0.0002348244184228899,-0.0002304176369848861,-4.65043522126507e-05,-2.3252176106325353e-06
6913,-0.00019161653564083483,-0.0001868654092190506,-5.362679985410068e-06,-2.681339992705034e-07
6914,-7.532689136510178e-05,-7.557873870687005e-05,9.844073065323755e-05,4.922036532661878e-06
6915,-0.00016123727228056553,-0.00016165033501720587,5.2629502533818595e-06,2.63147512669093e-07
6916,-0.00029271688576957704,-0.00028697533652062525,-0.0001194984870380722,-5.974924351903611e-06
6917,-0.00026176908574566406,-0.000252286271594142,-7.66347729950212e-05,-3.83173864975106e-06
6918,-0.00012722580052817027,-0.00012086220815371239,5.484224675456062e-05,2.7421123377280313e-06
6919,-0.00029382575565594477,-0.00028278086246981697,-0.00010035446030087769,-5.017723015043885e-06
6920,-0.00012120598653650864,-0.00011329063840452058,5.1585757319116965e-05,2.5792878659558482e-06
6921,-8.312831312847681e-05,-7.961496760325357e-05,7.84087969805114e-05,3.92043984902557e-06
6922,-3.645104527837695e-06,-7.0517563629530915e-06,0.00013355331611819565,6.677665805909783e-06
6923,0.00024299020628867825,0.00022194993782120978,0.0003563844657037407,1.7819223285187035e-05
6924,0.00015739886222656917,0.0001256275145809095,0.00023880338994786143,1.1940169497393073e-05
6925,-5.134869757420637e-06,-3.7733820061596205e-05,5.90937452216167e-05,2.954687261080835e-06
6926,4.4697198643370866e-05,8.761807440186515e-06,0.00011721339251380414,5.860669625690207e-06
6927,-1.0557781099261008e-05,-4.769774957367765e-05,8.098861144389957e-05,4.049430572194979e-06
6928,3.233689048129706e-05,-7.518517696899748e-06,0.00011496884690131992,5.748442345065996e-06
6929,4.6124264242886694e-05,3.136714345405556e-06,0.00012753115152008832,6.376557576004416e-06
6930,6.148514254653748e-05,1.4953995755869274e-05,0.00014058293891139328,7.029146945569665e-06
6931,-3.897879658965427e-05,-8.446337539593925e-05,5.424257687991485e-05,2.7121288439957427e-06
6932,8.987942434478968e-05,3.887786757120493e-05,0.00018676076433621347,9.338038216810675e-06
6933,4.434071364598243e-05,-1.0212836424558566e-05,0.00015349144814535975,7.674572407267987e-06
6934,-7.472609922656264e-05,-0.00012693469965602549,4.151612665737048e-05,2.075806332868524e-06
6935,-0.0002483529149306083,-0.0002910031975648716,-0.00010254712105961516,-5.127356052980759e-06
6936,-0.00019998642730311578,-0.0002362603572653515,-4.794350024894811e-05,-2.397175012447406e-06
6937,-0.00022832879276692497,-0.00025821676689749264,-5.7636225392343476e-05,-2.881811269617174e-06
6938,-0.0002215221682627516,-0.0002471613147125672,-2.4606051738373935e-05,-1.2303025869186968e-06
6939,-0.00013578480970095566,-0.00016076609450472884,3.947824370698072e-05,1.973912185349036e-06
6940,8.349297052096274e-05,4.9887778969976724e-05,0.00022161744709592313,1.1080872354796156e-05
6941,0.00017078004433974448,0.0001254678378524316,0.00029044682742096484,1.4522341371048243e-05
6942,0.0001557752661875979,0.00010153256721129725,0.00024919520365074277,1.245976018253714e-05
6943,0.0002223143962718451,0.00015691326057659923,0.00030808852170594037,1.540442608529702e-05
6944,0.00026508605213644256,0.00018814566152378177,0.000332266790792346,1.66133395396173e-05
6945,0.00011890274885625898,3.8899364918271126e-05,0.00018056879343930632,9.028439671965316e-06
6946,4.363877635808502e-05,-3.5413178511611154e-05,0.0001103739850805141,5.518699254025705e-06
6947,1.3181634082569702e-05,-6.398618578906007e-05,9.495861741015688e-05,4.747930870507844e-06
6948,5.3705326574364375e-05,-2.362012692571842e-05,0.00013550161384046078,6.775080692023039e-06
6949,-9.123348952971432e-05,-0.00016258543439355257,1.3220394066593144e-05,6.610197033296573e-07
6950,-0.00017222863537297067,-0.00023527568614916297,-3.879886571667157e-05,-1.9399432858335787e-06
6951,3.9980726947251534e-05,-2.6262601432019615e-05,0.00018134756828658283,9.067378414329141e-06
6952,-9.240973260785745e-05,-0.00015537988518871134,5.154602331458591e-05,2.5773011657292955e-06
6953,-0.00020281745251368073,-0.00025746829137573025,-5.2467377827269956e-05,-2.623368891363498e-06
6954,-2.7851496097546992e-05,-8.355699406311139e-05,0.0001259673445019871,6.298367225099355e-06
6955,-3.888309453861752e-05,-9.567568624950962e-05,0.000124401442008093,6.2200721004046505e-06
6956,4.481510447852502e-05,-1.5877231167128277e-05,0.0001810844405554235,9.054222027771175e-06
6957,0.0003356101544433866,0.0002584621942950121,0.00043638786883093417,2.181939344154671e-05
6958,0.0003706216970642968,0.0002776924152022655,0.0004407754458952695,2.2038772294763478e-05
6959,0.0003296524003328818,0.00022631503456965206,0.00035581926931627095,1.7790963465813547e-05
6960,0.0003783780073184086,0.0002650300093534846,0.0003669732541311532,1.834866270655766e-05
6961,0.00037731044622293334,0.00025585659387095084,0.0003463329339865595,1.7316646699327978e-05
6962,0.00030534020138707366,0.0001813314988631005,0.00025032099802047014,1.2516049901023507e-05
6963,0.0003214832632965508,0.00019491565052583146,0.00025909661781042814,1.2954830890521408e-05
6964,0.0002714632496600075,0.0001452737787495168,0.00020665224292315543,1.0332612146157772e-05
6965,0.00019636685073574092,7.406848580097992e-05,0.00013892099377699196,6.9460496888495985e-06
6966,0.0002193307091625616,9.913008559265562e-05,0.00017245131311938167,8.622565655969084e-06
6967,0.0002761996387265987,0.00015548803027494714,0.00022203272965271026,1.1101636482635513e-05
6968,0.00037273706046697707,0.00024833868458166747,0.00028333734371699393,1.4166867185849697e-05
6969,0.0003742625992153605,0.00024700642709773237,0.00026839636848308146,1.3419818424154073e-05
6970,0.00031508996239182,0.00018771844588594784,0.00021610013209283352,1.0805006604641676e-05
6971,0.00017835691017535583,5.677532208442851e-05,9.87960011116229e-05,4.9398000555811455e-06
6972,0.0003473109130963499,0.00022260439782119222,0.0002707926614675671,1.3539633073378354e-05
6973,0.00023203754607447195,0.00010966697777564413,0.00016169072478078306,8.084536239039153e-06
6974,0.00017108220271611527,5.402286004498109e-05,9.969538223231211e-05,4.984769111615606e-06
6975,-1.811263871430721e-05,-0.00012198954332792145,-6.334350473480299e-05,-3.1671752367401496e-06
6976,-0.00011236409446494437,-0.00020040738603890922,-0.00013071222929283977,-6.535611464641989e-06
6977,-3.6833382276476504e-05,-0.0001146091404070253,-3.9899492549011484e-05,-1.9949746274505744e-06
6978,3.457255542591033e-05,-3.8060705427638576e-05,4.5101787691237405e-05,2.2550893845618702e-06
6979,8.975370738636931e-05,1.97074850670243e-05,8.48164563649334e-05,4.24082281824667e-06
6980,7.055862074105282e-05,3.886465293489924e-06,6.206994294188917e-05,3.1034971470944585e-06
6981,7.704517596081195e-05,1.3366954572119058e-05,6.363286229316145e-05,3.1816431146580727e-06
6982,0.00010426225762542498,4.209400199229678e-05,8.790246647549793e-05,4.395123323774897e-06
6983,-2.0920921483135036e-06,-5.836117640795901e-05,-3.1844886052567745e-06,-1.5922443026283874e-07
6984,5.8823466847396294e-05,5.259615002090732e-06,5.367106132325716e-05,2.6835530661628584e-06
6985,2.2443922998051187e-05,-2.739266302541312e-05,2.8022906917613e-05,1.40114534588065e-06
6986,-2.6049140513771277e-05,-7.032133766952517e-05,-1.4041681424714625e-05,-7.020840712357313e-07
6987,-7.147249253997493e-05,-0.00010878461202939683,-4.921834988635965e-05,-2.4609174943179827e-06
6988,-0.00019771846319111675,-0.00022367774446124307,-0.00014645972987636924,-7.3229864938184626e-06
6989,4.26242620442938e-05,1.64385640866416e-05,7.061957876430824e-05,3.5309789382154125e-06
6990,-9.633434891739319e-05,-0.00011750952817526114,-3.933835614589043e-05,-1.9669178072945215e-06
6991,-0.00010542402678568744,-0.00012047740703262822,-6.833954103058204e-05,-3.416977051529102e-06
6992,0.0001227706076028366,0.00010486050059565868,0.00010275831300532445,5.137915650266223e-06
6993,8.205459963501499e-05,6.27506947862684e-05,7.310634100576863e-05,3.6553170502884314e-06
6994,0.00022132066639674101,0.0001938777330516637,0.00020928875892423093,1.0464437946211548e-05
6995,0.0002811978874247024,0.00024406266453118217,0.00024790054885670543,1.2395027442835272e-05
6996,0.0001338484835266531,9.599555189337443e-05,8.001329115359113e-05,4.0006645576795565e-06
6997,0.00012068673085029272,8.392632776054255e-05,4.856076338910498e-05,2.428038169455249e-06
6998,8.089579569620365e-05,4.662857025479332e-05,2.1087656932650134e-05,1.0543828466325067e-06
6999,0.00011490289404108599,8.16349256086359e-05,4.839358007302508e-05,2.419679003651254e-06
7000,0.0002823777633725416,0.00024362536211116627,0.00017506821313872933,8.753410656936467e-06
7001,0.0002180038940615377,0.00017739060254320116,0.00010600002860883251,5.300001430441626e-06
7002,0.00011894651456742438,8.134107918291342e-05,1.1366456419636961e-05,5.683228209818481e-07
7003,0.0001507716924101594,0.00011492887724051614,3.3899494155775756e-05,1.694974707788788e-06
7004,0.00011650010706888945,8.371280575853975e-05,5.059420800535008e-06,2.5297104002675045e-07
7005,0.00010580254040658106,7.576653301877138e-05,6.708024557156023e-06,3.354012278578012e-07
7006,0.0001295723007910744,0.00010047146406759161,3.8229150959523395e-05,1.91145754797617e-06
7007,5.416657760330462e-05,2.8278943814312768e-05,-1.0206304068560712e-05,-5.103152034280356e-07
7008,-2.6343880499033583e-05,-4.6081680008720124e-05,-7.29677194613032e-05,-3.6483859730651605e-06
7009,-5.3956440493292066e-05,-6.681005369311655e-05,-9.503711044089869e-05,-4.751855522044935e-06
7010,-0.0001498018574902105,-0.00015231338447514763,-0.00017364820814691484,-8.682410407345743e-06
7011,-9.490694480853974e-05,-9.079806639777987e-05,-0.00011285575601505116,-5.6427878007525585e-06
7012,-6.924927881537372e-05,-6.119471151076141e-05,-7.10149688529782e-05,-3.55074844264891e-06
7013,-0.0002752517177375846,-0.0002552608343879467,-0.00023914054327178746,-1.1957027163589374e-05
7014,-0.00022679595842554513,-0.0001997524404743821,-0.0001563076802995056,-7.81538401497528e-06
7015,-0.00032863334585761284,-0.0002922353114604675,-0.00021496573754120618,-1.074828687706031e-05
7016,-0.0002511272933385653,-0.00020982220451980097,-0.00014005982666276395,-7.002991333138198e-06
7017,-0.00023593269030119742,-0.00019219149160445214,-0.00010092920274473727,-5.046460137236864e-06
7018,-0.0001798538332360869,-0.0001353584862487497,-7.375458517344669e-05,-3.6877292586723344e-06
7019,-0.00022066208822244893,-0.00017363213034899753,-0.00011273801646893844,-5.636900823446922e-06
7020,-0.00024147780190642387,-0.0001914325461795508,-0.00012628381955437362,-6.3141909777186814e-06
7021,-0.0001319634578482484,-8.376034328816746e-05,-3.375855885678902e-05,-1.6879279428394513e-06
7022,-0.00020272245854443697,-0.0001531507523134367,-9.813806536840275e-05,-4.906903268420138e-06
7023,-5.683338763272479e-05,-1.1387751319929293e-05,1.0171064786845818e-05,5.08553239342291e-07
7024,1.997705533993654e-05,5.7595755130709095e-05,8.741245983401313e-05,4.3706229917006565e-06
7025,-0.00011801061247389355,-8.16242488055387e-05,-3.579571421141736e-05,-1.7897857105708683e-06
7026,-0.00020575519576335934,-0.00016710984124578072,-0.00010125026165042073,-5.062513082521036e-06
7027,-5.365678812628257e-05,-1.8463444489586487e-05,1.2296615750528872e-05,6.148307875264437e-07
7028,-0.00015002852262029472,-0.00011387000653176934,-7.3089606303256e-05,-3.6544803151628003e-06
7029,-0.00010841609211491697,-7.259113767319566e-05,-4.7062687372090295e-05,-2.353134368604515e-06
7030,-2.5056265491105996e-05,6.392385971876486e-06,3.399679917492904e-05,1.699839958746452e-06
7031,2.5322055480065585e-05,5.131218874875787e-05,5.9845693613169715e-05,2.992284680658486e-06
7032,4.5895559695064424e-05,6.687876190463777e-05,5.761819556937553e-05,2.8809097784687767e-06
7033,-8.519348841594211e-05,-6.241493308043874e-05,-7.104922406142578e-05,-3.552461203071289e-06
7034,-0.0001033986690756847,-7.827665542527855e-05,-8.102447463897988e-05,-4.051223731948995e-06
7035,2.2119538419045533e-05,4.2721343140036804e-05,5.425321796792559e-05,2.71266089839628e-06
7036,-1.7020148279262007e-05,1.5447359569249945e-06,8.133420124067925e-06,4.0667100620339625e-07
7037,0.00014170271128224223,0.00015243864919537196,0.00012723373947665095,6.361686973832548e-06
7038,0.00018396736249449132,0.0001855980968821407,0.00016156271158251911,8.078135579125956e-06
7039,0.0003242982986402486,0.00031180496768700344,0.0002741357602644712,1.370678801322356e-05
7040,0.00036471680352723006,0.0003380529764040172,0.0002934829972218722,1.4674149861093611e-05
7041,0.0003262367014744559,0.0002883697002222179,0.0002550321805756539,1.2751609028782696e-05
7042,0.0002559728669837706,0.0002112513815391929,0.00018706294940784574,9.353147470392287e-06
7043,0.00025842003469578106,0.0002083450241240061,0.00017113090143539011,8.556545071769506e-06
7044,0.00027127576076896813,0.00021711907620155176,0.00015646636893507093,7.823318446753546e-06
7045,0.00018075921086572485,0.0001276216291961947,6.273837061598897e-05,3.136918530799449e-06
7046,0.0001582202820167114,0.00010770790124540113,3.29989634337835e-05,1.6499481716891752e-06
7047,0.0002706399264044186,0.00021736824076072387,0.00013924672384746373,6.962336192373187e-06
7048,0.0002595569592020967,0.00020373958951853025,0.0001373089908156544,6.86544954078272e-06
7049,0.00013907668228164394,8.624742205397262e-05,3.0213006539270282e-05,1.5106503269635142e-06
7050,0.00017029382446297903,0.00011879555528090835,6.202704389579594e-05,3.1013521947897973e-06
7051,0.0002675407676565126,0.0002114870585884512,0.00017805566312745214,8.902783156372606e-06
7052,0.00021915281834586722,0.0001609067390465277,0.00013328416389413178,6.664208194706589e-06
7053,0.00022930951399588654,0.00016974536053021165,0.00011812979937531054,5.906489968765527e-06
7054,0.00029309165809212164,0.00022822621518003153,0.00019896076992154121,9.94803849607706e-06
7055,0.00036677235020451607,0.0002933964614685421,0.0002682976482901722,1.3414882414508612e-05
7056,0.00047884043080050694,0.00039357060552925466,0.0003465790068730712,1.7328950343653562e-05
7057,0.0006117478392785222,0.000510805371526368,0.00043775307130999863,2.1887653565499933e-05
7058,0.0006182673474152864,0.0005039606657236399,0.0004127582360524684,2.063791180262342e-05
7059,0.0005040466772651425,0.00038360409710932477,0.00028925362857989967,1.4462681428994984e-05
7060,0.0006152012560674666,0.00048384092473452737,0.0003988922981079668,1.994461490539834e-05
7061,0.000569436592788802,0.00042921508745286455,0.00037370790960267186,1.8685395480133594e-05
7062,0.0005751618860550113,0.00042618462997333746,0.00038629319169558585,1.9314659584779293e-05
7063,0.0005452005374459109,0.0003905743626961731,0.0003382691938895732,1.6913459694478662e-05
7064,0.0005324777925268183,0.00037362873551637896,0.00032062301761470735,1.6031150880735368e-05
7065,0.000495027094958971,0.00033366703061292816,0.00029463882674463093,1.4731941337231547e-05
7066,0.0005089489837113647,0.0003435526285902826,0.00033073467784561217,1.6536733892280608e-05
7067,0.000535529629058656,0.00036455886167379825,0.0003675508196465671,1.8377540982328355e-05
7068,0.0005985169151602437,0.00041980730245540075,0.00041856346069835126,2.0928173034917565e-05
7069,0.0005268019708725479,0.0003457390199363961,0.00032131653279066086,1.6065826639533042e-05
7070,0.0003536364806456187,0.00017911865336257214,0.00014962852583266795,7.4814262916333975e-06
7071,0.0003722741653340941,0.00020232647172476815,0.00018517349963076413,9.258674981538207e-06
7072,0.00046281487323274407,0.0002928521787967761,0.0002709288673941046,1.354644336970523e-05
7073,0.00036974051831230575,0.0002052336771335697,0.00015925467596389353,7.962733798194677e-06
7074,0.00024453574292046076,9.101753811254805e-05,4.244030424160883e-05,2.1220152120804413e-06
7075,0.00015121200698044757,1.2584589023897247e-05,-4.86229509988334e-05,-2.43114754994167e-06
7076,-1.4564749145754935e-05,-0.00013161921409419856,-0.00020131417841184884,-1.0065708920592442e-05
7077,-7.932337541625579e-06,-0.00010598923034238874,-0.0001775570708559826,-8.877853542799131e-06
7078,-3.552919131539216e-05,-0.0001157178597605382,-0.000183558848220855,-9.17794241104275e-06
7079,-5.152311169612031e-05,-0.00011537353409312546,-0.0001809143868740648,-9.04571934370324e-06
7080,-6.642993339625593e-05,-0.00011576055524487874,-0.000170836690813303,-8.54183454066515e-06
7081,2.452524325436562e-05,-1.57742229074092e-05,-8.501048432663083e-05,-4.250524216331541e-06
7082,-4.738118488137978e-05,-7.729632113393276e-05,-0.00012983179476577789,-6.491589738288895e-06
7083,0.0001336008258559281,0.00010463036505077049,4.221341077936813e-05,2.110670538968407e-06
7084,6.140283119545394e-05,3.5981849379539366e-05,-1.713359415589366e-05,-8.566797077946831e-07
7085,0.00016461650628708132,0.0001391786020032003,4.723628080682829e-05,2.3618140403414145e-06
7086,0.00023406801611459196,0.0002040411444380711,0.0001351543760392815,6.757718801964075e-06
7087,0.00013470539258257554,0.0001050212015124585,3.91639769077301e-05,1.958198845386505e-06
7088,0.00020114883274195006,0.00016863934481024746,0.00010250225750496611,5.125112875248306e-06
7089,0.0002629166138070049,0.00022602124635977456,0.00013684701116289943,6.842350558144972e-06
7090,0.0003152907130424058,0.0002738525894844892,0.0001454391167499125,7.271955837495625e-06
7091,0.0003058409277563681,0.0002621406769280577,0.00010632013436406851,5.316006718203426e-06
7092,0.00040338235539738755,0.00035284587884348276,0.00020247852080501616,1.0123926040250808e-05
7093,0.0004383113904504685,0.0003796301623040885,0.00023707191576249897,1.1853595788124949e-05
7094,0.000448625895418205,0.00038256784479503964,0.0002328375558136031,1.1641877790680155e-05
7095,0.00042835311854034044,0.000355502528105611,0.0002325624373042956,1.1628121865214781e-05
7096,0.0004528144685479366,0.00037172919462651933,0.00027235798188485205,1.3617899094242603e-05
7097,0.0004996776088626604,0.00040753525921403136,0.00034098364994861186,1.7049182497430595e-05
7098,0.00043298232271579,0.00033487315082724774,0.0002545643656048924,1.2728218280244619e-05
7099,0.0005727977811401286,0.0004631124978979544,0.00037841961602680385,1.8920980801340195e-05
7100,0.000357747781215053,0.00024813714640262635,0.00016109991702251136,8.054995851125568e-06
7101,0.0002824695286081822,0.00017757887870743867,7.411586557282135e-05,3.7057932786410677e-06
7102,0.0001862394220946512,9.018325401046503e-05,-1.0493997251614928e-05,-5.246998625807464e-07
7103,0.00016326196393393394,7.567322196603937e-05,-1.2615579180419445e-05,-6.307789590209723e-07
7104,0.000235420571803033,0.00015064809014911468,8.85730842128396e-05,4.42865421064198e-06
7105,0.00034277232627413643,0.0002556097280736525,0.0001854461443144828,9.272307215724142e-06
7106,0.0003022998526911065,0.00021521407559289536,0.00013565676636062562,6.782838318031282e-06
7107,0.00036405335922130497,0.00027511746970504706,0.00017394873430021107,8.697436715010554e-06
7108,0.00040177510055075104,0.0003094695428073344,0.0002060417173197493,1.0302085865987466e-05
7109,0.0003969048623511818,0.00030318223125964293,0.00017091116751544178,8.54555837577209e-06
7110,0.0003555275225495999,0.00026308442050836144,0.00011985264427494258,5.9926322137471295e-06
7111,0.0003672411739058949,0.00027522978973013257,0.00013666428276337683,6.833214138168842e-06
7112,0.00035189427802195133,0.0002613421807030545,0.00011563856241991743,5.781928120995872e-06
7113,0.0004537777914928509,0.00035955196385176316,0.0002167010388802737,1.0835051944013686e-05
7114,0.0006029119393045812,0.0004990975332205556,0.0003379541449248791,1.6897707246243955e-05
7115,0.00047087435804523894,0.0003659427736689766,0.00017896393546834588,8.948196773417294e-06
7116,0.0005333056304371283,0.00042713568230820276,0.0001864590885816142,9.32295442908071e-06
7117,0.0006317325840252226,0.0005197819368525047,0.00028044512146152556,1.402225607307628e-05
7118,0.0007534568273218509,0.0006298540987625365,0.0004046838148497045,2.0234190742485225e-05
7119,0.0005557929935038111,0.00043146621011135456,0.00020003678218927234,1.0001839109463618e-05
7120,0.0004051707935084394,0.00028776518889545456,5.314951340551488e-05,2.6574756702757444e-06
7121,0.0004049206460237744,0.000294208829812952,5.327664621290751e-05,2.6638323106453755e-06
7122,0.0004152056684235135,0.00030917783724934727,8.528579928679392e-05,4.264289964339696e-06
7123,0.0004057838562992596,0.0003041187554688959,8.403653191635385e-05,4.201826595817693e-06
7124,0.00047711913342402397,0.00037591677253679675,0.00015486963093280792,7.743481546640396e-06
7125,0.0005108483499197883,0.0004085636282091808,0.00018258497584611177,9.12924879230559e-06
7126,0.0005693072861413315,0.00046322798590901467,0.00023666289052926004,1.1833144526463002e-05
7127,0.0005806517349575565,0.0004705753167088939,0.00024433390353806317,1.2216695176903159e-05
7128,0.0006130597957618022,0.000498030770622536,0.0002687069063540548,1.343534531770274e-05
7129,0.000776448512062284,0.0006502164147277609,0.0004005345981568098,2.0026729907840492e-05
7130,0.0006297205353161358,0.0005008046536096494,0.00024362924159504473,1.2181462079752238e-05
7131,0.00038184563491010427,0.00026253746047750343,5.553902155952528e-06,2.776951077976264e-07
7132,0.0002907712131338736,0.0001841630653356859,-6.26577457296662e-05,-3.13288728648331e-06
7133,0.00019845626770998614,0.00010662702622872422,-0.00011899590754183009,-5.949795377091505e-06
7134,0.0001665335584111643,8.925887407535268e-05,-0.00013449440302792937,-6.724720151396468e-06
7135,0.00028560430853500897,0.0002153026207760182,-4.626610461855307e-06,-2.3133052309276537e-07
7136,0.00019174898616574086,0.000131658790143287,-8.447882282780483e-05,-4.223941141390242e-06
7137,0.00024184509174676608,0.00018930647663918605,-4.6954908611951396e-05,-2.34774543059757e-06
7138,0.0003489436428001407,0.000298140946587286,5.6040164054138586e-05,2.8020082027069294e-06
7139,0.0003775628733073427,0.00032612530484701934,9.66836596489884e-05,4.83418298244942e-06
7140,0.00042437320593408665,0.000368897875082327,0.0001627710007596761,8.138550037983805e-06
7141,0.00039699337243639477,0.00033870949298716213,0.00014135395758785307,7.067697879392654e-06
7142,0.00030664824841258805,0.0002503900232229932,4.860623084823601e-05,2.4303115424118007e-06
7143,0.0003650126925720344,0.000307872964417377,0.00010628640302456915,5.314320151228458e-06
7144,0.0004200582128672049,0.00035979525233664154,0.00015179991896729916,7.589995948364959e-06
7145,0.0002771687815349074,0.00022130846025291074,4.57386613561539e-06,2.286933067807695e-07
7146,0.0003269785212581949,0.0002723449951220113,6.507383659482002e-05,3.253691829741001e-06
7147,0.0002711300068292647,0.00022010027580068354,1.5190500562312081e-05,7.595250281156042e-07
7148,0.0003411982773740897,0.00028903959787971904,0.00010545171244302765,5.2725856221513824e-06
7149,0.00025331335723319037,0.0002035708218308719,3.396762258489616e-05,1.6983811292448081e-06
7150,0.00018340508746105848,0.0001392896674205801,-3.2819803891470656e-05,-1.6409901945735328e-06
7151,0.00017269066557784257,0.00013264089682355772,-8.0342460933025e-06,-4.01712304665125e-07
7152,0.00025222557505029413,0.00021144767718114265,8.143312152242288e-05,4.071656076121144e-06
7153,0.00018358312273951356,0.00014551457347035344,1.0942709195660427e-05,5.471354597830214e-07
7154,0.0002142605737477602,0.00017737478577191287,3.817925608018413e-05,1.908962804009207e-06
7155,0.00022692227461326204,0.00019016396693909916,5.687799057341181e-05,2.8438995286705905e-06
7156,0.00017978930479790783,0.00014601931841482348,-1.3819360447087092e-06,-6.909680223543546e-08
7157,0.0003470672273715159,0.0003074473630154766,0.0001720825384836644,8.60412692418322e-06
7158,0.00038312569847659297,0.00033637472921230807,0.00020212586969137192,1.0106293484568597e-05
7159,0.0004629537088734954,0.0004078756504785081,0.00023465629783459008,1.1732814891729504e-05
7160,0.0006703855309954116,0.0005994664511766221,0.00039630793617106974,1.981539680855349e-05
7161,0.0006214399779104922,0.0005402359419586938,0.0003049092774745077,1.5245463873725385e-05
7162,0.0004789781298029146,0.0003958370963221253,0.0001554681803099811,7.773409015499055e-06
7163,0.0004892013259125307,0.0004039964870747211,0.00016657609376125038,8.328804688062518e-06
7164,0.0003955851095164066,0.00031335149387345083,7.115319749573246e-05,3.557659874786623e-06
7165,0.0004042698663685463,0.0003234917072279154,0.00010059994383482262,5.029997191741132e-06
7166,0.0005010280675621166,0.00041637345954890294,0.00020549331384245306,1.0274665692122653e-05
7167,0.0005503963582259401,0.00045887379767440867,0.000268420233624056,1.34210116812028e-05
7168,0.0005824678515877488,0.0004838937376618979,0.00027994258562102914,1.3997129281051457e-05
7169,0.0005216387314584343,0.00041940639008908244,0.00022192031610757113,1.1096015805378557e-05
7170,0.0005278280765337558,0.0004219766429356053,0.00022844920749776065,1.1422460374888033e-05
7171,0.0005550069463525249,0.00044367343762162677,0.0002720150805544108,1.3600754027720542e-05
7172,0.0006136865986983745,0.0004941663926853883,0.00033383831032551825,1.6691915516275912e-05
7173,0.0005215328699411094,0.00039887614398752486,0.00024373535416088998,1.21867677080445e-05
7174,0.00037638017326498054,0.00025734832150576577,0.00011571608047233894,5.785804023616948e-06
7175,0.0006744151444712081,0.0005454816568113212,0.00038548067095689476,1.9274033547844738e-05
7176,0.0006386620401322437,0.0005026690745305368,0.0003379576373845339,1.6897881869226695e-05
7177,0.0007439511177760226,0.0005979746544079764,0.00040685138083063066,2.0342569041531536e-05
7178,0.0006787316767984514,0.0005276259366034474,0.0003234365431126207,1.6171827155631036e-05
7179,0.0006587421969110952,0.000504039532072563,0.0003029903455171734,1.514951727585867e-05
7180,0.0007770128919788426,0.0006134728050170396,0.0004151885805185884,2.0759429025929423e-05
7181,0.0008116145903804033,0.000637520419785377,0.00046092330012470484,2.3046165006235244e-05
7182,0.0008199213455666104,0.0006363278193407635,0.00045442968257702887,2.2721484128851444e-05
7183,0.0005010433093762672,0.00032506190365421707,0.00012699926446657628,6.349963223328814e-06
7184,0.0004317158041547349,0.00026512101095212923,8.977229299489409e-05,4.488614649744704e-06
7185,0.00046621198540613344,0.0003044307842035948,0.00017145660240203142,8.572830120101571e-06
7186,0.00046298079476770574,0.00030411383512485936,0.00020103641145396978,1.005182057269849e-05
7187,0.0002134525974808264,6.840306060059188e-05,-2.3067634174367413e-05,-1.1533817087183707e-06
7188,-7.929291311702043e-05,-0.00019823723671178383,-0.000284151901723817,-1.420759508619085e-05
7189,8.384480723507942e-05,-2.0243087451155745e-05,-9.027358464663848e-05,-4.513679232331924e-06
7190,3.442456929756848e-05,-5.5425840833231856e-05,-0.0001039511917042546,-5.19755958521273e-06
7191,0.00011642835520982578,3.4874105236807426e-05,-9.041052180691622e-06,-4.5205260903458114e-07
7192,9.571106980817898e-05,2.2362248915974953e-05,-2.45101036853157e-05,-1.225505184265785e-06
7193,2.339344838939055e-05,-3.8935171732781484e-05,-9.520474122837186e-05,-4.760237061418593e-06
7194,4.860678336649715e-05,-5.720044612024466e-06,-5.1006689318455756e-05,-2.550334465922788e-06
7195,0.0001418882570069372,8.944430737777951e-05,5.70437841815874e-05,2.85218920907937e-06
7196,0.0002547239669047776,0.00019760030800896247,0.00018040159193333238,9.02007959666662e-06
7197,0.00016785483211701255,0.00011050033681588667,9.323017002316192e-05,4.6615085011580966e-06
7198,0.00025073535416103245,0.0001895126868756211,0.0001668908225838095,8.344541129190475e-06
7199,0.00017904041661933408,0.00011693250600017152,0.00011133658699691296,5.566829349845648e-06
7200,0.00013150036608980815,7.090635597837536e-05,6.5780826844275e-05,3.28904134221375e-06
7201,0.00013141666468995635,7.204546982578955e-05,7.10599051672034e-05,3.55299525836017e-06
7202,0.00010468952805308754,4.7689193145923975e-05,4.6704630221938714e-05,2.335231511096936e-06
7203,8.733957578362686e-05,3.285831632934271e-05,4.090607035323046e-05,2.045303517661523e-06
7204,-7.72259169100496e-05,-0.00012193096812292482,-0.00010741366713773459,-5.37068335688673e-06
7205,-6.18354886527273e-05,-9.90695125658042e-05,-7.18407827662304e-05,-3.5920391383115205e-06
7206,0.0001250840476344648,8.546033542884839e-05,0.00011410866136429831,5.705433068214916e-06
7207,1.8249178668443743e-05,-1.789147701250874e-05,-5.3737494454253465e-06,-2.686874722712673e-07
7208,5.92492123639265e-05,2.5531479713527467e-05,1.1558605365280528e-05,5.779302682640264e-07
7209,0.00011608317277122584,8.181767013022001e-05,6.663133535766974e-05,3.3315667678834874e-06
7210,1.1007819951314962e-05,-1.8869655111040473e-05,-3.3143161999760196e-05,-1.6571580999880099e-06
7211,-3.0233531459551508e-05,-5.4257144416850365e-05,-6.689875590382144e-05,-3.344937795191072e-06
7212,-2.101145914430375e-05,-4.124538505333997e-05,-3.2897987694013864e-05,-1.6448993847006932e-06
7213,8.506828774103264e-05,6.23517100766628e-05,8.59163556015119e-05,4.295817780075595e-06
7214,0.00011187568737669309,8.544970642501979e-05,0.00010992207535309717,5.4961037676548585e-06
7215,0.00021489079431355403,0.0001805542185631154,0.0001975155610125512,9.87577805062756e-06
7216,0.00031220533516495506,0.00026636518873721175,0.0002784182142931968,1.3920910714659841e-05
7217,0.00028791330935940663,0.00023365008961783568,0.0002314301673322916,1.157150836661458e-05
7218,0.0002631199007057628,0.00020278110630972046,0.0001982424291782081,9.912121458910406e-06
7219,0.00024266207119179618,0.00017789279936352388,0.0001764953922247514,8.824769611237571e-06
7220,0.00015448122872174094,8.985723440097449e-05,9.354222129331902e-05,4.677111064665951e-06
7221,0.00021839148794820988,0.00015059031230013365,0.00016312072693835944,8.156036346917973e-06
7222,2.4554901587738236e-05,-3.7012543035153496e-05,-2.081779712170828e-05,-1.040889856085414e-06
7223,0.0001374736202191391,7.591446904936992e-05,9.927392238751054e-05,4.963696119375527e-06
7224,0.00011058618383585033,4.96448219849258e-05,8.53887977427803e-05,4.269439887139015e-06
7225,0.00016244650931632383,0.00010035436947659775,0.00011951287888223305,5.975643944111653e-06
7226,0.00020079807574162974,0.00013542353355036399,0.0001627861347515136,8.13930673757568e-06
7227,9.791985576558618e-05,3.40940251778481e-05,6.959518213989213e-05,3.4797591069946066e-06
7228,0.00024565312096693956,0.0001778639184426761,0.00017964400467462838,8.982200233731419e-06
7229,0.0001717732488255621,0.00010362853104025741,0.00011126087338197976,5.563043669098988e-06
7230,0.00013117024026344906,6.429450481787829e-05,8.055759826675057e-05,4.0278799133375285e-06
7231,0.00010581189399981882,4.200207353676819e-05,4.406946027302183e-05,2.2034730136510918e-06
7232,9.12902950953482e-05,3.0734057803650634e-05,3.712980469572358e-05,1.856490234786179e-06
7233,5.674535055693884e-05,1.2642476325655435e-06,-3.6768708469026024e-06,-1.8384354234513013e-07
7234,0.00021686850998020422,0.00015866323823828855,0.00014571087376680225,7.2855436883401126e-06
7235,0.0003107841219617541,0.00024582694344260777,0.000226389936869964,1.13194968434982e-05
7236,0.0002627914691945624,0.00019406758738715215,0.00017328813555650413,8.664406777825207e-06
7237,0.0003031932694944961,0.00022996464520619488,0.00019422749755904078,9.71137487795204e-06
7238,0.00028818210105052916,0.0002118549749361428,0.0001728359202388674,8.641796011943371e-06
7239,0.0003631270135278249,0.0002805539296037805,0.00024136494903359562,1.2068247451679781e-05
7240,0.000488874053376804,0.0003943386870246185,0.0003638863854575902,1.8194319272879512e-05
7241,0.0003947396465793443,0.00029405629396616874,0.00026234370307065547,1.3117185153532775e-05
7242,0.00026295904325958136,0.00016308879221212078,0.00013472186401486397,6.736093200743199e-06
7243,0.0001778966009839414,8.251834475607877e-05,6.478541035903618e-05,3.239270517951809e-06
7244,0.00015774322936814021,6.759295493892833e-05,4.7095712943701074e-05,2.354785647185054e-06
7245,0.00021804013305422147,0.00012877684268137172,0.00012770589091815054,6.385294545907528e-06
7246,0.000264149013432909,0.0001727015654490693,0.00018589571118354797,9.2947855591774e-06
7247,0.00027419259662759084,0.0001800677105600198,0.0001966468116734177,9.832340583670885e-06
7248,0.00032443869801976566,0.0002260387833902414,0.00023153611982706934,1.1576805991353468e-05
7249,0.00034843447776752796,0.00024484974516667045,0.0002550041535869241,1.2750207679346205e-05
7250,0.0003426330805009688,0.0002347258870510344,0.0002448042796459049,1.2240213982295246e-05
7251,0.00030598970904960424,0.00019618227101645723,0.00020324804063420743,1.0162402031710372e-05
7252,0.00024024277880087827,0.00013140664053149336,0.00015029293717816472,7.5146468589082365e-06
7253,0.0003659036605471369,0.0002518963989303144,0.0002739080518949777,1.3695402594748885e-05
7254,0.0005114040110757444,0.00038447041987783284,0.0004343251639511436,2.1716258197557183e-05
7255,0.0007113868598828189,0.0005627657205718564,0.0006241278606466949,3.1206393032334745e-05
7256,0.000740530849901384,0.0005724829289670258,0.0006055353442206979,3.0276767211034895e-05
7257,0.0007075101076682438,0.0005252049997085968,0.0005311720888130367,2.6558604440651836e-05
7258,0.000627717468206889,0.000436667598583184,0.0004458524927031249,2.2292624635156244e-05
7259,0.0006642226106591001,0.00046423159541051864,0.00046779162948951125,2.3389581474475563e-05
7260,0.0006230232519338799,0.0004164682954149399,0.00043580742203630507,2.1790371101815256e-05
7261,0.0007941304382365598,0.0005741213939333066,0.0005859259981662035,2.9296299908310177e-05
7262,0.0008769133696417941,0.000641056503292327,0.0006515661370940506,3.2578306854702535e-05
7263,0.0006964875564004771,0.00045576611011091716,0.0004540722584351897,2.2703612921759488e-05
7264,0.0006098738116415431,0.0003682519824279274,0.00038797943852841854,1.939897192642093e-05
7265,0.0006739100936428206,0.00042724844690859685,0.00047668078332208097,2.383403916610405e-05
7266,0.0006089045687182518,0.00036020653036422965,0.00042376338387839496,2.118816919391975e-05
7267,0.0007085867565015619,0.0004531633953489449,0.0005222504260018468,2.611252130009234e-05
7268,0.0007672427220599125,0.0005039997550082087,0.0005524635198526084,2.7623175992630425e-05
7269,0.0008277408191403519,0.0005558898507565226,0.0005790035356767476,2.8950176783837378e-05
7270,0.0007294003683550193,0.0004550412019941373,0.00046947874943725765,2.3473937471862885e-05
7271,0.000827053551581403,0.00054579484994535,0.0005645040655508637,2.822520327754319e-05
7272,0.0008474896743838056,0.0005584309576371119,0.0005919613759033382,2.959806879516691e-05
7273,0.0009055537224776033,0.000608176215037294,0.0006135178846307099,3.067589423153549e-05
7274,0.0009174154199646828,0.0006130726666593596,0.0005987936747260392,2.993968373630196e-05
7275,0.0006977111403456014,0.00039868683157236325,0.0003645977994892746,1.822988997446373e-05
7276,0.0006551697302478374,0.00036265118595043655,0.0003400724090170115,1.7003620450850578e-05
7277,0.0006700867111287259,0.00038138050561632676,0.00038732754183001816,1.936637709150091e-05
7278,0.0005812584498698781,0.0003000995588571656,0.0003064009069930762,1.532004534965381e-05
7279,0.0005971318865561802,0.00032131719336816474,0.00034075771691277623,1.7037885845638813e-05
7280,0.00041107571243895804,0.0001478815576462635,0.0001863355573732406,9.316777868662031e-06
7281,0.00043430980412096054,0.00017972846605077624,0.0002508401812519878,1.2542009062599391e-05
7282,0.000528945913092929,0.0002766461988012817,0.00036312497104518116,1.815624855225906e-05
7283,0.0005873495688730084,0.00033438052759643703,0.00041445193346589804,2.0722596673294902e-05
7284,0.000552019390962057,0.0003006521344408755,0.00036674138391390443,1.8337069195695222e-05
7285,0.0005524028029147849,0.00030316386957264605,0.0003537815355230123,1.7689076776150615e-05
7286,0.0007124337045217986,0.00045712824028193644,0.0005146845942363143,2.5734229711815716e-05
7287,0.0007485619591105742,0.00048565586989178294,0.0005501122795976698,2.7505613979883494e-05
7288,0.0007708326804906369,0.0005008334559485658,0.0005491539486683905,2.7457697433419527e-05
7289,0.0007263763040762692,0.00045268016944246197,0.0004916263278573751,2.458131639286876e-05
7290,0.0006112495484219524,0.0003400561158290445,0.0003751943295355886,1.8759716476779433e-05
7291,0.0005846063133461892,0.00031711446986604664,0.00035167470923624933,1.7583735461812468e-05
7292,0.0006878755275768729,0.0004170039747828827,0.0004898821352981031,2.4494106764905157e-05
7293,0.0005354625767254593,0.00026844555359898937,0.0003471726377028972,1.735863188514486e-05
7294,0.00045431358987722126,0.0001946434704107176,0.00027433765353634953,1.3716882676817477e-05
7295,0.00035257744359349784,0.00010425218381157087,0.00018610499682836235,9.305249841418118e-06
7296,0.00029423715004890346,5.7930459766852265e-05,0.00015845693997107446,7.922846998553723e-06
7297,0.0004900404406340292,0.00025435063173153007,0.0003694090701173991,1.8470453505869957e-05
7298,0.00048634402082491936,0.0002516214703463002,0.00035527805448509753,1.7763902724254878e-05
7299,0.00046092039181063187,0.0002298016292576395,0.00029888752033002675,1.4944376016501338e-05
7300,0.0002830654953898176,6.386518017611564e-05,0.00012769778550136834,6.384889275068417e-06
7301,0.00045641466189052767,0.0002391451054424677,0.0003140107437502593,1.5700537187512963e-05
7302,0.0004359304351226275,0.00022028847274189336,0.0003130657132714987,1.5653285663574935e-05
7303,0.0005017186985790946,0.0002856757727079743,0.0003493798431009054,1.746899215504527e-05
7304,0.0005227196509963578,0.0003067956106694032,0.0003377460816409439,1.6887304082047194e-05
7305,0.00047127092937689774,0.0002590649778182946,0.0002651741961017251,1.3258709805086256e-05
7306,0.00023371960465196567,3.6641229351052964e-05,3.315038338769227e-05,1.6575191693846137e-06
7307,0.0003286360735131493,0.00014042013562816328,0.0001423027424607426,7.11513712303713e-06
7308,0.00027901314166593603,9.973833924518751e-05,0.00012595616863109171,6.297808431554586e-06
7309,0.0002565753754859713,8.632302925206071e-05,0.00011000701488228515,5.500350744114258e-06
7310,0.00013711860820667134,-1.941147683208131e-05,1.7810659755923552e-06,8.905329877961777e-08
7311,0.0002765835435051888,0.0001273921287674185,0.00011069591710111126,5.5347958550555635e-06
7312,0.0004461960048035142,0.00029576700940263037,0.0002679319877643138,1.3396599388215692e-05
7313,0.00044702699006026126,0.00029573295138173413,0.00025622479734010994,1.2811239867005498e-05
7314,0.0003432321111563348,0.00019648586053616347,0.00014718214515596628,7.359107257798314e-06
7315,0.00043431605538008314,0.00028810905398130986,0.0002226376673206687,1.1131883366033436e-05
7316,0.00041886966550873654,0.0002745141836379014,0.00019406768842600286,9.703384421300143e-06
7317,0.0005045061170455682,0.0003586490837813011,0.00025844373158179224,1.2922186579089612e-05
7318,0.0006225717951675213,0.0004693633566111145,0.000375872798031196,1.87936399015598e-05
7319,0.0007005565321530559,0.000537401659031543,0.00043507516966201365,2.1753758483100685e-05
7320,0.0005702163133657821,0.0004051323806235149,0.0002871727629099041,1.4358638145495207e-05
7321,0.00043446890348958146,0.00027496968281590805,0.00014352367725223303,7.176183862611652e-06
7322,0.0005731569365293149,0.0004124684074677728,0.0002761134528554976,1.3805672642774881e-05
7323,0.00048020776539377626,0.00032284236481799515,0.00018591518164612353,9.295759082306177e-06
7324,0.00043649050591447946,0.00028312282573366115,0.00016921650967560709,8.460825483780354e-06
7325,0.0005127341158739671,0.00035940207874588453,0.00024335214402526617,1.216760720126331e-05
7326,0.0006025889101209493,0.00044540595077502854,0.00031909855897538364,1.5954927948769183e-05
7327,0.0006165461340362535,0.00045582671286093055,0.00031578968628309667,1.5789484314154835e-05
7328,0.000622826858616443,0.0004592038108723048,0.00030770458397455513,1.538522919872776e-05
7329,0.0006873296785249887,0.0005180227661479781,0.00036787439603358507,1.8393719801679254e-05
7330,0.0007425724446080538,0.0005657811770357776,0.00041114582563750446,2.0557291281875224e-05
7331,0.00078879146839017,0.000603289253080961,0.000445717218099162,2.2285860904958102e-05
7332,0.0007941227089726432,0.0006010180369661011,0.00043583879596553743,2.1791939798276874e-05
7333,0.0007890255770774671,0.0005900041563331512,0.000414200039813295,2.071000199066475e-05
7334,0.0006584492787307346,0.0004600543148146005,0.0002936923410743475,1.4684617053717376e-05
7335,0.0005858331969126017,0.00039104769537799927,0.00023737986339256167,1.1868993169628084e-05
7336,0.0005633206420817705,0.00037293530488520266,0.0002193404216086492,1.096702108043246e-05
7337,0.000530219201061662,0.0003450718920908003,0.00019746141333598644,9.873070666799322e-06
7338,0.0003530775062064107,0.00018124317470324833,2.8921000193804502e-05,1.4460500096902252e-06
7339,0.0003921482307134752,0.0002311471208444128,6.290221790550277e-05,3.1451108952751383e-06
7340,0.00026460076486680995,0.00011823807479343031,-2.9682672902708873e-05,-1.4841336451354438e-06
7341,0.00030580667826344453,0.00017053414700817724,2.0776333258254454e-05,1.0388166629127227e-06
7342,0.0003203419819457936,0.00019354940377054093,5.4381383961299434e-05,2.719069198064972e-06
7343,0.00026753875860445074,0.0001506465480326246,1.0636498700478114e-05,5.318249350239058e-07
7344,0.00029725875107696186,0.0001882414583196035,3.56761047441978e-05,1.7838052372098901e-06
7345,0.0003567537890285234,0.0002519370846058109,9.56088988459669e-05,4.780444942298346e-06
7346,0.00036655022746539,0.0002645956795066698,0.00011312249262118712,5.656124631059357e-06
7347,0.0003313290346017941,0.0002342374999675763,6.679164653178304e-05,3.3395823265891523e-06
7348,0.0004888819018471774,0.00038866139303206436,0.0002194987318944186,1.097493659472093e-05
7349,0.0004450038786072698,0.0003444441245735298,0.00016401734319515526,8.200867159757764e-06
7350,0.0003749068469664206,0.0002782721500549238,7.918026676634327e-05,3.9590133383171635e-06
7351,0.00022793905883114945,0.00014168324536895265,-5.353523374651559e-05,-2.6767616873257794e-06
7352,0.0004259536707942464,0.00034063968112134824,0.00012374011566862464,6.187005783431233e-06
7353,0.00044991382782447935,0.00036442241636964307,0.0001408311363775283,7.041556818876416e-06
7354,0.00037239199424305585,0.00029113289481080633,5.078661706647836e-05,2.539330853323918e-06
7355,0.0004741712495914099,0.00039221690993768236,0.00014452233153861016,7.226116576930508e-06
7356,0.0004276172796823032,0.0003471320760484735,0.00010007045784732327,5.003522892366164e-06
7357,0.00043738033898184223,0.0003580578369499298,0.00010432815906824544,5.216407953412272e-06
7358,0.0004902797768935707,0.0004098214055813295,0.0001484561653342098,7.42280826671049e-06
7359,0.0005409607566331019,0.00045831555392974197,0.00016987399430945516,8.493699715472757e-06
7360,0.0004657200521159484,0.00038565196800986035,7.687023025937378e-05,3.84351151296869e-06
7361,0.00046327858634618007,0.0003847595564712147,9.57986994762905e-05,4.789934973814525e-06
7362,0.0004038746154182237,0.0003282069543975365,6.762489647371694e-05,3.3812448236858472e-06
7363,0.0003125948287780011,0.0002436438687423845,-1.3262506399769336e-05,-6.631253199884668e-07
7364,0.0004337535605777312,0.00036610975465155185,8.704009087523445e-05,4.352004543761723e-06
7365,0.00035764557125756515,0.00029489141033402466,1.1108203580079135e-05,5.554101790039568e-07
7366,0.0005065896675410604,0.0004410406786842084,0.00015841516142245382,7.92075807112269e-06
7367,0.0004987202574099806,0.0004314331708292853,0.0001375558931613341,6.877794658066705e-06
7368,0.00045699831264548883,0.00038976263980721924,0.0001035581881296821,5.177909406484105e-06
7369,0.0004811732027523058,0.00041193890009480304,0.00014519382966682315,7.259691483341158e-06
7370,0.0005158987757588702,0.0004430875162298957,0.0001789431116776541,8.947155583882704e-06
7371,0.0003817842017734298,0.0003124631677180286,4.190572872175835e-05,2.095286436087918e-06
7372,0.000387277363779071,0.0003214173627574642,4.074609387316741e-05,2.0373046936583707e-06
7373,0.0003833556028719914,0.0003210589095048529,3.467466012807563e-05,1.7337330064037816e-06
7374,0.0003727028651165722,0.00031308293343591955,4.740852818940766e-05,2.3704264094703834e-06
7375,0.0003407692444469157,0.00028442335922190413,3.095551437581889e-05,1.5477757187909448e-06
7376,0.0004179841684685413,0.00036035437558789386,0.00011721449118340388,5.860724559170195e-06
7377,0.0003943287426077666,0.00033632350447661307,9.841999417403713e-05,4.920999708701857e-06
7378,0.000358189595843625,0.0003016376566288583,6.197077163960785e-05,3.0985385819803925e-06
7379,0.0005150234740238177,0.00045292285739659467,0.0002006474242080003,1.0032371210400016e-05
7380,0.0004499117097635389,0.0003865077663114039,0.00012060652807122096,6.030326403561048e-06
7381,0.0003988808967008765,0.00033650683646120855,7.706629548920318e-05,3.85331477446016e-06
7382,0.00026805160616214137,0.00021253774089506058,-3.9346505218418315e-05,-1.9673252609209158e-06
7383,4.102363111943459e-05,2.5404648468312013e-06,-0.0002493426145520061,-1.2467130727600307e-05
7384,3.2852098064290104e-05,9.397870315508712e-06,-0.0002283565409015864,-1.1417827045079322e-05
7385,-6.922756057896081e-05,-7.589405213169264e-05,-0.0002851973695214838,-1.425986847607419e-05
7386,-0.00013286158951379462,-0.00012238522865873884,-0.0003168466791976243,-1.584233395988122e-05
7387,-0.000174188391501895,-0.0001476416272158186,-0.00032145687146112323,-1.6072843573056163e-05
7388,-0.00018010639178043709,-0.0001400933978225123,-0.00029503143741749227,-1.4751571870874614e-05
7389,-0.0001966266141118024,-0.0001433107638852735,-0.00031479293829761446,-1.5739646914880723e-05
7390,-3.3013364349349726e-05,2.3929280221365034e-05,-0.0001431895070709288,-7.159475353546441e-06
7391,-0.00015500306124398576,-8.986153875940316e-05,-0.0002467450685799122,-1.233725342899561e-05
7392,2.912675650052691e-06,6.869894839496675e-05,-0.0001085020849131979,-5.425104245659895e-06
7393,-0.00010980200239322218,-3.8085089048987706e-05,-0.00022000556054990739,-1.100027802749537e-05
7394,-7.3070455437869e-06,6.584151727014615e-05,-0.00013827165821567178,-6.9135829107835896e-06
7395,-0.00011496931230055128,-3.651772665471925e-05,-0.00022052269196137786,-1.1026134598068894e-05
7396,-2.0601469959246457e-05,5.7548288778137123e-05,-0.0001157209844677709,-5.7860492233885456e-06
7397,-1.4500883487112421e-05,6.14518432643884e-05,-8.061389235081151e-05,-4.030694617540576e-06
7398,-2.4386815365805235e-05,4.9739996610957395e-05,-8.72666496434249e-05,-4.363332482171245e-06
7399,0.0001465231509752352,0.0002106963166037998,7.706669566687196e-05,3.853334783343599e-06
7400,0.00018595342862409562,0.00023921764257808618,0.00010626606672303751,5.313303336151876e-06
7401,0.00021304599353907304,0.00025566167705139636,0.00011534625082276762,5.767312541138381e-06
7402,0.0002531139579897455,0.00028623717457527313,0.00010969381401082501,5.484690700541251e-06
7403,8.605914152644881e-05,0.00011941162683768722,-6.846393080195412e-05,-3.4231965400977064e-06
7404,1.3869262219153342e-05,5.147928269826969e-05,-0.00014295108849182725,-7.147554424591363e-06
7405,0.00030322739446043105,0.0003312063001634604,0.00013426489022094756,6.7132445110473785e-06
7406,0.0002689010300603278,0.0002900810712931882,8.671853720443323e-05,4.335926860221662e-06
7407,0.00039292432819764176,0.00040297707875723977,0.00018316894420422614,9.158447210211308e-06
7408,0.0004430817233061274,0.0004412477582604327,0.00021293442114256322,1.0646721057128163e-05
7409,0.00030073767871422504,0.0002954323020591135,6.173594010761008e-05,3.086797005380504e-06
7410,0.00033173132164905297,0.00032114118286249733,0.00010790753731271252,5.3953768656356265e-06
7411,0.0003867835867046723,0.0003678091742036572,0.00017881146050058305,8.940573025029153e-06
7412,0.0004815074241110179,0.0004509208852875545,0.0002549127384554595,1.2745636922772974e-05
7413,0.00048656437436188084,0.00044588004501639134,0.0002403086400590837,1.2015432002954186e-05
7414,0.0006086803898226207,0.000554124608757435,0.0003315750800538808,1.657875400269404e-05
7415,0.0006606339838412227,0.0005913685853083732,0.00036783734685741365,1.8391867342870682e-05
7416,0.0006994645180887964,0.0006165687365383903,0.00036798077053390443,1.8399038526695222e-05
7417,0.0006241857167068213,0.0005338643531727081,0.00026541660190559924,1.3270830095279962e-05
7418,0.0006624679856280537,0.0005648324739513596,0.0002786211553029716,1.393105776514858e-05
7419,0.0006102253490557984,0.000507952933020081,0.00023807186516933143,1.1903593258466573e-05
7420,0.0007248059500110722,0.000612551977012803,0.0003544303181115538,1.772151590557769e-05
7421,0.0007007348707648139,0.0005811116472811818,0.0003154898004140705,1.5774490020703524e-05
7422,0.0006095423922882752,0.00048781858270813505,0.00022235291544348001,1.1117645772174001e-05
7423,0.0006448842729399714,0.000519520318184455,0.0002598572464194149,1.2992862320970745e-05
7424,0.0006635588952510612,0.0005340058475858432,0.00027693426818586886,1.3846713409293443e-05
7425,0.00044196182683810026,0.0003185223516893184,7.727701449766755e-05,3.863850724883377e-06
7426,0.00034583323770708913,0.00023124945813536812,1.894254091894254e-05,9.471270459471271e-07
7427,0.00012005935744336097,2.4049235503428864e-05,-0.00018534768605604768,-9.267384302802385e-06
7428,-4.701290889342932e-05,-0.0001192491721273583,-0.00031099803163670003,-1.5549901581835003e-05
7429,2.706269929054588e-07,-5.410671671248551e-05,-0.00022378528956323862,-1.1189264478161931e-05
7430,5.52002043733817e-05,1.3397331897673786e-05,-0.0001473338925279677,-7.366694626398385e-06
7431,-8.616051589283979e-07,-2.8787389723146123e-05,-0.00019660979160107672,-9.830489580053837e-06
7432,0.0001966610132355367,0.0001728500727961597,-2.4412391212536022e-05,-1.2206195606268012e-06
7433,0.0002180480176196518,0.00019645416663252322,8.206864094972843e-07,4.103432047486422e-08
7434,0.0001495454392649673,0.00013345870082479434,-7.192829070845619e-05,-3.5964145354228095e-06
7435,0.00020379986325358933,0.00018899256124496242,4.624799657904077e-06,2.3123998289520388e-07
7436,0.00034755057546668577,0.000327921074418428,0.0001223595318151638,6.11797659075819e-06
7437,0.00046091187109777393,0.0004322091607936137,0.0002104194718413055,1.0520973592065275e-05
7438,0.0003996371120192257,0.0003661205604295358,0.00013520150969270617,6.760075484635309e-06
7439,0.0003997011275139567,0.0003622152395716038,0.00012679268547799438,6.33963427389972e-06
7440,0.000365035425184843,0.0003265950482010909,7.358875154750422e-05,3.679437577375211e-06
7441,0.00031027517078583604,0.0002733544909984467,2.7740939913201146e-05,1.3870469956600573e-06
7442,0.0003158052764174286,0.00027861520258577684,6.343622953863814e-05,3.1718114769319073e-06
7443,0.00039135855155919156,0.0003497632556281097,0.00014638126594945788,7.319063297472894e-06
7444,0.00039106550607045026,0.0003451604470012197,0.00014883597032167017,7.441798516083509e-06
7445,0.0005102633970086002,0.00045474656821351835,0.00026072689797729254,1.3036344898864628e-05
7446,0.0005199919127284302,0.00045542213319708826,0.0002611164818517864,1.3055824092589319e-05
7447,0.0006614060040220046,0.00058231307261756,0.00038372696144506335,1.918634807225317e-05
7448,0.0006172644442073682,0.0005279791886849246,0.00031625397969037294,1.581269898451865e-05
7449,0.0006969694378404912,0.0005950084523800216,0.0003831290523521602,1.9156452617608013e-05
7450,0.0006508739550968758,0.0005405052509412193,0.0003166469687130302,1.583234843565151e-05
7451,0.0005586511935656343,0.0004457807101267595,0.00021390125039033592,1.0695062519516797e-05
7452,0.000515955469284572,0.0004026169705784138,0.00018152670236304402,9.076335118152201e-06
7453,0.00046761134638309993,0.0003546129400623398,0.00016898949979804456,8.449474989902228e-06
7454,0.0005744473498488478,0.0004567350136507743,0.00027112438692711294,1.3556219346355648e-05
7455,0.000537493985204667,0.00041753170408657253,0.00022682375856675208,1.1341187928337604e-05
7456,0.0006931930440358187,0.0005635496627329072,0.00037953295395709574,1.8976647697854788e-05
7457,0.0005895569741838782,0.0004570434464517326,0.0002542730944696814,1.271365472348407e-05
7458,0.0008056542305405115,0.000660906136451903,0.00044853388681076467,2.2426694340538236e-05
7459,0.0008006438246205166,0.0006453336306922623,0.00042962515726685524,2.1481257863342763e-05
7460,0.0007861835338958653,0.0006235801830742044,0.00038005405804142356,1.900270290207118e-05
7461,0.000680572902808652,0.0005171693130752185,0.00026331396657042205,1.3165698328521103e-05
7462,0.0006597528852797143,0.0004969288892596742,0.00024150492390617728,1.2075246195308865e-05
7463,0.0005396896288915216,0.0003829466202213657,0.00013312505325302482,6.656252662651241e-06
7464,0.0005491979808658005,0.0003968397760660639,0.00016177474753931165,8.088737376965583e-06
7465,0.0003909326138339545,0.0002496755966005582,2.117580697813537e-05,1.0587903489067685e-06
7466,0.0003845971601604626,0.00025298058305579606,3.721825123648159e-05,1.8609125618240796e-06
7467,0.0003699276437556233,0.00024594829934944287,6.289195880526677e-05,3.1445979402633384e-06
7468,0.00027918091229324444,0.00016703119404901866,-3.386683602002449e-05,-1.6933418010012247e-06
7469,0.00030276951702249165,0.00020064885715238045,-1.4271281543187797e-05,-7.135640771593899e-07
7470,0.00022317764704172241,0.00013327122609361523,-7.39814349799417e-05,-3.699071748997085e-06
7471,0.00011442322866402296,3.9957354819490396e-05,-0.00015647920372430235,-7.823960186215119e-06
7472,0.00019314956884301573,0.00012866787756726786,-6.920622399775311e-05,-3.460311199887656e-06
7473,8.165739485922852e-05,3.262981670514754e-05,-0.00019664513820316643,-9.832256910158322e-06
7474,0.00019655798287040356,0.00015718438085671551,-0.00010253611981170252,-5.126805990585127e-06
7475,0.0003973292202362302,0.0003571433057050197,8.905486174626276e-05,4.452743087313138e-06
7476,0.00042148595177148615,0.0003790088632256648,0.00011264660133747384,5.632330066873692e-06
7477,0.000415630998114843,0.0003714350289002957,0.00010113876487594098,5.056938243797049e-06
7478,0.00031483801584388286,0.0002740621006760719,5.099764166516252e-09,2.549882083258126e-10
7479,0.0004154466947933604,0.00037372888512074366,8.455220813630149e-05,4.227610406815074e-06
7480,0.00041540603292777086,0.0003728474765442797,8.241544855991378e-05,4.120772427995689e-06
7481,0.0006560096325645198,0.0006007823363989018,0.0003197480400558561,1.5987402002792807e-05
7482,0.000671054975852513,0.0006042192795312423,0.000311135285301134,1.55567642650567e-05
7483,0.000675951306789504,0.000599768642440229,0.0002819866349454969,1.4099331747274847e-05
7484,0.0007260000642031377,0.0006390995265997063,0.0003246208361815661,1.6231041809078305e-05
7485,0.0007622249524198363,0.0006638032727649306,0.00035690321237780154,1.7845160618890078e-05
7486,0.0008185858453991716,0.0007085639170026654,0.00037586447433568537,1.879322371678427e-05
7487,0.0008040035477182492,0.0006849457922634851,0.0003424758615437895,1.7123793077189477e-05
7488,0.000831482081590911,0.0007040444912293686,0.00034496517037041485,1.7248258518520743e-05
7489,0.000717556097808809,0.0005887134936464284,0.00021956610726192594,1.0978305363096297e-05
7490,0.0007971298270812191,0.0006635621412043689,0.0002927161694969982,1.4635808474849911e-05
7491,0.0007496887704165902,0.0006140984630354231,0.00024583187769167125,1.2291593884583563e-05
7492,0.0006860547660194652,0.0005517543121845144,0.00018428270414005965,9.214135207002983e-06
7493,0.0006791561418472234,0.0005467711773431678,0.00017231315723620355,8.615657861810178e-06
7494,0.0005207181240578557,0.00039674869180053525,4.066020846948959e-05,2.0330104234744796e-06
7495,0.0004453789998772168,0.0003325912714398215,-2.3464108380721882e-05,-1.173205419036094e-06
7496,0.0003519110056399994,0.00025338970367746213,-9.937545837601647e-05,-4.968772918800824e-06
7497,0.0003319456686312946,0.0002469856801763448,-0.0001045534954755567,-5.227674773777835e-06
7498,0.00035586649478520915,0.0002821665383360198,-7.90576814324595e-05,-3.952884071622975e-06
7499,0.0003789417220661115,0.00031383066223798637,-4.44079669250641e-05,-2.2203983462532053e-06
7500,0.0004393170156812334,0.0003788841226918921,1.829783468565438e-05,9.148917342827191e-07
7501,0.00040324924964484023,0.00034826324019264027,-7.541921149822883e-06,-3.7709605749114417e-07
7502,0.00038172403210548863,0.0003321368155215978,-1.5865407476667315e-05,-7.932703738333657e-07
7503,0.0004419863186782305,0.0003937277502780107,5.6749639043118805e-05,2.8374819521559406e-06
7504,0.0005632317805680045,0.0005088021620479234,0.0002020970860030502,1.0104854300152511e-05
7505,0.00045308235701224073,0.0003985507102647759,8.493272616760805e-05,4.246636308380403e-06
7506,0.0004618934506999804,0.000407392454173547,8.398860518354923e-05,4.199430259177462e-06
7507,0.0004318286841959675,0.000379453172633996,4.2715106246760115e-05,2.135755312338006e-06
7508,0.000540850827601326,0.00048521212611952753,0.000148663209984079,7.4331604992039505e-06
7509,0.0006026477815673178,0.0005415188476440209,0.00019567474373616278,9.78373718680814e-06
7510,0.000725437103386167,0.0006539832602240075,0.0002986419422086328,1.4932097110431642e-05
7511,0.0005593943370602199,0.0004877140121972469,0.0001090931982616894,5.45465991308447e-06
7512,0.0005702716062694377,0.0004993735949835826,9.388110629515722e-05,4.6940553147578615e-06
7513,0.0005447795055771803,0.0004752061097541114,8.417160279350355e-05,4.2085801396751775e-06
7514,0.0005195278960549211,0.0004514679169404888,7.954375178087503e-05,3.977187589043751e-06
7515,0.0005697599249641356,0.0005002612699755135,0.00013679100084118545,6.839550042059273e-06
7516,0.0005618341768029234,0.000491850079411784,0.00011843752872664481,5.921876436332241e-06
7517,0.0006181800450524191,0.0005452583752926285,0.00016822305042296648,8.411152521148324e-06
7518,0.0006627451647258908,0.0005854608488231865,0.00019986010738648474,9.993005369324238e-06
7519,0.0005375352709536138,0.0004624185559943333,7.46881341910921e-05,3.7344067095546053e-06
7520,0.0005946486699057508,0.0005191515119257092,0.0001256199029739946,6.280995148699731e-06
7521,0.0005225177995394678,0.0004504360163796447,5.006176434108056e-05,2.503088217054028e-06
7522,0.0004526462538934811,0.0003864708214026693,-2.93658899863658e-06,-1.46829449931829e-07
7523,0.0004871084244543446,0.00042225950936981154,8.171195077011362e-05,4.085597538505681e-06
7524,0.0004922359196700579,0.0004272325807188414,0.00010738903802121058,5.36945190106053e-06
7525,0.0004372343698927242,0.0003748182373303822,5.120073910802603e-05,2.5600369554013017e-06
7526,0.0004197701665306375,0.00036018630399228997,4.326996349846013e-05,2.1634981749230064e-06
7527,0.0005849785140779558,0.0005180548463390699,0.00024280471552629024,1.2140235776314512e-05
7528,0.000580343987961233,0.000505087980398503,0.00026828868431039155,1.3414434215519578e-05
7529,0.0003789865225524256,0.0003054042264687881,7.840846228646114e-05,3.920423114323057e-06
7530,0.00027400754502867453,0.00020493666075455523,2.3941247491165996e-05,1.1970623745582998e-06
7531,0.0002516098171822989,0.00018571913874984962,4.705914034275338e-05,2.352957017137669e-06
7532,0.0003083690603398267,0.00024214624975142922,0.00011287927918601781,5.6439639593008906e-06
7533,0.00029591135645289074,0.00022976947996287966,0.00010324957111151889,5.162478555575945e-06
7534,0.0003062789696173761,0.00023962695361205962,0.0001144697962445207,5.723489812226035e-06
7535,0.00032296365654307756,0.0002559974310761082,0.00011081678530899808,5.540839265449904e-06
7536,0.0003316234814023924,0.0002649660978358514,9.876224066829309e-05,4.938112033414655e-06
7537,0.000355660025507989,0.0002892196744985478,0.00010045386443380266,5.022693221690134e-06
7538,0.0003011146998288025,0.00023726675690740584,5.268043969408609e-05,2.6340219847043047e-06
7539,0.00018201287978343404,0.00012506814883265143,-3.6153931432636455e-05,-1.8076965716318229e-06
7540,0.00029672218442927114,0.00024040882580897072,8.158108539646491e-05,4.079054269823246e-06
7541,0.0002534992019696072,0.00019956892922855682,4.299205829738639e-05,2.1496029148693196e-06
7542,0.00029835490343176123,0.00024444322810870305,8.661051833769307e-05,4.330525916884654e-06
7543,0.0004389051134837057,0.00037862153170325157,0.0002130002249032259,1.0650011245161296e-05
7544,0.00035102533493819055,0.0002897036565955853,0.00011196737614227459,5.59836880711373e-06
7545,0.0004027932418682985,0.0003387337383146675,0.0001491253060521558,7.45626530260779e-06
7546,0.00037389774080319926,0.00030862879504796293,0.00012242383672855794,6.121191836427898e-06
7547,0.00019601372278882086,0.00013921648911722557,-6.85483610141091e-05,-3.4274180507054552e-06
7548,0.00014660307047257415,9.948643500875699e-05,-9.99379190034233e-05,-4.996895950171165e-06
7549,0.0003004232930447812,0.00025451803360935636,5.7293869758723304e-05,2.8646934879361654e-06
7550,-1.937214604272317e-05,-4.820208810538385e-05,-0.000265802867943421,-1.3290143397171051e-05
7551,6.436517234363089e-05,4.778994537056295e-05,-0.00018818987882696092,-9.409493941348046e-06
7552,0.00010199595837959185,9.3767232105175e-05,-0.00012910313671454787,-6.455156835727394e-06
7553,0.0002111976678739904,0.0002037609098957614,6.597708306799177e-06,3.298854153399589e-07
7554,0.00031965338938901125,0.0003081188720400369,9.774503268999979e-05,4.8872516344999894e-06
7555,0.0002395987352737002,0.00022841142651980036,1.02847852758714e-05,5.1423926379357e-07
7556,0.00016725230770752765,0.00016007575675565502,-6.2773578974884e-05,-3.1386789487442e-06
7557,4.993285135918002e-05,5.1263855242012755e-05,-0.00015652197180315852,-7.826098590157926e-06
7558,-3.0291388695951218e-05,-1.819908521051622e-05,-0.00021131227549631149,-1.0565613774815575e-05
7559,-5.644839888716864e-05,-3.530955502198906e-05,-0.000191216153325513,-9.560807666275651e-06
7560,4.799416534858535e-05,7.12456497553603e-05,-6.668772402917966e-05,-3.3343862014589835e-06
7561,-0.0001220620597843498,-8.866227993333716e-05,-0.00023499963572248816,-1.174998178612441e-05
7562,-8.539565288735726e-05,-4.530175848472696e-05,-0.00017880022642202675,-8.940011321101338e-06
7563,-8.0557974436125e-05,-3.526244374115408e-05,-0.0001605263678357005,-8.026318391785026e-06
7564,-8.090370923598142e-05,-3.068506029040702e-05,-0.0001646032033022493,-8.230160165112466e-06
7565,5.1766847530661583e-05,0.00010111278557959121,-5.734592195949517e-05,-2.867296097974759e-06
7566,0.00011523591061242042,0.0001610857365848919,-7.529845788667444e-06,-3.7649228943337223e-07
7567,0.00015336923020684194,0.00019573718767156928,-4.622506821760908e-06,-2.311253410880454e-07
7568,0.0001864914589615233,0.00022550461969674665,-2.134119085894781e-06,-1.0670595429473906e-07
7569,0.00020103681464772637,0.00023722480500145633,-7.814311175025068e-06,-3.9071555875125345e-07
7570,0.00012038627681292972,0.0001585574780147535,-9.936290007317439e-05,-4.9681450036587195e-06
7571,0.00022453805797492462,0.00025900634370396594,1.4198629287420772e-05,7.099314643710386e-07
7572,0.0003040656439194093,0.0003306666707511144,0.00010101881343871355,5.0509406719356775e-06
7573,0.00033658121497516324,0.0003558512414573202,9.92808272712864e-05,4.96404136356432e-06
7574,0.00046951807888791566,0.0004777770293536199,0.00018343211559113115,9.171605779556559e-06
7575,0.0004650218767748547,0.0004645664213700483,0.00015221798093989491,7.610899046994746e-06
7576,0.00041138788743456847,0.00040682451136803697,7.417052984237671e-05,3.7085264921188354e-06
7577,0.0003389571708040951,0.00033404306189213303,8.393707503273617e-06,4.196853751636809e-07
7578,0.00014495542780938622,0.00014873628628122305,-0.0001686019531916827,-8.430097659584135e-06
7579,0.00032597235951564604,0.00032804009419835315,3.261542224208824e-05,1.6307711121044122e-06
7580,0.000351339964599282,0.0003495567783096318,7.438193279085681e-05,3.7190966395428404e-06
7581,0.00037729618047882183,0.0003709298123265862,9.238771599484608e-05,4.619385799742304e-06
7582,0.0003071877734041223,0.0003004356772749088,1.4171638213156257e-05,7.085819106578129e-07
7583,0.00031270075315704954,0.0003042085904144311,4.382268889457919e-05,2.1911344447289596e-06
7584,0.00037956096290401914,0.00036584243131573683,0.00011621746671153232,5.810873335576617e-06
7585,0.00026424090295240025,0.0002510018265661692,8.194138899852987e-06,4.097069449926494e-07
7586,0.00033344640216405764,0.0003175669300803746,7.245307642733678e-05,3.622653821366839e-06
7587,0.00042034142482155794,0.00039826219019301116,0.00014691491378471255,7.345745689235628e-06
7588,0.0003004986225472073,0.0002781429717663042,3.571749766706489e-05,1.7858748833532447e-06
7589,0.00026428780236106516,0.00024419431949440135,-1.2009130841761362e-05,-6.004565420880682e-07
7590,0.0002884567278019271,0.00026829970725928087,3.3471962524345145e-05,1.6735981262172573e-06
7591,0.00017922833656837316,0.00016429542657252298,-7.261389691848308e-05,-3.630694845924154e-06
7592,0.00016465070199902636,0.000154589978034688,-7.077415648382157e-05,-3.538707824191079e-06
7593,0.00011488444674713812,0.00011081365942618309,-9.98448595055379e-05,-4.992242975276895e-06
7594,-0.00016015550779834476,-0.0001464554728777854,-0.0003437965060584247,-1.7189825302921236e-05
7595,-0.00015092305589221435,-0.00012181967780752402,-0.0003169354167766869,-1.5846770838834346e-05
7596,-0.00020806954088873554,-0.00016326633283121234,-0.0003457577258814126,-1.728788629407063e-05
7597,-0.00021736805777672628,-0.00015951659137832715,-0.00031688594026491046,-1.5844297013245524e-05
7598,1.4933079204899923e-05,7.365484112806055e-05,-9.544681961415336e-05,-4.772340980707668e-06
7599,0.0001554854755469173,0.00020852894857434256,2.6002811864600517e-05,1.300140593230026e-06
7600,0.00014540522942240236,0.0001938700307280008,5.679900823452044e-06,2.8399504117260225e-07
7601,8.844515310399573e-05,0.00013605544301915402,-6.390883936546743e-05,-3.1954419682733715e-06
7602,6.567569340672558e-05,0.00011387293377216721,-8.966956374933943e-05,-4.483478187466972e-06
7603,0.00018008205554339622,0.0002241730562908093,5.665639037033543e-06,2.8328195185167714e-07
7604,0.00020580236511266598,0.00024456121692896846,3.480149825918488e-05,1.7400749129592442e-06
7605,0.0003381495564574487,0.0003658834740584098,0.0001554303744342178,7.771518721710892e-06
7606,0.0002746025481114837,0.00029561600491601075,8.263109339168295e-05,4.131554669584148e-06
7607,7.657863656445165e-05,0.00010137675641575006,-0.0001158707236754708,-5.79353618377354e-06
7608,3.676646925190436e-05,6.704973388925204e-05,-0.00014912347251083702,-7.4561736255418514e-06
7609,-3.611319352193276e-05,2.4084741350435534e-06,-0.00020922454132232815,-1.0461227066116408e-05
7610,-4.712891827505036e-05,-1.1452173514800792e-06,-0.00020376346947159618,-1.018817347357981e-05
7611,5.5718670854912756e-05,0.00010345147315132908,-0.00010039377229986712,-5.019688614993356e-06
7612,0.00015337440943098674,0.00019628667884481125,2.5086326786549762e-05,1.2543163393274882e-06
7613,0.00015318927446766493,0.00019101351213411308,3.285769707872532e-05,1.6428848539362662e-06
7614,0.00036515888274582097,0.00038931408464558745,0.00021034215751569718,1.051710787578486e-05
7615,0.0002572558352819883,0.0002750449454928663,7.979324436746538e-05,3.989662218373269e-06
7616,0.00018582211272649736,0.00020141095757525464,8.581235306337476e-06,4.290617653168738e-07
7617,0.00032115605458882333,0.00032852196040966143,0.00013579425285570323,6.789712642785162e-06
7618,0.00030732492763840043,0.0003092314234607002,9.108846279559657e-05,4.554423139779829e-06
7619,0.0001993952857154403,0.0002022414887022734,-2.7558464353205636e-05,-1.3779232176602819e-06
7620,0.00019092100987356443,0.00019379411775116403,-6.648880116699729e-06,-3.324440058349865e-07
7621,4.50879953067757e-05,5.42254653102506e-05,-0.00013041058264207095,-6.520529132103548e-06
7622,-3.137008912290204e-05,-1.3073061825037841e-05,-0.00019401879399083555,-9.700939699541777e-06
7623,-5.61987936957486e-05,-2.8646532311537754e-05,-0.00020709092495962977,-1.0354546247981489e-05
7624,3.999248643031262e-05,7.154003717583488e-05,-0.00011504990106914192,-5.752495053457096e-06
7625,2.413864454416995e-05,5.912469371718948e-05,-0.00011280825856374577,-5.640412928187289e-06
7626,5.0750030055323234e-05,8.76355842345268e-05,-8.877587970346212e-05,-4.438793985173107e-06
7627,0.00015683627105866812,0.0001912797301250651,-6.365238732541911e-06,-3.182619366270956e-07
7628,0.00022004019087498958,0.00024908863952372126,5.3375057177618146e-05,2.6687528588809076e-06
7629,0.00021160938981990918,0.00023532888201030245,5.7551980717107654e-05,2.8775990358553828e-06
7630,7.293268482966189e-05,9.842434551383994e-05,-7.719708810327575e-05,-3.859854405163787e-06
7631,5.199690749011526e-05,7.928243688366158e-05,-7.65733202570118e-05,-3.82866601285059e-06
7632,1.745363429639162e-05,4.686037236927807e-05,-8.445758430752903e-05,-4.2228792153764514e-06
7633,0.0001330582430441514,0.0001591220424661578,2.225521529908292e-05,1.1127607649541461e-06
7634,4.974164140349069e-05,7.649795655633005e-05,-5.619023795588873e-05,-2.8095118977944367e-06
7635,-2.541086549530982e-05,5.365257379934908e-06,-0.0001225437445100397,-6.127187225501985e-06
7636,4.241640260654753e-05,7.313638779517804e-05,-4.4853823055746034e-05,-2.2426911527873017e-06
7637,0.0002089383297066049,0.0002331163363672221,8.345495007233694e-05,4.1727475036168474e-06
7638,0.00015061187216084508,0.00017151575091996934,2.391110137978103e-05,1.1955550689890517e-06
7639,0.0002299830222059065,0.00024637247308866397,5.411607344285585e-05,2.7058036721427926e-06
7640,0.0003802120321389432,0.00038691196434847904,0.00016406274517066777,8.203137258533389e-06
7641,0.00039949280703955627,0.00039739228879827224,0.0001581497344886884,7.90748672443442e-06
7642,0.00032818026849007345,0.0003228092526980075,6.062750981072895e-05,3.0313754905364477e-06
7643,0.0004269555683942182,0.00041375050427210525,0.00016006844816729426,8.003422408364713e-06
7644,0.000447771921302204,0.0004272643648712118,0.00016016329755075276,8.008164877537638e-06
7645,0.0002641509143214968,0.00024585145706914826,-1.8862276192521676e-05,-9.431138096260839e-07
7646,0.00011393127388891211,0.00010461756294980558,-0.00015228608390316367,-7.6143041951581836e-06
7647,0.0002143517825538545,0.00020800332792077854,-3.97864387196023e-05,-1.989321935980115e-06
7648,0.0003565480217280099,0.0003450121853843699,0.00011736622400349006,5.868311200174503e-06
7649,0.00037614130238319425,0.00035903915160391704,0.00012772718037012964,6.386359018506482e-06
7650,0.0003275164418752879,0.00030810397291057676,6.907380884513259e-05,3.4536904422566297e-06
7651,0.0003002773133339283,0.0002795943081388663,5.2991043048677966e-05,2.6495521524338986e-06
7652,0.0002403994900061572,0.00022077663933543513,9.410829079570249e-06,4.705414539785125e-07
7653,0.00030128700592225695,0.000279288757847124,7.825139618944377e-05,3.912569809472188e-06
7654,0.00016240790140580044,0.00014444399272202618,-4.7587815060978755e-05,-2.379390753048938e-06
7655,0.0002450425363893792,0.000226154359863018,4.856750092585571e-05,2.4283750462927856e-06
7656,0.0002148537512479622,0.00019606035452562282,2.7931506338063627e-05,1.3965753169031814e-06
7657,0.00028627044210192347,0.0002644925121989818,8.932833588914946e-05,4.466416794457473e-06
7658,0.00038038705621448797,0.0003532980184587489,0.00013868487440049648,6.934243720024825e-06
7659,0.0003782641393579212,0.00034754791369392756,0.00011124159937025979,5.56207996851299e-06
7660,0.0003445150931394648,0.00031159186875992447,8.874071500031278e-05,4.437035750015639e-06
7661,0.0003281026012607283,0.0002929980596302704,9.262435924028978e-05,4.631217962014489e-06
7662,0.0003042722751143975,0.0002679650882773893,7.684816227992997e-05,3.842408113996499e-06
7663,0.0001421047280262878,0.000112120697159178,-7.104990800144151e-05,-3.5524954000720754e-06
7664,-0.00011170306635313562,-0.00012382369711187835,-0.00030693173175677657,-1.534658658783883e-05
7665,-0.00025621796026006053,-0.00024588560318222514,-0.00041790425893850625,-2.0895212946925314e-05
7666,-0.0002008190370304735,-0.00017421662301959302,-0.0003234096511732787,-1.6170482558663936e-05
7667,-0.00014584734840826066,-0.00010755094178870219,-0.0002589263895060867,-1.2946319475304336e-05
7668,-0.00014579372742685908,-9.769798424585661e-05,-0.00024286218103952706,-1.2143109051976354e-05
7669,-4.78041590495083e-05,6.15228012983751e-06,-0.00018212728900834918,-9.106364450417459e-06
7670,0.0001284631834303833,0.00018000051666992682,-2.932024290203117e-05,-1.4660121451015585e-06
7671,0.0001125371835800311,0.0001612803215950168,-2.455506728438195e-05,-1.2277533642190975e-06
7672,0.00029254297400071224,0.00033089045127532605,0.00012895229156129062,6.447614578064531e-06
7673,0.00040947055427224913,0.000433580750921454,0.0002175432164222002,1.087716082111001e-05
7674,0.00047151885976787233,0.0004795373056383625,0.0002728768449742347,1.3643842248711736e-05
7675,0.000499750178316211,0.0004917141907592822,0.00029460396035574377,1.4730198017787188e-05
7676,0.00042084159689618686,0.0004029078046533444,0.00019564121612347662,9.782060806173833e-06
7677,0.00028653319179972026,0.0002662277527288943,6.395895616151392e-05,3.1979478080756965e-06
7678,0.00030495544316755065,0.00028232882704276715,7.244855078170076e-05,3.622427539085038e-06
7679,0.0002440886868029488,0.00022059414759645465,4.9265174311585724e-05,2.4632587155792863e-06
7680,0.00018582172538394938,0.00016395077184725844,2.524194542274927e-06,1.2620972711374634e-07
7681,0.0003191028101761027,0.0002927120649072476,0.00012499552394729108,6.249776197364554e-06
7682,0.00013566025166019422,0.00011362227829869734,-4.821925176656805e-05,-2.410962588328403e-06
7683,8.298309051976912e-05,6.769482882331436e-05,-9.876554395304993e-05,-4.9382771976524966e-06
7684,0.00010102708241644198,9.032541632081395e-05,-6.305185524979606e-05,-3.1525927624898035e-06
7685,0.00010290496670476587,9.572410175014343e-05,-4.907197944703512e-05,-2.453598972351756e-06
7686,-5.127168448040622e-05,-4.798272870903296e-05,-0.0001942724920809269,-9.713624604046346e-06
7687,1.845737150212216e-05,2.7448042636845516e-05,-0.00011145041935378686,-5.572520967689343e-06
7688,0.0001398962579829766,0.0001486083117149348,-2.1688877041015076e-06,-1.0844438520507538e-07
7689,0.00010950731757926503,0.00011956578635501571,-3.834289964288473e-05,-1.9171449821442367e-06
7690,0.00011484726234155765,0.00012571638811300625,-3.0337945645442232e-05,-1.5168972822721118e-06
7691,0.00013658087426363972,0.00014752943697736565,-1.753574179019779e-05,-8.767870895098896e-07
7692,0.00025909355529499435,0.0002650594209896935,8.293380233226344e-05,4.146690116613172e-06
7693,0.000311366966266725,0.00031005429656136133,0.00013339248835109174,6.669624417554588e-06
7694,0.00044786378241218355,0.0004338758287661153,0.000250128359766677,1.2506417988333851e-05
7695,0.0004450861182575894,0.00042109619685961155,0.00021232891594991088,1.0616445797495545e-05
7696,0.00037654453995391245,0.0003477597574694763,0.00012388096365612,6.194048182806e-06
7697,0.0003687598806011044,0.0003355739336590622,0.000126656552311033,6.332827615551651e-06
7698,0.00036139752511674936,0.00032405983206912884,0.00013000861508771777,6.500430754385889e-06
7699,0.0003835271882481456,0.0003402738956305962,0.00017250198288820684,8.625099144410343e-06
7700,0.00025141177597725846,0.00020818260301404967,6.22068764641881e-05,3.110343823209405e-06
7701,0.00023420653508897035,0.0001898958998337674,8.754153532208875e-05,4.377076766104437e-06
7702,0.00016386999887210577,0.00012206827860253834,1.8014963643508963e-05,9.007481821754482e-07
7703,0.00017643824946845174,0.00013556300301004434,4.8099373088916764e-05,2.404968654445838e-06
7704,0.0001416694083900657,0.00010289796119180532,2.305588532180991e-05,1.1527942660904957e-06
7705,9.663400252633186e-05,6.238297233919866e-05,-2.7890644560102373e-05,-1.3945322280051188e-06
7706,0.0001721048413862102,0.0001401768353415649,1.067024095391389e-05,5.335120476956946e-07
7707,0.00013691820264961023,0.0001094302826269762,-3.598384137148969e-05,-1.7991920685744845e-06
7708,0.00014020546914156088,0.00011755549775980825,-4.989891385775991e-05,-2.4949456928879956e-06
7709,-4.425977301633885e-05,-5.410086513815331e-05,-0.00021628991817124188,-1.0814495908562094e-05
7710,-0.00010095556949986943,-9.688551167210164e-05,-0.000253334321314469,-1.266671606572345e-05
7711,-0.00013320401578283432,-0.00011560303582049332,-0.00026497969520278275,-1.3248984760139138e-05
7712,-0.00012138131361437757,-9.393168526606069e-05,-0.00021189128165133297,-1.0594564082566649e-05
7713,-6.173700090198921e-05,-3.0468449177508434e-05,-0.0001088165954570286,-5.44082977285143e-06
7714,-8.851017899976373e-05,-5.3123437432288525e-05,-0.00012532275286503136,-6.266137643251568e-06
7715,-0.00025328341162440723,-0.0002070786815640083,-0.0002674727002158761,-1.3373635010793806e-05
7716,-0.00021787320192536572,-0.00016350116176686602,-0.00022825525957159698,-1.141276297857985e-05
7717,-0.00011197652720106065,-5.5970889636839566e-05,-0.00011099066614406183,-5.549533307203092e-06
7718,-0.00013884086493770896,-8.129847797388196e-05,-0.00011597912816796452,-5.798956408398226e-06
7719,-1.4627104216562754e-05,3.9620738075927724e-05,-2.371385744481813e-05,-1.1856928722409067e-06
7720,9.892687416565167e-05,0.00014414487979106996,9.231408330379054e-05,4.615704165189527e-06
7721,9.638261430550845e-05,0.00013507110685977245,5.140323264640756e-05,2.570161632320378e-06
7722,0.00017356638408976265,0.000204474568322224,8.608200732851401e-05,4.304100366425701e-06
7723,0.00015804636431638767,0.00018383263671475604,4.4038108171662316e-05,2.201905408583116e-06
7724,3.837725523403798e-05,6.625835121400798e-05,-9.117535228142515e-05,-4.558767614071257e-06
7725,9.183460965247762e-05,0.0001188730506703322,-3.108370947302319e-05,-1.5541854736511596e-06
7726,8.362300627389087e-05,0.0001098011938547607,-2.9506056307582185e-05,-1.4753028153791093e-06
7727,0.00010506347367949642,0.00012863581101924562,7.358449693128932e-06,3.6792248465644666e-07
7728,0.00010744037432758208,0.00012809973469846717,1.7271107935812324e-05,8.635553967906163e-07
7729,0.0003379520326678887,0.0003455223053801329,0.00022646266734227538,1.132313336711377e-05
7730,0.00027774485774441436,0.00027767225232593946,0.0001321700110565871,6.608500552829355e-06
7731,0.00018051903044913494,0.0001796201648862778,8.693747076904401e-06,4.346873538452201e-07
7732,0.00020316991949138674,0.00020046266231194505,3.40491060342174e-05,1.7024553017108702e-06
7733,0.0003026991612347512,0.0002938627221386579,0.0001244025770574808,6.220128852874041e-06
7734,0.00024705045507688017,0.0002360182314421718,5.318892726791091e-05,2.659446363395546e-06
7735,0.00023554504115834378,0.0002238218212249317,2.8072130589862354e-05,1.4036065294931179e-06
7736,0.00022805018883474766,0.00021663957459385296,1.0572710380074568e-05,5.286355190037284e-07
7737,0.00022558078986534112,0.0002146211383635893,8.484743375447579e-06,4.2423716877237895e-07
7738,0.00024391500816892497,0.00023182394522489183,3.995385122834705e-05,1.9976925614173526e-06
7739,0.0002903259104258497,0.00027539878123665105,7.507719419663772e-05,3.7538597098318863e-06
7740,7.485509807686732e-05,6.823286869064324e-05,-0.00014459533849731088,-7.2297669248655445e-06
7741,0.00012418035164616257,0.000122337683920851,-8.094905206235126e-05,-4.047452603117563e-06
7742,0.000263208703893389,0.0002589014966675545,5.667247751262039e-05,2.83362387563102e-06
7743,0.0002839251070301401,0.00027719821100183844,5.539479025173932e-05,2.7697395125869664e-06
7744,0.0003018412737807128,0.0002926910716629774,5.7670778915053234e-05,2.8835389457526618e-06
7745,0.0001245013731305945,0.00012243085688935735,-0.00012919478467665613,-6.459739233832807e-06
7746,1.9895414499803328e-05,2.9299973488295914e-05,-0.00022275546507444233,-1.1137773253722117e-05
7747,-0.0001713714941822567,-0.00014323945598128653,-0.0003811290371231735,-1.9056451856158676e-05
7748,-0.000190681082169525,-0.00014559117536921737,-0.00036911669303663075,-1.8455834651831538e-05
7749,-9.419880275154523e-05,-3.891990561043684e-05,-0.0002593073295429349,-1.2965366477146746e-05
7750,-3.711351967089226e-06,5.37727534412236e-05,-0.00011950406042160466,-5.975203021080233e-06
7751,-0.00013640553366496704,-7.122408776964376e-05,-0.0002393013273831457,-1.1965066369157286e-05
7752,-0.00027626469986608134,-0.00019840057309995182,-0.00035053619649261236,-1.7526809824630617e-05
7753,-0.00018357388138813834,-9.896562268300946e-05,-0.0002487833262421191,-1.2439166312105954e-05
7754,-3.683951176228709e-05,4.643337518425456e-05,-0.00010056938481284305,-5.028469240642153e-06
7755,-0.00010527044804826152,-2.00178753135275e-05,-0.0001710067444946617,-8.550337224733085e-06
7756,-0.00016560061435543793,-7.503285055268657e-05,-0.00024154968559741974,-1.2077484279870987e-05
7757,5.189738095591319e-05,0.00013818908799628521,-5.6700453569646925e-05,-2.8350226784823466e-06
7758,0.0001733309346847762,0.00024995029870567936,5.237691220827401e-05,2.6188456104137005e-06
7759,0.00020538361815092474,0.00027330602758897057,4.240146517986432e-05,2.120073258993216e-06
7760,0.000368273562741454,0.00042327286991852614,0.00013959495117887855,6.979747558943928e-06
7761,0.00015517535768168697,0.00020876585112314,-7.203010318335146e-05,-3.601505159167573e-06
7762,0.0003251573901306889,0.0003699228426141245,8.61526423250325e-05,4.307632116251626e-06
7763,0.00021447999994449632,0.00025529666613130877,1.486395603933488e-06,7.431978019667441e-08
7764,0.0002641284369949484,0.000299413141258233,4.141590397921391e-05,2.0707951989606953e-06
7765,0.00012919576570485372,0.00016577399575869032,-8.65660622366704e-05,-4.328303111833521e-06
7766,2.70855160130235e-05,6.924029258551779e-05,-0.00017022491374518722,-8.51124568725936e-06
7767,2.5577323953632057e-05,7.276770688816813e-05,-0.0001640553236939013,-8.202766184695066e-06
7768,-4.853555392035165e-05,5.656846598215162e-06,-0.00021009355259593576,-1.0504677629796789e-05
7769,-6.223538469192122e-05,-1.6186552945156958e-06,-0.00020814716117456555,-1.0407358058728279e-05
7770,-4.215045861529295e-06,5.941093237683242e-05,-0.00014976630336605012,-7.488315168302507e-06
7771,4.223436747351859e-06,6.972993181584253e-05,-0.00013387938088271767,-6.693969044135884e-06
7772,-0.0001658300443585964,-9.083253571828954e-05,-0.00029086219728924334,-1.4543109864462167e-05
7773,-0.00022124259895144405,-0.00013415639297977087,-0.00035414411104284227,-1.7707205552142115e-05
7774,-8.438662120899616e-05,7.753007464926596e-06,-0.00022983957023825496,-1.1491978511912748e-05
7775,0.0001584500059166066,0.00024298896655764856,1.1713949788827449e-05,5.856974894413725e-07
7776,4.828201404402645e-05,0.00013161430165556544,-0.00011305641237413511,-5.652820618706755e-06
7777,0.00010001091020773085,0.00018076338595102563,-8.265372161986306e-05,-4.1326860809931535e-06
7778,0.0001364398245309158,0.00021375948423186462,-6.139065226307139e-05,-3.0695326131535697e-06
7779,0.00013846663626028083,0.00021337941149658532,-7.638271927135065e-05,-3.819135963567533e-06
7780,8.656194102388752e-05,0.00016105466181131345,-0.00011181054287590086,-5.590527143795044e-06
7781,9.832200613121863e-05,0.00017150743063338062,-9.208877600030974e-05,-4.604438800015487e-06
7782,0.00015340062991015354,0.0002221897646621227,-2.828465585480444e-05,-1.4142327927402222e-06
7783,0.00026182835681432134,0.0003206489683384291,8.820115181151778e-05,4.410057590575889e-06
7784,0.0003660125562621266,0.0004115475492624331,0.00016614609921816736,8.307304960908369e-06
7785,0.000394640959711706,0.0004268818505834297,0.0001836454903241247,9.182274516206236e-06
7786,0.00040839752198034915,0.00042940644509348867,0.0001619281538296491,8.096407691482455e-06
7787,0.00037788416201633035,0.0003902000775230076,0.000129511026898399,6.47555134491995e-06
7788,0.0002782878587795971,0.0002867311611905292,4.855604493059218e-05,2.4278022465296092e-06
7789,0.0002446150670779635,0.00024992187235043127,4.34957655670587e-05,2.174788278352935e-06
7790,0.00017541583838716416,0.00018090070137082557,-1.6059831978054717e-05,-8.029915989027359e-07
7791,0.00015735547759829384,0.00016340890874517425,-2.1470168576342985e-05,-1.0735084288171493e-06
7792,0.0002469165460209202,0.00024880467654917404,7.357190770562738e-05,3.6785953852813694e-06
7793,0.0002830215777322629,0.00027908484179892644,0.0001109462245949544,5.54731122974772e-06
7794,0.00010882470558333307,0.0001080599009928664,-6.173715519253165e-05,-3.0868577596265823e-06
7795,0.0002362001302844407,0.0002326632991177178,5.6832912378013134e-05,2.841645618900657e-06
7796,0.00022784889680956886,0.00022097467767553535,7.07131766830571e-05,3.535658834152855e-06
7797,0.0001584468685453141,0.00015247249601346575,-9.808747563511133e-06,-4.904373781755566e-07
7798,0.00012779833348989592,0.0001245608247016776,-4.58097129012458e-05,-2.2904856450622902e-06
7799,0.00013333418265025308,0.000131577259749083,-2.30587011174066e-05,-1.15293505587033e-06
7800,0.00017124409414399108,0.00016750470701842413,4.385794454719871e-05,2.1928972273599356e-06
7801,0.0002714913189694727,0.0002608683896785181,0.00014290862600319088,7.1454313001595444e-06
7802,0.00014093823017337755,0.00013047638990579345,9.0916728368029e-06,4.54583641840145e-07
7803,0.0001237267716268226,0.00011465029593021425,-1.2847558537032455e-05,-6.423779268516228e-07
7804,0.0001561668110872924,0.00014739504721415604,8.393169082410168e-06,4.1965845412050843e-07
7805,9.91713924572736e-05,9.37513969246016e-05,-5.298599353409372e-05,-2.6492996767046864e-06
7806,8.990519591132682e-05,8.663594164490638e-05,-3.2386680686613545e-05,-1.6193340343306773e-06
7807,6.090975095422283e-05,5.984005557802833e-05,-3.6757777706952766e-05,-1.8378888853476384e-06
7808,1.5672560757648156e-05,1.9369316319221088e-05,-9.152763959718868e-05,-4.576381979859434e-06
7809,-3.995646451989559e-05,-2.921452246866708e-05,-0.00014304911019280553,-7.1524555096402764e-06
7810,-3.525042440943456e-05,-1.879435615837088e-05,-0.00012558058369904757,-6.279029184952379e-06
7811,4.53871708291176e-05,6.18488676229887e-05,-2.0440536900423467e-05,-1.0220268450211735e-06
7812,-7.276420763360887e-05,-5.070221386819829e-05,-0.00013588194269686937,-6.794097134843469e-06
7813,-2.5507993002052403e-05,-1.4775884913442138e-07,-9.671851148596033e-05,-4.835925574298017e-06
7814,9.768678424778429e-06,3.616506055730588e-05,-5.740414053434506e-05,-2.870207026717253e-06
7815,3.6887230462756823e-05,6.232433227340166e-05,-2.065599437628407e-05,-1.0327997188142036e-06
7816,3.2648432754827067e-05,5.870192998376126e-05,-5.226564462645911e-05,-2.6132822313229555e-06
7817,-9.31600503519829e-05,-5.9906478293071936e-05,-0.0001848128595156595,-9.240642975782976e-06
7818,2.423190038392167e-05,5.965259902893485e-05,-9.155547013506293e-05,-4.577773506753147e-06
7819,4.1390884577545295e-05,7.800478253506699e-05,-7.67815436120145e-05,-3.839077180600725e-06
7820,2.0971843483768962e-05,5.970270559138014e-05,-9.811510972213e-05,-4.9057554861065e-06
7821,-8.212878593429927e-05,-3.702172006025788e-05,-0.0001867445680545643,-9.337228402728216e-06
7822,-0.00013066160083706244,-7.786573573865235e-05,-0.0002206774370279163,-1.1033871851395816e-05
7823,-9.061478426113486e-05,-3.2445712519666415e-05,-0.0001849687978392467,-9.248439891962336e-06
7824,-7.607783896020775e-05,-1.3063435756473543e-05,-0.000183903583092615,-9.19517915463075e-06
7825,5.138311693185971e-06,6.936092228411922e-05,-0.00011973540676990524,-5.9867703384952625e-06
7826,-2.1767069176933974e-05,4.5890269958763144e-05,-0.0001689632481429726,-8.44816240714863e-06
7827,-5.863268394488201e-05,1.4350186360264815e-05,-0.00021217073663137853,-1.0608536831568928e-05
7828,2.7015121715925744e-05,0.00010117938826975039,-0.00013673174544237554,-6.836587272118777e-06
7829,-3.628325683682829e-05,4.1723122465522166e-05,-0.0001939349458552897,-9.696747292764485e-06
7830,9.547068750664815e-05,0.0001707751932065861,-6.791424675611779e-05,-3.3957123378058897e-06
7831,0.00015584111691744885,0.00022594471576036594,-1.651610728004016e-05,-8.258053640020081e-07
7832,0.0002420687252512425,0.0003043765553133834,4.1982853872468695e-05,2.099142693623435e-06
7833,0.00020069330975186215,0.0002580554989989809,-4.88683144794777e-06,-2.4434157239738854e-07
7834,0.00011127264391062133,0.00016832524777366664,-8.914375939639285e-05,-4.457187969819643e-06
7835,6.950761836652041e-05,0.0001284185229837501,-0.00012896790576633066,-6.4483952883165335e-06
7836,0.00024290962676867074,0.00029477589864379685,4.8636422434356064e-05,2.4318211217178033e-06
7837,0.00021324417253543773,0.00026131177980777875,-9.617515388526954e-06,-4.808757694263477e-07
7838,0.00022036756313235426,0.00026677528431928813,-4.615935540641658e-05,-2.3079677703208293e-06
7839,0.00014203271945749252,0.00019115722184509079,-0.00012970020179636776,-6.485010089818388e-06
7840,0.00014494059716653918,0.0001954000111247746,-0.00010317527630832046,-5.158763815416024e-06
7841,0.00013254083187066903,0.0001837706082913755,-9.36051583266817e-05,-4.680257916334085e-06
7842,0.00011005023975174694,0.00016297699039269213,-0.00011354257730999961,-5.677128865499981e-06
7843,0.00019011794020348753,0.00024067610088459365,-3.441545777604915e-05,-1.7207728888024576e-06
7844,0.0003152443994932884,0.00035767436297668424,8.224185148719698e-05,4.11209257435985e-06
7845,0.0003588507052490079,0.00039254572347164626,0.00010282735456712544,5.1413677283562725e-06
7846,0.00034761362175235764,0.0003737342682511367,9.13236362976022e-05,4.56618181488011e-06
7847,0.00036971685195628175,0.0003871932651333993,0.00012454607349354774,6.2273036746773876e-06
7848,0.0004587067231115597,0.0004644734851456818,0.00019876312580890954,9.938156290445477e-06
7849,0.0004019424199614462,0.0003999731501444981,0.00013558921637013555,6.779460818506777e-06
7850,0.0003492326975144937,0.0003433295965947145,7.32808475731872e-05,3.6640423786593603e-06
7851,0.0003519993215139217,0.000342670882746827,7.217651727842167e-05,3.6088258639210835e-06
7852,0.00034317373602993947,0.00033126208212296856,6.212212610989809e-05,3.1061063054949045e-06
7853,0.000473985974685103,0.0004535213375016219,0.00018661809735931456,9.330904867965728e-06
7854,0.00047942379959847595,0.00045055006746038534,0.00019399187294766307,9.699593647383153e-06
7855,0.00034719997597380424,0.00031797733390598586,4.486750913201831e-05,2.2433754566009156e-06
7856,0.0004553866539887436,0.0004221496892949562,0.00012312838225625455,6.156419112812728e-06
7857,0.0005269063412710486,0.0004873696744271555,0.00017462483083363622,8.731241541681811e-06
7858,0.0005761938685672363,0.000529089849786039,0.00020830475841648877,1.041523792082444e-05
7859,0.00048143442301469585,0.0004325660309716337,0.00010277221736032516,5.138610868016258e-06
7860,0.00036080243608698425,0.00031594421507540407,-6.984835636103526e-06,-3.492417818051763e-07
7861,0.00040904007979530003,0.00036460659087240576,6.302097608568147e-05,3.1510488042840737e-06
7862,0.0003597689773978515,0.0003174542479802505,2.8077620299882255e-05,1.4038810149941128e-06
7863,0.000333097695718379,0.00029359173780456994,1.1814520803454798e-05,5.907260401727399e-07
7864,7.910587059056529e-05,5.384922684042997e-05,-0.0002206638309871778,-1.103319154935889e-05
7865,0.00013391184104254503,0.00011782912402074703,-0.00013439025497063994,-6.7195127485319975e-06
7866,5.3869179639201865e-05,4.8880946252676956e-05,-0.00018752642790786922,-9.376321395393461e-06
7867,0.00026655077358983553,0.0002618724500411836,1.176999921881361e-05,5.884999609406805e-07
7868,0.0003836309081765092,0.0003732294425460781,0.0001258678239537403,6.293391197687016e-06
7869,0.0005987397260469452,0.0005737486275131139,0.00030624677310697734,1.531233865534887e-05
7870,0.0005529050800725687,0.0005184718099081603,0.00021862590801902115,1.0931295400951058e-05
7871,0.00054300808366714,0.0005021863870617641,0.00017257242870982736,8.628621435491368e-06
7872,0.00046586011457341295,0.0004227767910820653,0.00010197603114647791,5.098801557323896e-06
7873,0.0005547890744876182,0.0005045007522035518,0.00020759958715643734,1.0379979357821867e-05
7874,0.0004854315414008764,0.0004317148831603373,0.00014164159074425697,7.082079537212849e-06
7875,0.0005391969121097229,0.0004798370957767323,0.00019292370416224003,9.646185208112002e-06
7876,0.0004845671462360319,0.0004224287125656709,0.0001437795872334391,7.188979361671955e-06
7877,0.00044881143019610825,0.00038672911028337693,9.289422450819984e-05,4.644711225409992e-06
7878,0.00045449368013475357,0.00039281060838125906,8.819600043352693e-05,4.409800021676347e-06
7879,0.0003268582816996274,0.00027203678549808993,-4.061138679389842e-05,-2.030569339694921e-06
7880,0.0003186620928623118,0.0002697023089071592,-2.7107631467515603e-05,-1.3553815733757802e-06
7881,0.0003628844667128291,0.00031674307797999716,2.558782580308616e-05,1.2793912901543082e-06
7882,0.0005348382297772973,0.0004815207292424079,0.00021962085156701505,1.0981042578350753e-05
7883,0.0005188869701056133,0.00045857350262359963,0.0002207473444286734,1.103736722143367e-05
7884,0.0005237200556397122,0.0004576555310517812,0.00020444733672775328,1.0222366836387665e-05
7885,0.0002810161218051926,0.00022261948029980507,-5.506409070221707e-05,-2.753204535110854e-06
7886,0.00030301675637045935,0.00024998352462679704,-1.3031611160840839e-05,-6.51580558042042e-07
7887,0.0002918480389430438,0.00024343438012814486,-4.911333235213533e-06,-2.4556666176067667e-07
7888,0.000433608513545215,0.00038180475741230135,0.00014821662625763565,7.410831312881783e-06
7889,0.00028150834304799233,0.0002351798491165154,-2.849819793482311e-05,-1.4249098967411555e-06
7890,0.00040186849717701516,0.000355221994768174,8.227806392824277e-05,4.113903196412139e-06
7891,0.0004618623572429729,0.0004118244420035318,0.0001421109918737784,7.1055495936889205e-06
7892,0.0003476385269211898,0.0003003362525535177,2.2237745724851266e-05,1.1118872862425633e-06
7893,0.0005740339659376138,0.0005190864502248696,0.00022821863240096718,1.1410931620048359e-05
7894,0.0006355798462570245,0.0005716647198033702,0.0002614628756418824,1.3073143782094122e-05
7895,0.000589186255031977,0.0005199000416740308,0.00020083437266293913,1.0041718633146957e-05
7896,0.0005814861693613396,0.0005078023482391279,0.0001908960402943194,9.54480201471597e-06
7897,0.0004870302151262323,0.00041455413803846974,8.669884118717164e-05,4.334942059358582e-06
7898,0.0005920440257342,0.0005157315621238869,0.00018943025497719646,9.471512748859823e-06
7899,0.0007282144616077149,0.0006414222619187661,0.00032672780798748136,1.6336390399374067e-05
7900,0.0005732321762075159,0.0004852520996245803,0.00015275673649739474,7.637836824869737e-06
7901,0.0004931622427590073,0.00040769015810124487,8.452501060673967e-05,4.226250530336984e-06
7902,0.0004193845780412194,0.0003383390224549604,4.589122181641869e-05,2.2945610908209347e-06
7903,0.0003290737374474249,0.00025568844991952184,-2.3181330107036047e-05,-1.1590665053518024e-06
7904,0.0005027614365524938,0.0004283507417266522,0.00014141574501991272,7.070787250995637e-06
7905,0.0004334257809158981,0.0003615574479603321,6.757366645615548e-05,3.378683322807774e-06
7906,0.00030359404177855405,0.00024111797468117225,-7.284238381544128e-05,-3.6421191907720644e-06
7907,0.00048320122719234637,0.00041977276352467817,0.00012362725101411343,6.181362550705671e-06
7908,0.00030576172211048885,0.0002504529358744157,-6.08711015956942e-05,-3.04355507978471e-06
7909,0.0002618303063237051,0.00021618529680354358,-0.00010080333595396951,-5.040166797698475e-06
7910,0.00032632827763499217,0.00028460259770469684,1.2470711681089597e-06,6.235355840544799e-08
7911,0.00030897420658994963,0.00027222361936863314,-2.857698200386949e-05,-1.4288491001934746e-06
7912,0.0004365195560054328,0.0003985270532125475,8.760687342146412e-05,4.380343671073206e-06
7913,0.00039882816761855434,0.0003613970408079636,4.963126775692217e-05,2.4815633878461088e-06
7914,0.00038906663440400684,0.00035314229699814524,2.9448543500620872e-05,1.4724271750310436e-06
7915,0.00029776336829982124,0.00026809628841383297,-6.751041655661538e-05,-3.3755208278307695e-06
7916,0.0003855930681221072,0.0003569699278022552,2.9936682039988227e-05,1.4968341019994114e-06
7917,0.0003471832889483256,0.00032059296684172834,6.540921276609879e-06,3.2704606383049396e-07
7918,0.00030770825097714045,0.00028488732173566404,-3.154606747557409e-05,-1.5773033737787047e-06
7919,0.000392478043243427,0.00036967593956642263,3.852424561046064e-05,1.926212280523032e-06
7920,0.0003465310626000871,0.0003264866027241338,-1.815770156099461e-05,-9.078850780497306e-07
7921,0.0004096965510611296,0.0003892085427767367,4.246113894623704e-05,2.1230569473118524e-06
7922,0.00036683521387197333,0.00034749982769977886,9.667732228990644e-06,4.833866114495323e-07
7923,0.0004197663570500692,0.00039885482892375963,6.279173248913139e-05,3.1395866244565696e-06
7924,0.00033073101721726967,0.00031295484154462657,-3.0462368158623576e-05,-1.523118407931179e-06
7925,0.00029176628803017626,0.0002789308401199614,-6.924097397131845e-05,-3.462048698565923e-06
7926,0.0003319681236521382,0.0003209283352736215,-1.2156364391557872e-05,-6.078182195778937e-07
7927,0.00020114970089602757,0.00019754765707665284,-0.0001289631036343053,-6.4481551817152654e-06
7928,0.00010694953890266552,0.00011456657560806052,-0.00021332493633963168,-1.0666246816981584e-05
7929,-2.3117272237675778e-05,2.496791463668236e-07,-0.0003181696811225265,-1.5908484056126326e-05
7930,-4.701623320701475e-05,-8.893962405337879e-06,-0.00031903732451610267,-1.5951866225805136e-05
7931,-2.520781866993028e-05,2.391166084078053e-05,-0.00026622452423907816,-1.3311226211953908e-05
7932,0.0001408103167852635,0.00019172680141262558,-0.00010124826076207682,-5.062413038103841e-06
7933,0.0003903725541575899,0.0004306827870508892,0.00013774953549727798,6.8874767748638994e-06
7934,0.00037708144919560387,0.0004082919048844577,0.00011445323616499081,5.722661808249541e-06
7935,0.0003692728226174608,0.00039361367103189386,8.129399793688208e-05,4.064699896844104e-06
7936,0.00038335178675498666,0.0004021195252457819,6.640438368776813e-05,3.3202191843884067e-06
7937,0.0004125320986327664,0.0004248049714012455,9.446693729842082e-05,4.7233468649210415e-06
7938,0.0003372775813510247,0.00034751076839817634,1.5345942301792093e-05,7.672971150896047e-07
7939,0.0004813776292464471,0.0004829424171540682,0.00015371336485259235,7.685668242629617e-06
7940,0.00042432575252423956,0.00042141442667465156,8.049577445490286e-05,4.024788722745143e-06
7941,0.00021751717987763766,0.00022186172843913563,-0.00014573897351510823,-7.286948675755412e-06
7942,0.00026672284598428013,0.00027578830906015535,-9.887338819680735e-05,-4.943669409840368e-06
7943,0.0002601328932576073,0.0002722653237151804,-7.184184505604208e-05,-3.592092252802104e-06
7944,0.0003684161362593108,0.00037909083563390165,1.3364794540393632e-05,6.682397270196817e-07
7945,0.0003114351630897422,0.00032452438849698087,-6.468475476140156e-05,-3.234237738070078e-06
7946,0.0002898201820807011,0.00030611031854617507,-8.298735338030383e-05,-4.1493676690151915e-06
7947,0.00024103800688841915,0.00026227518063178006,-0.00012200086348457262,-6.100043174228631e-06
7948,5.5620107335386835e-05,9.119198683192067e-05,-0.0003161194617860019,-1.5805973089300095e-05
7949,0.0001203362305820766,0.00016507940304527375,-0.00022919871844351292,-1.1459935922175647e-05
7950,0.00017043508714400534,0.00022022532772422113,-0.00016186195716727525,-8.093097858363764e-06
7951,0.00014653227271712506,0.00020255740571355755,-0.0001963040849659592,-9.81520424829796e-06
7952,0.00027635526316325816,0.00033264360967906687,-8.70049261720851e-05,-4.350246308604256e-06
7953,0.0002496631213644655,0.0003075004946786688,-0.00011684772471198812,-5.8423862355994066e-06
7954,0.000321852608045531,0.00037826483414735943,-6.04442429903429e-05,-3.0222121495171453e-06
7955,0.0001642760678091126,0.00022679717308470062,-0.0002109176857629791,-1.0545884288148955e-05
7956,8.815706820246061e-05,0.00015949991781124965,-0.00027102642343379557,-1.355132117168978e-05
7957,0.0001361262486743858,0.00021168864983362771,-0.00018978181469719857,-9.48909073485993e-06
7958,6.729665323063197e-05,0.00015021216218878025,-0.0002606742491479963,-1.3033712457399816e-05
7959,2.7092942624178715e-05,0.00011879390528173656,-0.00029959986568428576,-1.4979993284214289e-05
7960,2.098203387134172e-06,0.00010316600178177057,-0.00032368258689530194,-1.61841293447651e-05
7961,0.00018347312639802575,0.00028400586602176736,-0.00013949548883829266,-6.9747744419146334e-06
7962,0.0003595823112222685,0.0004504564580741241,3.820409983745776e-05,1.910204991872888e-06
7963,0.00040204093507048116,0.00048196324651102933,7.16231734259054e-05,3.5811586712952704e-06
7964,0.00029621154995144707,0.0003710549111153753,-3.231697337469086e-05,-1.6158486687345432e-06
7965,0.00024023115223840996,0.0003138543438479453,-9.939866868080571e-05,-4.969933434040286e-06
7966,6.571438967227093e-05,0.00014691050922415152,-0.0002702205383684486,-1.3511026918422432e-05
7967,-0.00016661434342697695,-6.769516148086288e-05,-0.0004789111262653023,-2.3945556313265116e-05
7968,3.9211122393279666e-06,0.00010997508053385178,-0.0002865048300009221,-1.4325241500046106e-05
7969,-9.93972249669502e-06,0.00010306211559930179,-0.00029712161631323397,-1.48560808156617e-05
7970,6.360041598827142e-05,0.00017941189622780723,-0.00022631882166024297,-1.131594108301215e-05
7971,-4.40407366968538e-05,7.801101974254791e-05,-0.0003023950266651809,-1.5119751333259046e-05
7972,-6.98349794403689e-05,5.750877437462005e-05,-0.00029261677991598845,-1.4630838995799424e-05
7973,5.327069329278512e-05,0.00017888778684217767,-0.0001606708683539182,-8.03354341769591e-06
7974,0.00013225573189986318,0.000252342671559277,-8.573822560720146e-05,-4.286911280360073e-06
7975,0.00016732206117436166,0.00028029527529691847,-4.930225622956641e-05,-2.4651128114783207e-06
7976,0.00013862640603575483,0.0002468242243514461,-8.734291623113677e-05,-4.367145811556839e-06
7977,8.445738022851643e-05,0.00019101176223816675,-0.0001420131156919524,-7.100655784597621e-06
7978,0.0002906522944743387,0.0003851569722112304,7.075158646330237e-05,3.5375793231651188e-06
7979,0.00024265885518522947,0.00032858997730489257,1.4698603081342299e-05,7.349301540671149e-07
7980,0.0003090431722647477,0.0003844552034888072,6.707764259772375e-05,3.353882129886188e-06
7981,0.0003410963134048824,0.00040417673581311846,0.00011868443834828213,5.9342219174141064e-06
7982,0.00027195753456819225,0.0003266698815838883,5.7250999816460535e-05,2.8625499908230267e-06
7983,0.0003271445839967876,0.0003719842009418213,0.00010228108294541016,5.114054147270508e-06
7984,0.00025140543436035417,0.0002908945518757063,2.7126392524223775e-05,1.356319626211189e-06
7985,0.00027592761736793724,0.0003094441643883127,5.060233888798393e-05,2.5301169443991967e-06
7986,0.00023079371748848412,0.0002611326830227574,4.715576324088033e-06,2.3577881620440168e-07
7987,0.00023534149884256436,0.00026268508947788785,7.98089058662299e-06,3.9904452933114957e-07
7988,0.0002827202244209863,0.0003050331279430646,5.423423499451019e-05,2.7117117497255095e-06
7989,0.0001476244293481293,0.0001723194748860492,-8.701972546987236e-05,-4.350986273493618e-06
7990,0.0001920195897442313,0.000217864679321313,-6.201559881446883e-05,-3.1007799407234416e-06
7991,1.7226139507992504e-05,5.198423434283662e-05,-0.00021825295698363334,-1.0912647849181668e-05
7992,6.275890645968513e-05,0.00010243133155415595,-0.00014730586553923786,-7.365293276961893e-06
7993,0.0001450443883091332,0.00018371825729746668,-3.726677823578939e-05,-1.8633389117894695e-06
7994,0.00015375347920290808,0.0001909793350198581,-3.0447474273387343e-05,-1.5223737136693672e-06
7995,0.00013740539924975712,0.0001749488189830092,-6.518208101624623e-05,-3.2591040508123117e-06
7996,0.0002566596781927156,0.0002879031834781444,6.70795634505339e-05,3.353978172526695e-06
7997,0.00015740704215883226,0.00018793292566966665,-3.8483882235595956e-05,-1.924194111779798e-06
7998,0.000243165968231867,0.0002711056885099324,1.9068913843511837e-06,9.534456921755919e-08
7999,0.00024033422746063277,0.0002654481713128992,1.0363332876295317e-05,5.181666438147658e-07
8000,0.0001538794991216609,0.00018070476941627268,-7.623585406690836e-05,-3.8117927033454183e-06
8001,8.61415411824362e-05,0.0001176180977339437,-0.00013511397992260754,-6.7556989961303776e-06
8002,-1.6059055712620013e-05,2.405910909959151e-05,-0.00021946606284473091,-1.0973303142236546e-05
8003,-0.00012274264824024795,-7.018785427527229e-05,-0.00030571912066079676,-1.528595603303984e-05
8004,-0.00020457815350783743,-0.00013618633314861463,-0.0003899590519722551,-1.9497952598612757e-05
8005,-0.00011884829310463663,-4.0262652450749e-05,-0.0002989352506119758,-1.494676253059879e-05
8006,-5.135548109777841e-05,3.3948108340658874e-05,-0.00024796146317385137,-1.239807315869257e-05
8007,4.8063958889447456e-05,0.00013527709570280362,-0.00016572955064475536,-8.286477532237769e-06
8008,4.05957457967457e-05,0.00013069297510446328,-0.000192736042663455,-9.63680213317275e-06
8009,0.00011896842134300354,0.00020818975525596468,-0.00012269279977772385,-6.1346399888861924e-06
8010,4.9926911935475345e-05,0.00014234834793484875,-0.00020501454127952456,-1.025072706397623e-05
8011,-2.3784362691610883e-05,7.630241598673326e-05,-0.00029781300690956414,-1.4890650345478208e-05
8012,-1.3607486398682582e-05,9.38449111318297e-05,-0.00030064056045375764,-1.5032028022687884e-05
8013,0.00019803556988529515,0.00030137426713377786,-8.075847290456295e-05,-4.0379236452281475e-06
8014,0.00016107546668569714,0.00026273613601206057,-0.00012874935055151582,-6.437467527575791e-06
8015,0.00010638224811749,0.00020934224434974045,-0.00018667614494916052,-9.333807247458027e-06
8016,0.00031902519235784614,0.0004139239862276509,-1.0805047168105375e-07,-5.402523584052688e-09
8017,0.00025907271041197697,0.0003506963423032339,-8.82484091562219e-05,-4.412420457811095e-06
8018,0.00033986694820567704,0.0004255293168010682,-2.8451362595660612e-05,-1.4225681297830308e-06
8019,0.0002735980033275633,0.00035707892211676233,-9.593995491741225e-05,-4.796997745870613e-06
8020,0.0002840746649358871,0.00036534780405607164,-9.019873687066138e-05,-4.509936843533069e-06
8021,0.0003671851390265027,0.0004418578590851175,1.7891845800477313e-06,8.945922900238657e-08
8022,0.0004554066093526515,0.0005185634231682616,0.00010808613296831027,5.404306648415513e-06
8023,0.0004380667406088511,0.000491234129259985,9.178705658996478e-05,4.5893528294982395e-06
8024,0.0002216625179309101,0.0002761649399974163,-0.00011956874368479475,-5.978437184239738e-06
8025,0.00011412085285603582,0.00017519678202583994,-0.00021985384228173643,-1.0992692114086822e-05
8026,0.00013946205829723328,0.00020480483348615187,-0.0001783893385436386,-8.919466927181929e-06
8027,8.369311811879651e-05,0.00015438804733553793,-0.00020602106815204024,-1.0301053407602012e-05
8028,0.00015671272253751592,0.00022891574429019122,-0.00013659910473506898,-6.829955236753449e-06
8029,0.00039376895105066846,0.00045691033578879655,7.048223778838292e-05,3.524111889419146e-06
8030,0.0004908920430017414,0.0005411810746310518,0.00015344613348133862,7.672306674066931e-06
8031,0.0002922829394474952,0.0003409646191197968,-5.6245862651849166e-05,-2.8122931325924583e-06
8032,0.00023840194283821083,0.00028727442878346974,-8.483965211780742e-05,-4.241982605890371e-06
8033,0.00031510589444263285,0.0003602686257216478,-4.198817805445287e-06,-2.0994089027226438e-07
8034,0.0004626649714844263,0.0004969430286269303,0.00014390544674824923,7.195272337412462e-06
8035,0.0005038570645840062,0.0005262963296386448,0.00017531399498693645,8.765699749346823e-06
8036,0.0005247936307233656,0.0005366443185745032,0.00016651104670017958,8.325552335008979e-06
8037,0.000601222273000763,0.0005995940127812043,0.00024078627757262439,1.203931387863122e-05
8038,0.0005921831174760971,0.0005796957696439715,0.0002077646495308727,1.0388232476543635e-05
8039,0.00048181167851785314,0.0004652604916196906,8.980255370261148e-05,4.490127685130574e-06
8040,0.00031077618727184703,0.00029885661427428266,-7.330773951252922e-05,-3.6653869756264613e-06
8041,0.0004307992723535372,0.0004163287668950005,6.997155287535861e-05,3.498577643767931e-06
8042,0.0005094506163925187,0.0004881556844996784,0.00015777593944221735,7.888796972110868e-06
8043,0.0006382054717429565,0.0006056430112603122,0.00025415487471036613,1.2707743735518306e-05
8044,0.0007017443638304179,0.0006558454813056507,0.00030934251844882965,1.5467125922441483e-05
8045,0.0007542840254987546,0.0006932529387840076,0.0003634800959844142,1.8174004799220712e-05
8046,0.0008870571785871557,0.0008067704254778588,0.00046759992255829275,2.337999612791464e-05
8047,0.0008911696884830374,0.0007941611119260332,0.0004438863543327898,2.219431771663949e-05
8048,0.0009781407119032234,0.0008625939496975203,0.0005067462916485965,2.5337314582429826e-05
8049,0.0009698986445454076,0.000839033366054365,0.00047048446140252054,2.3524223070126028e-05
8050,0.0008400467379726886,0.000702219148791451,0.00032897695200517774,1.6448847600258886e-05
8051,0.0007635277724720368,0.0006221127309855115,0.0002780235081445426,1.3901175407227129e-05
8052,0.0006832901574752271,0.0005411189794880867,0.00023119905381463468,1.1559952690731734e-05
8053,0.0006354304581536013,0.0004930890682805319,0.00022395860287360847,1.1197930143680424e-05
8054,0.000636035266876677,0.0004918493314128937,0.0002593209792394191,1.2966048961970956e-05
8055,0.0005766289994415882,0.0004329228668044379,0.00021534116240218282,1.0767058120109142e-05
8056,0.00044618600711075404,0.00030899910340282223,9.504449553787708e-05,4.7522247768938545e-06
8057,0.0005898723404054386,0.0004516038061472591,0.00024092064995784312,1.2046032497892157e-05
8058,0.000668683234722577,0.0005250121747498714,0.0003260429366491735,1.6302146832458675e-05
8059,0.0005686947768046344,0.00042525600573876216,0.00021809656755067408,1.0904828377533705e-05
8060,0.0005752403024686306,0.00043183899026447874,0.00022358197020366788,1.1179098510183395e-05
8061,0.0006722039169080075,0.0005235671861302941,0.0003296100185252726,1.6480500926263632e-05
8062,0.0008276988409724548,0.000667760744701558,0.0004562294343486428,2.2811471717432143e-05
8063,0.000805276793907062,0.0006371024387048365,0.0004079233331140131,2.0396166655700656e-05
8064,0.0010183788333134117,0.0008330132812137232,0.0005999819259159267,2.9999096295796337e-05
8065,0.0009813768197815468,0.0007842505317999329,0.0005130122299306095,2.5650611496530475e-05
8066,0.0008898795274567398,0.0006887292682423185,0.0003779598919209093,1.8897994596045465e-05
8067,0.0008178947718149097,0.0006175565739905706,0.0002926639572251588,1.4633197861257942e-05
8068,0.000738649032779353,0.0005431683454007563,0.0002153304812964052,1.076652406482026e-05
8069,0.0006388550588380615,0.0004513906150335028,0.00014880584785714746,7.440292392857373e-06
8070,0.0005739428750972368,0.0003962349339436075,0.00010493888112250715,5.246944056125358e-06
8071,0.0005561948678399471,0.00038741581702208996,0.00010855816799448803,5.427908399724402e-06
8072,0.0006834426174732563,0.0005160910364140119,0.00024497840786352754,1.2248920393176377e-05
8073,0.0005508329206898127,0.0003916745707179618,0.00010307953198207542,5.153976599103771e-06
8074,0.0005950344896923424,0.0004401988221414869,0.00017002173990476876,8.501086995238438e-06
8075,0.00073623041501631,0.0005772963085807568,0.00033024896401911974,1.6512448200955988e-05
8076,0.0006991989921859848,0.0005397738306014474,0.0002589497889857739,1.2947489449288697e-05
8077,0.0007801208945779999,0.0006169067856412848,0.00032570844632573426,1.6285422316286712e-05
8078,0.0007092291321843521,0.0005456248833067258,0.00026171651552431285,1.3085825776215644e-05
8079,0.0006579549931690519,0.0004968379977717016,0.00020606923499144614,1.0303461749572307e-05
8080,0.0007881969945891709,0.0006224691037731251,0.00034634352778084576,1.731717638904229e-05
8081,0.0007816664744257977,0.0006128709452364477,0.00031930964905768633,1.5965482452884318e-05
8082,0.0008921998049676478,0.0007165481529213533,0.0003995208244305104,1.997604122152552e-05
8083,0.001024623758004607,0.0008366490365678451,0.0005172122037038207,2.5860610185191037e-05
8084,0.0010454052654963481,0.0008469068793707777,0.0004963777610100806,2.481888805050403e-05
8085,0.0010057388766295727,0.0008009491300277407,0.00042773628956638277,2.138681447831914e-05
8086,0.0009028622059411702,0.0006967628558870516,0.0003403220616746694,1.701610308373347e-05
8087,0.0008749339919802972,0.0006690054970071434,0.0003166522365063429,1.5832611825317145e-05
8088,0.0009329642213986626,0.0007244946591948825,0.0003729934396687895,1.8649671983439478e-05
8089,0.0007693767667650728,0.0005670898604974493,0.00020178905106149614,1.0089452553074807e-05
8090,0.0007649659587347612,0.0005678894131505005,0.00021648185793310404,1.0824092896655202e-05
8091,0.0008056590029006509,0.0006092597189203395,0.0003002700686920434,1.5013503434602173e-05
8092,0.0008222975230965039,0.0006255391507209955,0.0003177140315528959,1.5885701577644797e-05
8093,0.0007205298894071948,0.0005286656405996119,0.00021174439461901784,1.0587219730950893e-05
8094,0.0008273791856495673,0.0006347768328579771,0.00031929186661727726,1.5964593330863863e-05
8095,0.0008536289721853231,0.0006582010478901156,0.000359810859663412,1.7990542983170598e-05
8096,0.0008758548589185945,0.0006758079064225234,0.000397953117499128,1.98976558749564e-05
8097,0.0007232869993033749,0.0005272932696572399,0.00022986053954809904,1.1493026977404953e-05
8098,0.000854951277965031,0.000657385678462633,0.00034047194640152156,1.7023597320076077e-05
8099,0.0007331705603210806,0.0005403430667023736,0.00021507633209694177,1.0753816604847089e-05
8100,0.000653584542804349,0.00046933176611237305,0.0001340513990726322,6.70256995363161e-06
8101,0.0005628585088238563,0.000390931206350084,4.907220500172116e-05,2.453610250086058e-06
8102,0.0006517890982961794,0.00048520004153883967,0.00017304520588368177,8.65226029418409e-06
8103,0.0005650184576577894,0.00040657152997306776,0.00010576094064163044,5.288047032081522e-06
8104,0.00038046178423077593,0.0002375122939689253,-5.3530184231931344e-05,-2.676509211596567e-06
8105,0.00029789964952219895,0.00017149616118225622,-9.420071000931785e-05,-4.710035500465893e-06
8106,0.00038284948942832994,0.0002668114204320849,5.823551873618271e-06,2.911775936809136e-07
8107,0.00016698333730617049,7.055555078168787e-05,-0.00019814609549939632,-9.907304774969817e-06
8108,0.0002206938571297933,0.00013844098738701675,-0.00011576155520742759,-5.78807776037138e-06
8109,0.00016162773503035962,9.36520197233765e-05,-0.0001416218001395464,-7.08109000697732e-06
8110,1.6629140714661426e-05,-3.234606227346234e-05,-0.0002590460062492639,-1.2952300312463195e-05
8111,0.0001716890614969273,0.00013171893923103893,-8.63519890117459e-05,-4.317599450587295e-06
8112,8.150753981852933e-05,5.327845362639424e-05,-0.00016020833572838455,-8.010416786419228e-06
8113,0.0002796485539374972,0.00025212863224398596,4.172105764155276e-05,2.086052882077638e-06
8114,0.000303012099009702,0.0002750118426572557,5.7676745200296864e-05,2.8838372600148433e-06
8115,0.0003808415954984874,0.0003499709014288884,0.00010295268293702975,5.147634146851488e-06
8116,0.00035192016509703406,0.00032105016657550304,4.73517611681018e-05,2.36758805840509e-06
8117,0.00037969068948524734,0.00034841066625820194,5.626133497571573e-05,2.8130667487857864e-06
8118,0.0002977071847085579,0.00027022566052219995,-2.7245554520050064e-05,-1.3622777260025034e-06
8119,0.00038846440658801064,0.00036042348475466785,5.6478242186130956e-05,2.823912109306548e-06
8120,0.00033740282032936584,0.00031223794248794304,-1.2999247701372951e-05,-6.499623850686476e-07
8121,0.0003652829626825565,0.0003418079792407642,7.6380638347473e-06,3.81903191737365e-07
8122,0.0003043923665595195,0.0002846290850985696,-3.5617271350929514e-05,-1.7808635675464758e-06
8123,0.0003721489304436151,0.00035223586124852796,3.693234975798987e-05,1.8466174878994936e-06
8124,0.00040440649649270584,0.0003837021400423461,4.8120087740244344e-05,2.4060043870122174e-06
8125,0.0004806852849332307,0.0004575359138502216,8.133553637890145e-05,4.066776818945073e-06
8126,0.0004767767234420086,0.00045301113697715723,4.718700438388623e-05,2.3593502191943116e-06
8127,0.0005355749209152853,0.0005093727024623099,8.512076601618901e-05,4.256038300809451e-06
8128,0.00048652423370863155,0.000461475027349365,1.627604251552839e-05,8.138021257764194e-07
8129,0.0005074129133051353,0.00048350929214748656,1.643132600293029e-05,8.215663001465146e-07
8130,0.00041567882735166044,0.00039828029234292546,-9.186825627693906e-05,-4.593412813846954e-06
8131,0.0003002093834975914,0.00029386459975857404,-0.00018958054715767503,-9.479027357883752e-06
8132,0.00029678026816742323,0.0002989412535527571,-0.00015192601131275296,-7.596300565637649e-06
8133,0.0005428198198220558,0.0005393897119555721,0.00011667169019347057,5.833584509673528e-06
8134,0.00045931306116137527,0.0004544685660919421,3.347017991472967e-05,1.6735089957364836e-06
8135,0.0005992695710907974,0.0005865120065722047,0.00016494396550115198,8.2471982750576e-06
8136,0.0005668341363197874,0.0005485649787082994,0.0001251694920938462,6.258474604692311e-06
8137,0.0006927195251476638,0.0006632831951581839,0.00024678491172380745,1.2339245586190373e-05
8138,0.0006790932089443647,0.0006397850563588717,0.00023496724315918982,1.1748362157959492e-05
8139,0.0006261528703458651,0.000580202402497594,0.0001853423600550741,9.267118002753705e-06
8140,0.0006235288782227705,0.0005712017724653934,0.00019219343084841967,9.609671542420985e-06
8141,0.0005792573676651801,0.0005239991757403325,0.00013411934196483344,6.705967098241673e-06
8142,0.0005045463907890915,0.00045090935119576506,5.0059432396665215e-05,2.502971619833261e-06
8143,0.0005854861982253806,0.0005281959421800102,0.00015664096281398088,7.832048140699044e-06
8144,0.0004071522125591731,0.00035571189212082826,-2.9457583877956495e-05,-1.4728791938978248e-06
8145,0.0004798481832418912,0.0004298309645111634,5.491424599313177e-05,2.7457122996565887e-06
8146,0.0006610614649010071,0.0006024460953020153,0.00025236690999008715,1.2618345499504359e-05
8147,0.0005813042238551485,0.0005189620078467057,0.00016215260257013142,8.10763012850657e-06
8148,0.0006303746510886752,0.000562319737142771,0.00020824233070015907,1.0412116535007955e-05
8149,0.00048622859848897014,0.0004203824801210705,5.779253478976898e-05,2.889626739488449e-06
8150,0.0004997540896418086,0.00043573694101056324,6.629285780945793e-05,3.3146428904728967e-06
8151,0.00040057191348607363,0.00034310905461440395,-2.9643892048625275e-05,-1.482194602431264e-06
8152,0.0005023825903485762,0.0004448963203235419,9.500083979219198e-05,4.7500419896095995e-06
8153,0.0004677040535001239,0.0004118950469605168,5.837096250616014e-05,2.918548125308007e-06
8154,0.0005602759970143441,0.0005016594992457987,0.00014543838915415108,7.271919457707554e-06
8155,0.0006843636650039089,0.0006167683618212133,0.00027058651903644204,1.3529325951822103e-05
8156,0.000675422228115031,0.0006012005567457749,0.00023291213437914848,1.1645606718957424e-05
8157,0.0006182964947699293,0.0005418466868307713,0.00015496110427193344,7.748055213596672e-06
8158,0.0007575189204063025,0.0006715535601704761,0.0003066973586101085,1.5334867930505426e-05
8159,0.0009241365123749067,0.0008206494325363134,0.00047834563883952796,2.39172819419764e-05
8160,0.001001056289169852,0.000878820236989456,0.0005243030027486384,2.621515013743192e-05
8161,0.0009518823357390275,0.0008158958357753611,0.0004507128905970603,2.253564452985302e-05
8162,0.0008420850554123376,0.0007002579137795817,0.00031594219035468996,1.57971095177345e-05
8163,0.0008896674334666698,0.0007399592637489094,0.0003713677579071373,1.8568387895356866e-05
8164,0.000834727526374174,0.0006791575738068508,0.0003442173183429986,1.721086591714993e-05
8165,0.0007973654126700575,0.000637976314733161,0.0003141103370580822,1.5705516852904113e-05
8166,0.0007340882671198865,0.0005741533535444183,0.00025645591085776687,1.2822795542888344e-05
8167,0.0006445066017498107,0.000489274781930167,0.00015499159053433686,7.749579526716844e-06
8168,0.0006162602139578681,0.0004662697728504507,0.00014100228145252913,7.050114072626457e-06
8169,0.0006697356910470725,0.0005204367326488499,0.00022568053100258112,1.1284026550129056e-05
8170,0.0007052411312400145,0.0005539881238721776,0.0002755059686023742,1.377529843011871e-05
8171,0.0007638474016274237,0.0006081860068856731,0.00032531129545532167,1.6265564772766085e-05
8172,0.0006899591195364483,0.0005349773055325919,0.000228106087888591,1.140530439442955e-05
8173,0.0007076037476438261,0.0005521719449976586,0.0002517772663850337,1.2588863319251688e-05
8174,0.0006853472008058507,0.0005291927394860604,0.0002580799628049135,1.2903998140245676e-05
8175,0.0006882418980135117,0.0005307563403551164,0.0002712746791075915,1.3563733955379577e-05
8176,0.0006219946282408583,0.0004666929849517969,0.00020265858620405197,1.01329293102026e-05
8177,0.0007686608758599271,0.000608102049265404,0.00035000365460291505,1.7500182730145754e-05
8178,0.0009122186396536078,0.0007394568239375702,0.0004934593453072011,2.467296726536006e-05
8179,0.0010711481906526441,0.0008798728962593676,0.000633249816019088,3.1662490800954406e-05
8180,0.0009181863119566312,0.0007200085319469545,0.0004241903079673648,2.120951539836824e-05
8181,0.0009103530484537959,0.0007071031866426609,0.0004031296703033149,2.0156483515165746e-05
8182,0.000817340474121983,0.0006136340651158492,0.00032168158213607967,1.6084079106803983e-05
8183,0.0006301401360868234,0.00043494300163990563,0.0001469575217925012,7.347876089625061e-06
8184,0.0006508616526756942,0.00046021494177990755,0.00021962782193440944,1.0981391096720473e-05
8185,0.0006246616468322262,0.0004386811737444761,0.00021040861611254513,1.0520430805627257e-05
8186,0.0006304590179588856,0.00044844987909014775,0.00021713999740313739,1.085699987015687e-05
8187,0.0007032037196343832,0.0005205407177123983,0.00030305111431516707,1.5152555715758354e-05
8188,0.0007230646364495733,0.0005386860763723284,0.00032240155269391835,1.6120077634695918e-05
8189,0.0007242984779172842,0.0005388776290251548,0.0003098822198808193,1.5494110994040965e-05
8190,0.000702506173732831,0.0005170781261571643,0.00029055363847874105,1.4527681923937054e-05
8191,0.0008896956074887176,0.0006946542843824115,0.00048320667701773345,2.4160333850886673e-05
8192,0.0009838432338341442,0.0007750486454312673,0.0005755421007052064,2.877710503526032e-05
8193,0.000983035849181828,0.0007623683538224743,0.0005549289635382593,2.7746448176912965e-05
8194,0.0010072567512736973,0.0007755945597888612,0.0005553821683861315,2.7769108419306578e-05
8195,0.001048443396955951,0.0008055574635601165,0.0005775188328698277,2.887594164349139e-05
8196,0.0008851147060509443,0.0006410236557164765,0.0003947481163777411,1.9737405818887058e-05
8197,0.0007732014253322095,0.0005336717573969291,0.0002873113553505391,1.4365567767526955e-05
8198,0.0005851973747360799,0.00035773127201992023,0.00013585443957708776,6.792721978854389e-06
8199,0.0004903218108284277,0.0002773717536426387,7.455364539055154e-05,3.727682269527577e-06
8200,0.0005300017156809307,0.0003257787517148168,0.00017156089597847313,8.578044798923656e-06
8201,0.0005440595248733478,0.00034622332612812445,0.00020272495748940855,1.0136247874470428e-05
8202,0.0005051968649796444,0.000315278155476988,0.00015993526903912425,7.996763451956213e-06
8203,0.0003994733803946379,0.00022211856870874382,5.4670243116561323e-05,2.7335121558280665e-06
8204,0.00042031023271711177,0.00025293476997549635,8.945185982156545e-05,4.4725929910782725e-06
8205,0.00047927941292807145,0.0003181713272518582,0.00014754448784515262,7.377224392257631e-06
8206,0.00047083063895302335,0.0003155143332596638,0.0001448044931748882,7.24022465874441e-06
8207,0.0004646212074101074,0.00031436717786608473,0.00014909205492585897,7.454602746292949e-06
8208,0.0004932902796526801,0.0003455749094475362,0.00019071469432674348,9.535734716337175e-06
8209,0.0004330729058214178,0.0002896949940100766,0.00014889388694427907,7.444694347213954e-06
8210,0.0003606800613536255,0.00022321041059021,0.00011103448196081445,5.5517240980407225e-06
8211,0.0004296350438887481,0.0002935059751707467,0.00019419114687480032,9.709557343740017e-06
8212,0.0003056443799538254,0.00017548084687122435,9.725968993734568e-05,4.862984496867284e-06
8213,0.000365980412067924,0.00023882728312947594,0.00014887792349327356,7.443896174663678e-06
8214,0.00038179691169618464,0.0002564836402550333,0.00016650755424052477,8.325377712026238e-06
8215,0.00046724438024974414,0.00033886389203724703,0.00026065463316626847,1.3032731658313423e-05
8216,0.0005808561142644831,0.00044377947278130043,0.00037468530354090035,1.873426517704502e-05
8217,0.00044957712303581347,0.00031151486218155525,0.00022947149409446865,1.1473574704723433e-05
8218,0.00045647263274872123,0.00031663499767547895,0.0002496599336154759,1.2482996680773795e-05
8219,0.0004078641389898934,0.00026907028003787564,0.0001966785785043612,9.833928925218062e-06
8220,0.00040153290368180844,0.0002639778897017417,0.00019306321337353438,9.65316066867672e-06
8221,0.0004519173395835176,0.00031347817561162714,0.00023442968085873872,1.1721484042936936e-05
8222,0.0004012645249790594,0.00026387862582740606,0.00019612206961028278,9.80610348051414e-06
8223,0.00038336599778164115,0.00024698355124921814,0.0001962641254067421,9.813206270337105e-06
8224,0.000570917980918692,0.00042643680982350376,0.000377007236238569,1.885036181192845e-05
8225,0.0006773048663450472,0.0005221222293248485,0.00043642762466333807,2.1821381233166905e-05
8226,0.000656935474342337,0.0004940027359155275,0.00039060277049429715,1.953013852471486e-05
8227,0.0006443197884692455,0.0004758499447052668,0.00035890957224182785,1.7945478612091394e-05
8228,0.0004875198321199738,0.0003234070665757139,0.00017120142001658678,8.560071000829339e-06
8229,0.0005850390598204302,0.00042203053130402275,0.00023591506760567427,1.1795753380283713e-05
8230,0.0005141183439229508,0.00035485365203433963,0.0001819199969759211,9.095999848796054e-06
8231,0.0005343518975997639,0.00037716814802152206,0.00021108381042722613,1.0554190521361307e-05
8232,0.00035157690632278525,0.00020566629997423246,2.3655809854972176e-05,1.182790492748609e-06
8233,0.00010618454044959069,-1.7754752656453448e-05,-0.00020262057660147548,-1.0131028830073774e-05
8234,0.00019965111879969758,8.941481807577685e-05,-6.328717427095398e-05,-3.1643587135476993e-06
8235,0.0001756359587432049,7.754326402781637e-05,-5.5346114095300436e-05,-2.767305704765022e-06
8236,9.979540425588112e-05,1.5298124394006907e-05,-0.00010505080717848614,-5.252540358924307e-06
8237,0.0002051156357221919,0.000126892709571446,2.0277240764698945e-05,1.0138620382349473e-06
8238,0.0002177876976735177,0.00014372016578958718,4.8508376494282857e-05,2.425418824714143e-06
8239,0.00023649518704216114,0.00016648493234484965,4.103256287635304e-05,2.051628143817652e-06
8240,0.00017636123373336335,0.00011365492560985236,-3.14447061100509e-05,-1.572235305502545e-06
8241,0.0002311022584157682,0.00017271861753651675,1.820866236812435e-05,9.104331184062176e-07
8242,0.0002580265126270018,0.00020193899763072098,5.073397187516093e-05,2.5366985937580467e-06
8243,0.00031933501344109705,0.00026170058581962357,0.00012230781430844218,6.115390715422109e-06
8244,0.0004212158745544281,0.0003571992272303412,0.00021849627955816686,1.0924813977908343e-05
8245,9.150795647768464e-05,3.780150773963921e-05,-0.00010935392492683604,-5.467696246341803e-06
8246,0.00011732941515780097,7.142276167381315e-05,-6.686396227451041e-05,-3.343198113725521e-06
8247,0.0001678805160097929,0.00012579255665445154,2.2379224446922308e-06,1.1189612223461155e-07
8248,0.00011699319969676745,8.043829723970009e-05,-3.9774877222953364e-05,-1.9887438611476682e-06
8249,0.0003816971827876795,0.0003384496060455521,0.00019641732797026634,9.820866398513318e-06
8250,0.00042434930258235216,0.000372166399846257,0.0002445887657813728,1.222943828906864e-05
8251,0.0002649881470693345,0.00021349788659004443,6.197138282004744e-05,3.098569141002372e-06
8252,0.00037628871047600253,0.0003205896424577166,0.00016312545631080866,8.156272815540434e-06
8253,0.00037865205748060897,0.00031808919354069196,0.0001815048308344558,9.075241541722789e-06
8254,0.0003901963692788016,0.00032490217141870693,0.00018559402087703347,9.279701043851675e-06
8255,0.0004606726911463041,0.0003876955451407281,0.0002517933608032763,1.2589668040163815e-05
8256,0.00048238053653133913,0.0004009407979574656,0.00027758246869780123,1.3879123434890063e-05
8257,0.00034065016089308473,0.00025766693267567273,0.00015131055261008441,7.565527630504221e-06
8258,0.0003365410113686019,0.0002513338396476614,0.00017104372091125697,8.552186045562848e-06
8259,0.00042982261111647704,0.00033738832598640463,0.0002756053290795535,1.3780266453977675e-05
8260,0.0004064215176389483,0.00030704451118093934,0.0002786517725326121,1.3932588626630605e-05
8261,0.0005022093583866709,0.0003921919738634372,0.00036268113763071597,1.81340568815358e-05
8262,0.0003514760829638535,0.00024019159191445048,0.00018939422443509102,9.469711221754552e-06
8263,0.00046589933641062557,0.0003486573273461873,0.00028984827804379165,1.4492413902189584e-05
8264,0.00043309562994222673,0.0003112369849738623,0.000271352706477046,1.3567635323852301e-05
8265,0.0004889316220431995,0.0003603538386879913,0.00032106335856951773,1.6053167928475887e-05
8266,0.0005454822734159602,0.000408593150072106,0.00036235645529814065,1.8117822764907033e-05
8267,0.0005524022321364872,0.00040889990473822363,0.00034007165231741965,1.7003582615870983e-05
8268,0.0005887841360989856,0.0004388267869045346,0.00034778870758600533,1.738943537930027e-05
8269,0.0005943811027226804,0.00043876264751440807,0.00034233301994390786,1.7116650997195394e-05
8270,0.0006083306136149611,0.00044653073055309967,0.0003622163785621524,1.811081892810762e-05
8271,0.000571110625164444,0.0004057380799087107,0.0003196618927177042,1.598309463588521e-05
8272,0.0006173794667403674,0.00044685933468048284,0.00035830357228405774,1.7915178614202886e-05
8273,0.0006717860272332195,0.0004940479361140462,0.0004074367752764374,2.037183876382187e-05
8274,0.000569400454376397,0.0003892839399862601,0.0003206042747478932,1.6030213737394663e-05
8275,0.0005488199674331813,0.0003671304714753095,0.00031060812762007117,1.553040638100356e-05
8276,0.0004900482022628796,0.00031034572909890425,0.00024326994025614113,1.2163497012807057e-05
8277,0.0003118716831667101,0.0001426979430429465,7.198184175649658e-05,3.599092087824829e-06
8278,0.0003204222701968319,0.00015839996913458163,0.00012913299724459648,6.4566498622298246e-06
8279,0.000205042375665478,5.434149770841278e-05,3.48202302120626e-05,1.74101151060313e-06
8280,9.288673734596604e-05,-4.2302177407505586e-05,-6.414989911718294e-05,-3.207494955859147e-06
8281,-0.000130882530554154,-0.0002422326951830473,-0.00025063412613235414,-1.2531706306617708e-05
8282,-0.0002981224777921548,-0.000381648166682145,-0.00036067867767997086,-1.8033933883998543e-05
8283,-0.00022195562526652215,-0.000285931289598389,-0.00023346250236500055,-1.1673125118250028e-05
8284,-0.0003095522879672487,-0.0003545303836201892,-0.00025576315238140523,-1.2788157619070262e-05
8285,-0.00028845118338749953,-0.0003179881332766658,-0.0002156414557248354,-1.078207278624177e-05
8286,-0.0003731380370969856,-0.00038528463988023306,-0.0002813446626532823,-1.4067233132664115e-05
8287,-0.0004849808750009322,-0.0004763254440948581,-0.00037661968963220716,-1.883098448161036e-05
8288,-0.00040024026568142527,-0.0003773354415218755,-0.0002761240757536143,-1.3806203787680717e-05
8289,-0.0003961039604079085,-0.0003614143675160559,-0.0002524257288314402,-1.2621286441572012e-05
8290,-0.00024922475723481157,-0.00020976942913778404,-0.00013339657743927091,-6.669828871963546e-06
8291,-0.00027047783825196527,-0.00022644526072685222,-0.00014256223221309483,-7.128111610654742e-06
8292,-0.00020420672603324618,-0.000158135497454236,-0.00010134574404219165,-5.067287202109583e-06
8293,-0.00011544140183020558,-7.122358478189095e-05,-2.931239941972308e-05,-1.465619970986154e-06
8294,-0.00011650852556930902,-7.389572426447249e-05,-3.4871143725467846e-05,-1.7435571862733924e-06
8295,-5.827673362874699e-05,-1.8962742517194146e-05,1.7175193534058053e-07,8.587596767029027e-09
8296,1.9599280671168012e-05,5.269476434783493e-05,6.20612918282859e-05,3.1030645914142952e-06
8297,0.00013479838706886006,0.00015877114143542112,0.00012738937221001834,6.3694686105009175e-06
8298,-1.7588680260627523e-05,6.558338772983491e-06,-4.702037767856382e-05,-2.351018883928191e-06
8299,7.235811116283728e-05,9.236312014344665e-05,4.344628905528225e-05,2.1723144527641125e-06
8300,0.00011238486225922244,0.0001250659545928681,0.00011260961036896333,5.630480518448167e-06
8301,0.00013876583692297914,0.00014392206792909477,0.00012579979375004768,6.289989687502385e-06
8302,7.145097587757963e-05,7.393730348253937e-05,3.948891026084311e-05,1.974445513042156e-06
8303,6.60644226972307e-05,6.740377924576476e-05,1.573331974213943e-05,7.866659871069715e-07
8304,5.1317605549158014e-05,5.143811919182311e-05,2.0839381249970756e-05,1.041969062498538e-06
8305,-6.341494613990369e-05,-6.057883927416517e-05,-5.526526001631282e-05,-2.7632630008156414e-06
8306,-0.00010063199016947386,-9.542577881128005e-05,-5.001578028895892e-05,-2.500789014447946e-06
8307,-0.00030837622028676205,-0.00029205717864011136,-0.00022782559972256422,-1.1391279986128212e-05
8308,-0.00022087563585235028,-0.00019834035902609426,-0.0001418742904206738,-7.09371452103369e-06
8309,-0.0001319480318815755,-0.00010839004839263147,-4.870216434937902e-05,-2.435108217468951e-06
8310,-9.40405741417646e-05,-7.048348008837698e-05,-3.340101466164924e-05,-1.6700507330824623e-06
8311,-4.957433206771906e-05,-2.7927590248978954e-05,2.7225680696574273e-06,1.3612840348287137e-07
8312,-5.2866809898769975e-05,-3.240029098437815e-05,-1.0898514119617175e-05,-5.449257059808588e-07
8313,-6.958949161815368e-05,-4.97223753482042e-05,-2.107372711179778e-05,-1.0536863555898891e-06
8314,-6.340556746504088e-05,-4.485658738473913e-05,-5.6438148021698e-06,-2.8219074010849e-07
8315,-2.208068447931127e-05,-6.4010885379771785e-06,2.6991834602085873e-05,1.3495917301042937e-06
8316,-0.00016532430254071202,-0.0001454142293014244,-0.0001116654384532012,-5.5832719226600606e-06
8317,-0.0002113236232397646,-0.00018424191569774498,-0.00017339711484964937,-8.66985574248247e-06
8318,-4.065879659697184e-05,-1.483008231931413e-05,-1.3082952136755921e-05,-6.541476068377961e-07
8319,1.6814706527482907e-05,3.855779933235722e-05,4.156185968895443e-05,2.0780929844477213e-06
8320,-6.736313702412322e-05,-4.431013048632381e-05,-6.323382694972679e-05,-3.16169134748634e-06
8321,-1.745226989541009e-05,5.630507068673812e-06,-3.780232145800255e-05,-1.8901160729001277e-06
8322,3.761594694404175e-05,5.9279670911864414e-05,-9.009843779494986e-06,-4.504921889747493e-07
8323,5.3449373630722426e-05,7.324740697467838e-05,1.1461299891379895e-06,5.730649945689948e-08
8324,8.195596585413565e-05,9.87939540156564e-05,2.5234792701667175e-05,1.2617396350833589e-06
8325,0.00017281473178425827,0.00018300986599826085,0.00010254013614030555,5.127006807015278e-06
8326,1.2229599323338247e-05,2.461960510150069e-05,-6.641118670813739e-05,-3.3205593354068697e-06
8327,8.342502104757382e-05,9.509234047184438e-05,-7.258382538566366e-06,-3.6291912692831833e-07
8328,0.00010716242027930553,0.00011579686790292925,3.9907808968564495e-05,1.9953904484282248e-06
8329,0.00010491782809964072,0.00011143186445076162,2.4937033231253736e-05,1.246851661562687e-06
8330,4.616924799285281e-05,5.343527643054682e-05,-2.922557177953422e-05,-1.461278588976711e-06
8331,0.0001281643413870065,0.0001324787650074136,4.5343047531787306e-05,2.2671523765893652e-06
8332,9.625669380206533e-05,9.83963482014007e-05,3.284473132225685e-05,1.6422365661128426e-06
8333,0.00015013336917202256,0.00014870431659505016,6.398701953003183e-05,3.1993509765015916e-06
8334,0.0001899146700345407,0.00018398681699016193,8.730551780899987e-05,4.365275890449994e-06
8335,0.00013635362761109404,0.00012915789410656133,2.8879188903374597e-05,1.44395944516873e-06
8336,0.0001091389702548793,0.0001028745172424037,-1.1480061402835418e-05,-5.740030701417709e-07
8337,8.087569387758503e-05,7.792776335516645e-05,-5.868043444934301e-05,-2.9340217224671505e-06
8338,5.957054923406828e-05,6.07928212552211e-05,-7.876959716668352e-05,-3.938479858334177e-06
8339,2.591765496331901e-05,3.2994513058258546e-05,-0.00011766231182264164,-5.883115591132082e-06
8340,-2.4070698391581144e-05,-8.766867161914909e-06,-0.0001728093484416604,-8.64046742208302e-06
8341,6.315077666581687e-05,8.20243195384857e-05,-9.06512068468146e-05,-4.53256034234073e-06
8342,-7.659257034515545e-05,-4.800452708110906e-05,-0.00022128246200736612,-1.1064123100368306e-05
8343,-0.00012909506510480083,-8.959204989106864e-05,-0.00025778848794288933,-1.2889424397144467e-05
8344,-0.00016933935346902164,-0.00011891896497459391,-0.00027335950289852917,-1.366797514492646e-05
8345,-0.00012634641206155713,-6.822146977934627e-05,-0.00022582680685445666,-1.1291340342722833e-05
8346,-9.716015139940848e-05,-3.51571509761343e-05,-0.00016339011199306697,-8.169505599653349e-06
8347,-7.191086925844e-05,-8.730531154784828e-06,-0.00011876444477820769,-5.938222238910385e-06
8348,0.0001237091282043407,0.00017796573769841606,7.828239176888019e-05,3.914119588444009e-06
8349,9.156986313492058e-05,0.0001388229596100046,4.6430508518824354e-05,2.321525425941218e-06
8350,0.00015380337788329173,0.0001933764694864081,6.907870556460693e-05,3.4539352782303467e-06
8351,0.00014118163908772064,0.00017426546078240653,5.604902980849147e-05,2.8024514904245734e-06
8352,8.775794449989658e-05,0.00011777355344068293,-2.081253796859528e-06,-1.0406268984297641e-07
8353,0.0002079283925965249,0.00023049464962965425,9.233436867361888e-05,4.616718433680945e-06
8354,9.201635580533308e-05,0.00011258124310772834,-6.886399205541238e-06,-3.4431996027706195e-07
8355,4.518922937942242e-05,6.616426323261667e-05,-4.953372263116762e-05,-2.476686131558381e-06
8356,1.4486769464502934e-05,3.686506569485995e-05,-6.774314533686265e-05,-3.387157266843133e-06
8357,0.00015665866971116706,0.0001738296661921738,6.365025183185935e-05,3.1825125915929676e-06
8358,6.231972661013653e-05,7.93220696598235e-05,-3.244646723032929e-05,-1.6223233615164646e-06
8359,3.328313112565064e-05,5.164094977449189e-05,-6.104518979554996e-05,-3.052259489777498e-06
8360,-0.00010589960174279753,-8.05411779704282e-05,-0.00017461540119256824,-8.730770059628413e-06
8361,-8.60107804588567e-05,-5.580129144823597e-05,-0.00013877431047149003,-6.938715523574502e-06
8362,-4.5497514004672696e-05,-1.3139746578943487e-05,-9.227627015206963e-05,-4.613813507603482e-06
8363,4.282999479647018e-06,3.602951480073422e-05,-4.218365575070493e-05,-2.1091827875352465e-06
8364,-3.3545598487982e-05,-6.980332782174449e-07,-7.790682866470888e-05,-3.895341433235444e-06
8365,9.143886862018285e-05,0.00011897969528605861,4.8488265747437254e-05,2.4244132873718628e-06
8366,0.0001664733354949806,0.00018543954665389232,0.00011821815132861957,5.910907566430979e-06
8367,7.743185306712922e-05,9.324547817810488e-05,1.9698283722391352e-05,9.849141861195677e-07
8368,7.010048582824184e-05,8.234758798130285e-05,3.476554047665559e-05,1.7382770238327794e-06
8369,0.00012943969511079503,0.00013446711775195064,0.00011383649689378217,5.691824844689109e-06
8370,0.0001328086510015406,0.0001312768761753547,0.00010991102317348123,5.495551158674062e-06
8371,0.00015866722752957727,0.00015000563143708799,0.00013124338875059038,6.56216943752952e-06
8372,0.00021337479437699656,0.00019708914752946844,0.00015187234384939075,7.593617192469538e-06
8373,0.00014355428829089436,0.00012429929950056012,7.034686132101342e-05,3.517343066050671e-06
8374,0.00015845943426661104,0.0001373919734096498,5.458573650685139e-05,2.7292868253425696e-06
8375,7.115111583678282e-05,5.36019232232186e-05,-4.737021663459018e-05,-2.368510831729509e-06
8376,3.8583121888925534e-05,2.7111538806273468e-05,-0.00010012492566602305,-5.006246283301152e-06
8377,0.00029283774563109365,0.0002759325828954317,0.00012364434951450676,6.182217475725338e-06
8378,0.00024090584599024555,0.00022134199393820445,7.182001718319952e-05,3.5910008591599764e-06
8379,8.59137667177887e-05,7.135089364561284e-05,-7.675337110413238e-05,-3.837668555206619e-06
8380,4.0079609344069784e-05,3.1690169739326425e-05,-0.00010310290235793218,-5.155145117896609e-06
8381,7.70756104951923e-05,7.155424637624915e-05,-4.3763935536844656e-05,-2.188196776842233e-06
8382,0.00012821304441432577,0.00012233223290539325,1.595839967194479e-05,7.979199835972395e-07
8383,0.00019866563932083905,0.0001882149445561841,9.950505045708269e-05,4.9752525228541344e-06
8384,7.941633746394463e-05,7.122525592490274e-05,-3.2547482987865806e-05,-1.6273741493932903e-06
8385,-6.304526358561908e-06,-7.655611341113864e-06,-0.0001246182364411652,-6.2309118220582604e-06
8386,-2.1629471396522795e-05,-1.5129578202374092e-05,-0.00015172963321674615,-7.586481660837308e-06
8387,-8.206659186240778e-05,-6.559424165331636e-05,-0.0002044435532297939,-1.0222177661489696e-05
8388,-0.0002095743583558976,-0.000179395594663651,-0.00029279623413458467,-1.4639811706729234e-05
8389,-0.0002533254793340005,-0.00021038328729849966,-0.00029258281574584544,-1.4629140787292272e-05
8390,-0.00026570860883444133,-0.0002109731137623743,-0.0002928601170424372,-1.464300585212186e-05
8391,-0.0003088567726913696,-0.00024121395515506227,-0.00033431907650083303,-1.6715953825041653e-05
8392,-0.0002801230084652529,-0.00020152934064443165,-0.0003153083671350032,-1.576541835675016e-05
8393,-0.00015725813600207605,-7.50718079969381e-05,-0.00018676558102015406,-9.338279051007703e-06
8394,-0.00015312830414515238,-6.824088016149909e-05,-0.00017985381418839097,-8.992690709419549e-06
8395,-0.00017444169960209455,-8.645141023743925e-05,-0.00019501196220517159,-9.75059811025858e-06
8396,-0.00013924885504724532,-4.9794799295793626e-05,-0.00016830459935590625,-8.415229967795313e-06
8397,-0.0003800102434369723,-0.000278131027563487,-0.00039162117172963917,-1.958105858648196e-05
8398,-0.0002733520513835672,-0.0001642139689627395,-0.0003023150784429163,-1.5115753922145815e-05
8399,-0.00029758467030280105,-0.000182090668089728,-0.0002970819768961519,-1.4854098844807595e-05
8400,-0.00019409706726467116,-7.701823512653776e-05,-0.00021317806385923177,-1.0658903192961589e-05
8401,-0.0002815206277431488,-0.00015893251944733313,-0.0002980596327688545,-1.4902981638442726e-05
8402,-0.0002907529934040026,-0.00016249576492597154,-0.0003095227584708482,-1.547613792354241e-05
8403,-0.0002504200190789512,-0.00011796274435573367,-0.0002893003693316132,-1.4465018466580659e-05
8404,-0.0002833971785991365,-0.00014599887535833488,-0.0003122102643828839,-1.5610513219144196e-05
8405,-0.00019782230306938307,-5.9636609762083846e-05,-0.00023755802249070257,-1.1877901124535129e-05
8406,-0.00021289915329465275,-7.420897796035566e-05,-0.00023641722509637475,-1.1820861254818738e-05
8407,1.1292341602942608e-05,0.00014047752494298217,-3.8981543184490874e-05,-1.9490771592245437e-06
8408,9.187045857323382e-05,0.00020940384315047453,1.1628579159150831e-05,5.814289579575416e-07
8409,0.00022931848048028338,0.0003315231948389535,9.895243420032784e-05,4.947621710016393e-06
8410,0.00018476750903860642,0.0002760869209142642,2.9835298846592195e-05,1.4917649423296099e-06
8411,0.00027463023943313146,0.0003525768458327583,9.734217019286007e-05,4.867108509643004e-06
8412,0.0002667684800962611,0.0003328611409624012,8.642717875773087e-05,4.321358937886544e-06
8413,0.00028525318959424846,0.000340403424895132,8.688190428074449e-05,4.344095214037225e-06
8414,0.00018943728995283766,0.0002401464956057263,-2.560012580943294e-05,-1.280006290471647e-06
8415,0.0002405302038268194,0.0002850505415235496,2.017303449974861e-05,1.0086517249874305e-06
8416,0.00030164393134959417,0.0003376747906986232,7.615204231115058e-05,3.8076021155575293e-06
8417,0.0002456450312756357,0.0002770514669271306,1.0759644283098169e-05,5.379822141549085e-07
8418,0.0001997102938378523,0.00023002634651909582,-4.9823636800283566e-05,-2.4911818400141786e-06
8419,5.9390699893230054e-05,9.440978911146921e-05,-0.00016028364188969135,-8.014182094484568e-06
8420,0.0002179142993725264,0.00025018635998008736,-1.2870917998952791e-05,-6.435458999476396e-07
8421,0.00022260543032401217,0.0002519919915053413,-7.103285497578327e-06,-3.5516427487891633e-07
8422,0.00011391078729172823,0.00014557809878640331,-0.00010598369408398867,-5.2991847041994335e-06
8423,7.278695748439068e-06,4.6367718263878996e-05,-0.00020926368597429246,-1.0463184298714624e-05
8424,0.00017146038722084563,0.0002098239992871664,-5.298773612594232e-05,-2.649386806297116e-06
8425,0.00013779754399536646,0.0001768127147831911,-8.178341522580013e-05,-4.089170761290006e-06
8426,0.00021808170319314546,0.00025406949564091616,-8.402575986110605e-06,-4.2012879930553026e-07
8427,0.00021293160575739292,0.00024565324093971916,1.368500761600444e-07,6.842503808002221e-09
8428,0.0002021471902459037,0.00023208667256834076,-4.075781362189446e-06,-2.037890681094723e-07
8429,0.00019411638294358606,0.0002214085965343082,-1.1575973530852934e-06,-5.787986765426467e-08
8430,9.047024643341429e-05,0.00011907887413209773,-7.531308074248955e-05,-3.7656540371244777e-06
8431,0.00014880493272561665,0.00017584500741769511,-1.630383121664636e-05,-8.15191560832318e-07
8432,0.00018866360681427485,0.00021277771977989623,1.3664517609868199e-05,6.8322588049341e-07
8433,-3.1396998460202154e-05,1.7437524172832027e-07,-0.0001901795039884746,-9.508975199423731e-06
8434,-2.2585602023292384e-05,1.4125477838901955e-05,-0.0001496860641054809,-7.484303205274046e-06
8435,-2.1547455288973334e-05,1.927168080519189e-05,-0.00013635902723763138,-6.81795136188157e-06
8436,-4.5722142554088624e-05,2.4536135605986513e-07,-0.00016412381955888122,-8.206190977944061e-06
8437,-9.078773927054324e-05,-3.81911211129945e-05,-0.00020158779807388783,-1.0079389903694392e-05
8438,2.692222965924015e-05,8.065770645215812e-05,-0.00010134718468179926,-5.0673592340899635e-06
8439,-5.7579282806340275e-05,-5.324682223768802e-08,-0.00015930223162285984,-7.965111581142992e-06
8440,-3.996199419630547e-05,1.9364277017470177e-05,-0.0001252156071132049,-6.2607803556602455e-06
8441,-3.8072890111049745e-06,5.4679374785328785e-05,-7.63640709919855e-05,-3.818203549599275e-06
8442,-1.8705943214123835e-05,3.976990849159596e-05,-9.370269981445745e-05,-4.685134990722873e-06
8443,-0.00011295015592165327,-4.989066605566643e-05,-0.00018619615002535284,-9.309807501267643e-06
8444,-0.0001032839639135872,-3.602700208637887e-05,-0.00018339839880354702,-9.169919940177353e-06
8445,2.6880999315499806e-05,9.017909071105101e-05,-2.6489055017009377e-05,-1.324452750850469e-06
8446,-2.69106770115235e-05,3.539298594107809e-05,-8.439068915322423e-05,-4.219534457661212e-06
8447,-0.00010879781678125817,-4.3006950709953316e-05,-0.00017283286433666945,-8.641643216833473e-06
8448,0.00010077019853036489,0.00015974301292084525,3.06075562548358e-05,1.5303778127417901e-06
8449,0.000207209856379725,0.00025583899286537253,0.00010761821613414213,5.3809108067071065e-06
8450,0.00022370299944416916,0.00026230265523095306,0.00011479715612949803,5.739857806474902e-06
8451,0.00033470478330671383,0.00035991326740524173,0.00019830201927106827,9.915100963553414e-06
8452,0.00024159806803948115,0.00026008254178244337,8.345285459654406e-05,4.172642729827203e-06
8453,0.00035123561783202017,0.0003593762839714689,0.00016944060917012393,8.472030458506197e-06
8454,0.0003139859987418994,0.0003140912549812371,0.00013850608957000077,6.925304478500039e-06
8455,0.00024110401397569513,0.00023789538411377812,5.769508788944222e-05,2.884754394472111e-06
8456,0.00025784404444937394,0.000249420786190728,0.0001041292489389889,5.206462446949445e-06
8457,0.00037895874580949553,0.000359126275977163,0.00023629919451195747,1.1814959725597875e-05
8458,0.00043676125404220484,0.000405080453342383,0.00025931972777470946,1.2965986388735474e-05
8459,0.0003094532001074204,0.00027398979549287023,0.00011494610225781798,5.7473051128909e-06
8460,0.0003215780583501108,0.0002829936853348844,0.00011185641778865829,5.592820889432915e-06
8461,0.0001603212131101317,0.00012659447343433178,-4.0811471990309656e-05,-2.0405735995154827e-06
8462,9.103031513592429e-05,6.52032979535034e-05,-0.00010373192344559357,-5.186596172279679e-06
8463,2.2468752182526902e-05,6.3874242757775645e-06,-0.0001491143339080736,-7.45571669540368e-06
8464,2.55503688035268e-05,1.82145736659767e-05,-0.00014180497964844108,-7.090248982422054e-06
8465,8.765535089898427e-05,8.497479725500723e-05,-7.333795656450093e-05,-3.6668978282250467e-06
8466,0.0001614766863269944,0.00015908010552238654,4.473113222047687e-06,2.2365566110238433e-07
8467,0.0003088876415210877,0.0002997292909984076,0.0001414399448549375,7.071997242746875e-06
8468,0.00035862229076875007,0.000341430489565343,0.00017192991799674928,8.596495899837465e-06
8469,0.0002862625790870515,0.00026615333589502,7.934001769172028e-05,3.967000884586014e-06
8470,0.00012428310570543693,0.0001089031516063084,-6.704570114379749e-05,-3.3522850571898747e-06
8471,9.093421840163692e-05,8.145077974095128e-05,-9.247998968930915e-05,-4.623999484465458e-06
8472,-2.9027474186655875e-05,-2.854041361454545e-05,-0.00018048225319944322,-9.024112659972162e-06
8473,-0.00013487354158939004,-0.00012171170568210814,-0.0002467115700710565,-1.2335578503552824e-05
8474,-0.00015347085003130043,-0.00012927517324577928,-0.00023088724992703646,-1.1544362496351824e-05
8475,-0.00021770008831464215,-0.00018218919758471527,-0.00025381165323778987,-1.2690582661889494e-05
8476,-0.00026523723767593637,-0.00021843285733319872,-0.0002711067791096866,-1.3555338955484331e-05
8477,-0.0003351848809558267,-0.0002757997493285095,-0.00031476965523324907,-1.5738482761662454e-05
8478,-0.00019366882931586541,-0.00012860607320920177,-0.0001959951187018305,-9.799755935091527e-06
8479,-0.00021524102622261563,-0.00014439819003291845,-0.00021117611322551966,-1.0558805661275984e-05
8480,-0.00025758406438653066,-0.00018008418042688684,-0.00023961783153936267,-1.1980891576968135e-05
8481,-0.0002377072481605838,-0.0001551796428073009,-0.00021795928478240967,-1.0897964239120484e-05
8482,-0.0002623846857477681,-0.0001739976089941248,-0.00024396981461904943,-1.2198490730952472e-05
8483,-0.00016218070940801437,-7.316071399900663e-05,-0.00014905152784194797,-7.452576392097399e-06
8484,-0.00016084195907228454,-7.077482553992228e-05,-0.00016196779324673116,-8.098389662336558e-06
8485,4.9481488455650015e-05,0.00013180552010540075,1.0701469363993965e-05,5.350734681996983e-07
8486,-1.4217826035489851e-05,6.391914288844392e-05,-5.441961911856197e-05,-2.7209809559280986e-06
8487,0.00010829402977720756,0.0001775344685470383,4.582280962495133e-05,2.2911404812475667e-06
8488,0.00018568594398741945,0.00024369211996373008,0.00010325745824957266,5.162872912478634e-06
8489,0.00023359771271833153,0.0002802211876049583,0.00012098665320081636,6.049332660040819e-06
8490,0.00030657608836147604,0.0003410308768681995,0.0001532136811874807,7.660684059374035e-06
8491,0.0003052341188416871,0.0003301700448549145,0.00011820207146229222,5.910103573114612e-06
8492,0.00042136669058861527,0.00043271590256151475,0.00021557284344453365,1.0778642172226683e-05
8493,0.00021343601633948536,0.00022280327647102887,3.5865134577761637e-06,1.793256728888082e-07
8494,0.0002852506337165694,0.00029004002033960157,6.676189514109865e-05,3.3380947570549324e-06
8495,0.00027060972849788034,0.000271312061543487,6.683920946670696e-05,3.3419604733353484e-06
8496,0.0002684219847864243,0.0002660157656394015,5.6156310165533796e-05,2.80781550827669e-06
8497,0.00017538282568479533,0.00017523391078782887,-4.4890148274134845e-05,-2.2445074137067422e-06
8498,0.00017402627768430044,0.0001753835177021421,-2.9880771762691438e-05,-1.494038588134572e-06
8499,0.0003074382886495398,0.00030163563190642646,0.00014197287964634597,7.098643982317299e-06
8500,0.0002478472988203935,0.0002379963121335135,8.613192039774731e-05,4.306596019887366e-06
8501,0.0001582816203421014,0.00014842265503801065,1.1695941793732345e-05,5.847970896866173e-07
8502,0.00015062186741046955,0.0001406904689708753,1.542630161566194e-05,7.713150807830971e-07
8503,0.00015306743098100528,0.00014297031657011173,1.8294758774572983e-05,9.147379387286492e-07
8504,2.561552627899406e-05,2.1627631421223326e-05,-0.0001066600379999727,-5.3330018999986356e-06
8505,-6.6961746565344e-05,-6.072666296133157e-05,-0.0001946191187016666,-9.73095593508333e-06
8506,-0.00013927066021202094,-0.00012162126841118815,-0.00023056550708133727,-1.1528275354066864e-05
8507,-0.00016975885403568201,-0.00014133353332510494,-0.0002335768804186955,-1.1678844020934776e-05
8508,-0.00023375061472716012,-0.0001933822575990533,-0.0002735177695285529,-1.3675888476427645e-05
8509,-0.0005591961821192618,-0.0004940723867924958,-0.0005478570819832385,-2.7392854099161924e-05
8510,-0.0004145534916502779,-0.00033448838344704113,-0.00038277043495327234,-1.913852174766362e-05
8511,-0.00038928918951282884,-0.0002990001906762794,-0.00031515376758761704,-1.5757688379380853e-05
8512,-0.00030459629411600095,-0.00020887973996573322,-0.00023971371410880238,-1.198568570544012e-05
8513,-0.0001966373352716006,-0.00010136838633949095,-0.0001356764987576753,-6.783824937883765e-06
8514,-0.00011014005146533338,-1.9362293999365748e-05,-5.988373959553428e-05,-2.9941869797767143e-06
8515,-8.207997652260593e-05,3.886560403321636e-06,-5.141558722243644e-05,-2.5707793611218224e-06
8516,-0.00010565528482890439,-2.2791374877700733e-05,-8.046078437473625e-05,-4.023039218736813e-06
8517,-0.00016436842244781143,-8.147126039712637e-05,-0.00013852988195139915,-6.926494097569958e-06
8518,-0.00025861025476603075,-0.00017092184376367396,-0.0002322684449609369,-1.1613422248046846e-05
8519,-0.0001619062717024336,-7.448316202904683e-05,-0.00013558640785049647,-6.779320392524824e-06
8520,-0.0001399634841115298,-5.540136038993673e-05,-8.5453997598961e-05,-4.27269987994805e-06
8521,1.9334604914640454e-05,9.33209215016384e-05,7.061112410156056e-05,3.5305562050780282e-06
8522,6.238886927022594e-05,0.000124437680455107,0.00010850041871890426,5.425020935945213e-06
8523,0.00016334661509241383,0.00020998451573147082,0.00019338654237799346,9.669327118899675e-06
8524,0.00010233975495304123,0.00013864436329843338,0.00011250322859268636,5.625161429634318e-06
8525,0.00014485444308020857,0.00017073303009184019,0.00013214332284405828,6.607166142202914e-06
8526,0.00024526155917934604,0.0002568126189425511,0.00022698804968968034,1.1349402484484017e-05
8527,0.00018832245015418069,0.00018941612836430758,0.00016987213166430593,8.493606583215297e-06
8528,6.808653155541062e-05,6.609421152039252e-05,4.0341245039599016e-05,2.0170622519799507e-06
8529,0.00012999996420840575,0.00012318117361473566,8.499029354425147e-05,4.249514677212573e-06
8530,8.449856747126392e-05,7.521411535393799e-05,4.6244549594121054e-05,2.3122274797060527e-06
8531,0.00013561530421332403,0.00012168464604056468,9.552059054840356e-05,4.776029527420178e-06
8532,0.0001593525308803276,0.00013969463153762904,0.00012386984599288553,6.193492299644277e-06
8533,7.54974122691244e-05,5.4852141838419695e-05,3.727889634319581e-05,1.8639448171597905e-06
8534,0.0005575812502364569,0.000514604072816924,0.0004683429142460227,2.3417145712301135e-05
8535,0.0006129170662951824,0.0005466133522591752,0.0005128557677380741,2.5642788386903703e-05
8536,0.0004920456941977799,0.00041333411213001226,0.00032943676342256367,1.6471838171128185e-05
8537,0.0004691089024782563,0.0003816666194924215,0.000283280125586316,1.41640062793158e-05
8538,0.0004471383369890711,0.0003520548966045232,0.0002792532613966614,1.396266306983307e-05
8539,0.00042817599312786633,0.0003280771342001414,0.00024090790248010308,1.2045395124005154e-05
8540,0.0003892710571203701,0.0002865440307492082,0.00020344411313999444,1.0172205656999722e-05
8541,0.00020594659530994696,0.00010971435618965927,2.7463542210171e-05,1.3731771105085501e-06
8542,0.00027859656370859173,0.00018588249131416083,8.316535240737721e-05,4.158267620368861e-06
8543,0.00022300804078960394,0.00013649349743562834,2.465949182806071e-05,1.2329745914030356e-06
8544,0.00026114848053907717,0.00017898197334735848,5.380734728532843e-05,2.690367364266422e-06
8545,0.00014046899650871526,6.831821591639611e-05,-6.677821511402726e-05,-3.3389107557013633e-06
8546,-7.03851180387617e-05,-0.00012367557622520726,-0.0002559087297413498,-1.2795436487067492e-05
8547,-1.931386953664952e-05,-5.853464510934241e-05,-0.00018280738731846213,-9.140369365923107e-06
8548,-0.00014368127107121565,-0.00016598319587284613,-0.00026196299586445093,-1.3098149793222547e-05
8549,-0.0002112348714689042,-0.0002168898803576189,-0.0002813316532410681,-1.4066582662053407e-05
8550,-0.00013245343593823008,-0.00012671189390929465,-0.0002019388775806874,-1.0096943879034371e-05
8551,-2.6626698652783632e-05,-1.5743995682312388e-05,-9.770108590601012e-05,-4.885054295300506e-06
8552,-3.119101075453865e-05,-1.571677858617823e-05,-9.971341205528006e-05,-4.985670602764004e-06
8553,-0.000133766248114432,-0.00010916153370686486,-0.00019997749768663198,-9.9988748843316e-06
8554,-0.0001450657491553734,-0.00011133899529247448,-0.00021239106717985123,-1.0619553358992562e-05
8555,-5.6349206250236805e-05,-1.864976879418441e-05,-0.00012319670349825174,-6.159835174912587e-06
8556,-2.3078355736708572e-05,1.5896052334752666e-05,-7.851390546420589e-05,-3.925695273210295e-06
8557,-4.224154369348128e-05,-7.292733078679324e-07,-0.00010870221740333363,-5.435110870166682e-06
8558,-9.78259152407255e-05,-5.146974044658764e-05,-0.0001593313063494861,-7.966565317474307e-06
8559,2.5215967667729205e-05,7.156968930341214e-05,-6.900865264469758e-05,-3.450432632234879e-06
8560,8.738214318558552e-05,0.00013145980976857828,-2.6236928533762693e-05,-1.3118464266881348e-06
8561,6.480082770012243e-05,0.0001079305822125968,-5.179277286515571e-05,-2.589638643257786e-06
8562,7.908037180811433e-05,0.00012062469676181982,-3.790502159972675e-05,-1.8952510799863377e-06
8563,0.0002658557783117322,0.00029759975726174176,0.0001282055745832622,6.41027872916311e-06
8564,0.0002035981200999555,0.00022882638822122164,7.25960562704131e-05,3.6298028135206554e-06
8565,0.00023049453083693743,0.000248539082605079,9.634336311137304e-05,4.817168155568652e-06
8566,0.00022074124613377723,0.00023403934473983172,5.985185634926893e-05,2.9925928174634465e-06
8567,0.0001654390768615499,0.00017694136213191298,9.608098480384797e-06,4.804049240192399e-07
8568,0.00043658016967078474,0.0004331941060988465,0.00027655166923068464,1.3827583461534233e-05
8569,0.00039070120686225646,0.0003762832062562523,0.00021582242334261537,1.079112116713077e-05
8570,0.0005354124899873742,0.0005056331169208661,0.00031938485335558653,1.5969242667779326e-05
8571,0.0005750895450597508,0.0005289662278485702,0.0003604325756896287,1.8021628784481438e-05
8572,0.0006808519575834973,0.0006150039443508287,0.00045208705705590546,2.2604352852795274e-05
8573,0.0005874171916104906,0.0005080843712253894,0.00035562037373892963,1.7781018686946482e-05
8574,0.0005514156250151376,0.0004626088051653261,0.0002993168600369245,1.4965843001846224e-05
8575,0.00042196724887980043,0.000330527534065357,0.0001808259985409677,9.041299927048385e-06
8576,0.0002984822283915477,0.00021015887943983427,7.539871876360849e-05,3.7699359381804246e-06
8577,0.00020878111319780717,0.00012665632350019376,1.4380273569258861e-05,7.190136784629431e-07
8578,0.0002920937943304464,0.00020977862061288287,0.0001363804331049323,6.819021655246616e-06
8579,0.00020700288619691123,0.0001267131269761564,9.004202001960948e-05,4.502101000980474e-06
8580,0.00033176491059037433,0.0002474065689076688,0.0002091831702273339,1.0459158511366696e-05
8581,0.00040790179438234973,0.00031509087815728324,0.00029976668884046376,1.4988334442023188e-05
8582,0.0005097840343147015,0.0004049577179175855,0.0003803381114266813,1.9016905571334065e-05
8583,0.00047861141010446595,0.00036513341736315577,0.0003282862307969481,1.6414311539847406e-05
8584,0.00036542809824158435,0.0002507904506418665,0.00019265941227786243,9.632970613893122e-06
8585,0.0001783170385941301,7.152697732277674e-05,1.906950637931004e-05,9.534753189655021e-07
8586,0.0002927633849467186,0.00018721009224443878,0.00014617113629356027,7.3085568146780135e-06
8587,0.00036577471628096523,0.0002566708530165942,0.00023876360501162708,1.1938180250581354e-05
8588,0.0004348832456459068,0.0003201989142213501,0.0002816036285366863,1.4080181426834316e-05
8589,0.00044025789382778923,0.000319799310868935,0.0002917532401625067,1.4587662008125335e-05
8590,0.00022481542484585883,0.0001099360935158018,7.268528861459345e-05,3.6342644307296723e-06
8591,0.00014734953255058668,4.081110582577852e-05,1.5092396097315941e-05,7.54619804865797e-07
8592,0.00029517215092308014,0.0001896235531576311,0.0001531151356175542,7.655756780877709e-06
8593,0.00012594067971886675,2.8531423645430495e-05,5.726725248678122e-06,2.8633626243390613e-07
8594,0.00018376125167093965,9.076628063610759e-05,7.064619421726093e-05,3.5323097108630464e-06
8595,0.00018765671096849517,9.801794674469559e-05,8.386247645830736e-05,4.193123822915368e-06
8596,0.00010950088730052994,2.6255486520179973e-05,1.682629226706922e-05,8.413146133534611e-07
8597,9.313287740013755e-05,1.6566977926499094e-05,2.4930907329689944e-06,1.2465453664844974e-07
8598,0.00010582739155119545,3.421960631865937e-05,2.71474382316228e-05,1.3573719115811402e-06
8599,6.0593843644278617e-05,-4.2561908026941455e-06,-1.739176150294952e-05,-8.695880751474761e-07
8600,0.00012360755126442497,6.19564708362506e-05,4.3959251343039796e-05,2.1979625671519897e-06
8601,0.0001274822244136111,6.809926318609301e-05,5.571759902522899e-05,2.78587995126145e-06
8602,0.00024161818052993592,0.00017795595906850342,0.00018184362852480263,9.092181426240132e-06
8603,0.00027391430454015535,0.00020443805680099624,0.0002148516068700701,1.0742580343503505e-05
8604,0.0001276853848970777,5.929300094766235e-05,8.342145156348124e-05,4.171072578174062e-06
8605,0.00026234856428799126,0.000188861728259635,0.00020842888625338674,1.0421444312669338e-05
8606,0.0001689922683111318,9.455371594644108e-05,0.00013107035192660987,6.553517596330494e-06
8607,0.0002552615606099832,0.0001761658071831511,0.00020820333156734705,1.0410166578367354e-05
8608,0.0003560310664529411,0.00026723658467254775,0.0003147099050693214,1.573549525346607e-05
8609,0.00026281522906106727,0.00016987276910498193,0.00021527853095903993,1.0763926547951997e-05
8610,0.0002548829345695913,0.0001602380811581163,0.0001748182694427669,8.740913472138345e-06
8611,2.4160399075915572e-05,-6.0769240126491845e-05,-4.865302980761044e-05,-2.432651490380522e-06
8612,3.326985812235096e-06,-7.055800824934233e-05,-8.261451876023784e-05,-4.130725938011892e-06
8613,5.5144884045972155e-05,-1.1747425464765794e-05,-1.5066985724843107e-05,-7.533492862421554e-07
8614,4.450698053895637e-05,-1.4837333301387827e-05,-3.805250526056625e-05,-1.9026252630283126e-06
8615,0.00012495443931386085,6.968767910738099e-05,1.9196868379367515e-05,9.598434189683758e-07
8616,0.00014424974593440007,9.328950076285948e-05,5.939804395893589e-06,2.9699021979467944e-07
8617,0.0001384648717096793,9.25900640630977e-05,-1.706861257844139e-05,-8.534306289220695e-07
8618,6.303486821076247e-05,2.4360446022986256e-05,-6.714253686368465e-05,-3.3571268431842327e-06
8619,2.2798823497560264e-05,-7.298357079077867e-06,-0.00010463960643392056,-5.231980321696028e-06
8620,7.646279755485536e-05,5.1191922291629304e-05,-4.1752075048862025e-05,-2.0876037524431013e-06
8621,0.0001510284924182208,0.00012741785010685384,1.2250264262547716e-05,6.125132131273858e-07
8622,9.617282704438824e-05,7.799526915584323e-05,-6.837811088189483e-05,-3.4189055440947417e-06
8623,-6.291425748577153e-05,-6.786119756625714e-05,-0.00023148924810811877,-1.1574462405405939e-05
8624,-5.586839191059218e-05,-4.850870624686513e-05,-0.00022855323913972825,-1.1427661956986413e-05
8625,-7.067362135070668e-05,-5.210738545490228e-05,-0.00022446486400440335,-1.1223243200220168e-05
8626,4.019644525320486e-05,6.415640858471713e-05,-0.00012600209447555244,-6.300104723777622e-06
8627,2.277147649819554e-05,5.194320828641973e-05,-0.00013448880054056644,-6.724440027028322e-06
8628,-3.456437840976363e-05,1.71573411945778e-06,-0.00018222561629954726,-9.111280814977364e-06
8629,-5.564655931708799e-05,-1.2863825839156829e-05,-0.00018089717195834965,-9.044858597917483e-06
8630,0.00017832433429086706,0.00021596177855338824,4.19684911321383e-05,2.098424556606915e-06
8631,-0.00011966742372381124,-7.301629678126496e-05,-0.00024039734853431582,-1.2019867426715791e-05
8632,-0.0001703161112787575,-0.00011379529466823876,-0.0002661434409674257,-1.3307172048371286e-05
8633,-0.00013466455611435985,-7.156839619382841e-05,-0.00021335236669983715,-1.0667618334991858e-05
8634,-0.00015168041587890156,-8.275339478065504e-05,-0.00021009329066146165,-1.0504664533073083e-05
8635,-6.213963130149762e-05,8.414186616111068e-06,-0.00013638277596328408,-6.819138798164204e-06
8636,-5.5062946107126314e-05,1.669030313527905e-05,-0.00013365002814680338,-6.682501407340169e-06
8637,-7.844555610171796e-05,-3.86380032765062e-06,-0.00016989554569590837,-8.494777284795419e-06
8638,-0.0001836791319275775,-0.00010098875452614683,-0.0002799329231493175,-1.3996646157465876e-05
8639,-0.00018869981063156902,-9.887168973913481e-05,-0.00027040240820497274,-1.3520120410248639e-05
8640,-0.00014029805609393488,-4.679147967859595e-05,-0.00021227134857326746,-1.0613567428663374e-05
8641,-4.3342967876458524e-05,5.058488663323022e-05,-0.00015528449148405343,-7.764224574202673e-06
8642,-0.00017016003598012322,-6.978957237633493e-05,-0.0002796004118863493,-1.3980020594317467e-05
8643,-0.00016849272264481423,-6.223923937251196e-05,-0.00027653848519548774,-1.3826924259774387e-05
8644,-0.0002778189897087712,-0.0001621102244529848,-0.0003572129353415221,-1.7860646767076106e-05
8645,-0.00016771501895863943,-4.707866528379955e-05,-0.0002798128698486835,-1.3990643492434175e-05
8646,-0.00028780849105776256,-0.00015825700932558672,-0.00036984015605412424,-1.8492007802706213e-05
8647,-0.00024691008416877983,-0.00011103213855598258,-0.00033115007681772113,-1.6557503840886056e-05
8648,-0.0003194213476442509,-0.00017475139323082367,-0.0003921277238987386,-1.9606386194936932e-05
8649,-0.00022446705768975332,-7.595318646685665e-05,-0.00030671930289827287,-1.5335965144913644e-05
8650,-0.00018791217231032428,-3.756083766707719e-05,-0.0002760755887720734,-1.380377943860367e-05
8651,-0.00021963231198467994,-6.653576048925078e-05,-0.00030022140708751976,-1.5011070354375989e-05
8652,-0.00034008570995353184,-0.00017944003621652162,-0.00040184735553339124,-2.0092367776669562e-05
8653,-0.0003088514106814068,-0.00014278359814745366,-0.0003693793260026723,-1.846896630013362e-05
8654,-0.0003844358188141057,-0.00021131040213736766,-0.000411844375776127,-2.059221878880635e-05
8655,-0.0005219453238703763,-0.00033799222640303343,-0.0004984961124137044,-2.492480562068522e-05
8656,-0.0005454123052648016,-0.00035207165810646957,-0.0004852165875490755,-2.4260829377453774e-05
8657,-0.0005317266941941616,-0.00033218873230726146,-0.00043720545363612473,-2.1860272681806237e-05
8658,-0.0004282239760984892,-0.00022775727713522057,-0.0003446577466093004,-1.723288733046502e-05
8659,-0.0004611733364967175,-0.0002585115832724086,-0.00037656244239769876,-1.882812211988494e-05
8660,-0.0005045887209311513,-0.00029779943939511097,-0.0004206425801385194,-2.1032129006925972e-05
8661,-0.0004696909916842826,-0.0002614416743878176,-0.00037417709245346487,-1.8708854622673246e-05
8662,-0.0002668644934670141,-6.653172830228719e-05,-0.00019150102161802351,-9.575051080901176e-06
8663,-0.00021614399756158671,-2.6481589017933196e-05,-0.00013137214409653097,-6.568607204826549e-06
8664,-0.00016922641060850344,1.0019414528066285e-05,-0.00012489527580328286,-6.244763790164143e-06
8665,-0.00021248151707728769,-3.9392281255704997e-05,-0.0001962661335710436,-9.813306678552181e-06
8666,-0.00011689169248032521,4.646730038995308e-05,-0.00011420613736845553,-5.710306868422777e-06
8667,-0.00012642069898509886,2.8671083158296557e-05,-0.00013061112258583307,-6.530556129291654e-06
8668,-8.287844516198895e-05,6.39532181958969e-05,-0.00011841893865494058,-5.920946932747029e-06
8669,-3.6499468618831596e-05,0.00010148216898107948,-9.446083276998252e-05,-4.723041638499126e-06
8670,-1.4444140199321568e-05,0.00011431883094247223,-7.438748434651643e-05,-3.7193742173258217e-06
8671,1.8449243061759805e-05,0.00013802521339075673,-6.172010762384161e-05,-3.086005381192081e-06
8672,8.953097730855072e-05,0.00019779558015976646,-5.6979115470312536e-06,-2.848955773515627e-07
8673,0.00015748400214886965,0.0002523152545142111,5.247232911642641e-05,2.6236164558213207e-06
8674,0.0002586464935119796,0.00033702362712095173,0.00013156916247680783,6.578458123840392e-06
8675,0.0003267408072099658,0.0003868322700938916,0.00019100528152193874,9.550264076096937e-06
8676,0.00033956368275179827,0.0003828832372298653,0.00018695928156375885,9.347964078187944e-06
8677,0.0003982439881710217,0.00042447421913974323,0.0002194403059547767,1.0972015297738836e-05
8678,0.00022218633445906594,0.0002411653069963334,4.9149366532219574e-05,2.4574683266109787e-06
8679,0.00010506311184959455,0.00012264740743889673,-5.090562262921594e-05,-2.545281131460797e-06
8680,0.00019433468585977598,0.00020541964491543847,5.899594179936685e-05,2.9497970899683425e-06
8681,0.00027080627606787994,0.0002716085709960539,0.00014391157310456038,7.195578655228019e-06
8682,0.00033832851789249673,0.00032643158584461915,0.00020575501548592,1.0287750774296002e-05
8683,0.0003199973552107261,0.00029733805977120813,0.00018455361714586616,9.227680857293308e-06
8684,0.0004559078750862769,0.0004177782433503561,0.0002959473349619657,1.4797366748098285e-05
8685,0.00042961422933772333,0.00037884791711364336,0.00026102387346327305,1.3051193673163653e-05
8686,0.00033506701604922286,0.00027755696760184997,0.00016603809490334243,8.301904745167122e-06
8687,0.00038254958261174047,0.00031712020285712384,0.00020649882208090276,1.0324941104045138e-05
8688,0.0002466901810261458,0.00018096056555612377,6.933759868843481e-05,3.4668799344217407e-06
8689,0.00029975091595039365,0.0002319598851517914,0.000111931782157626,5.596589107881301e-06
8690,0.00027611583498324277,0.0002071560362186049,0.00010006473894463852,5.003236947231926e-06
8691,0.00030667407360776187,0.00023549631970405893,0.00012576219160109758,6.28810958005488e-06
8692,0.00032588536551708474,0.00025184118840097314,0.00014405843103304505,7.202921551652253e-06
8693,0.0005786572587493364,0.0004891597975600694,0.0004030207928735763,2.0151039643678816e-05
8694,0.0005834167115471491,0.00047959503879616537,0.00040065014036372304,2.0032507018186154e-05
8695,0.000398491776632488,0.0002912725787194893,0.00020544590370263904,1.0272295185131952e-05
8696,0.00040881108426984807,0.0002979925759152968,0.00022342620650306344,1.1171310325153173e-05
8697,0.00046389204613974685,0.00034645956870782885,0.00029449694557115436,1.4724847278557718e-05
8698,0.00040285754150192567,0.0002830403052691427,0.00022216167417354882,1.1108083708677442e-05
8699,0.00031969950702267813,0.00020229547040296068,0.00013456515443976969,6.728257721988485e-06
8700,0.00027304911025640186,0.00015980048138752753,0.00010136672790395096,5.068336395197549e-06
8701,0.00026607833002584535,0.00015660815977388572,0.0001048363556037657,5.241817780188285e-06
8702,0.00036008360617691804,0.0002497735115105233,0.00019198151130694896,9.599075565347449e-06
8703,0.00039872332132649706,0.0002857471068043458,0.00022732600336894393,1.1366300168447198e-05
8704,0.00027952319603420536,0.0001697291044551208,0.00011249893577769399,5.6249467888847e-06
8705,0.00030495706532674923,0.0001957673085637563,0.00016178203804884106,8.089101902442053e-06
8706,0.00022728441966658427,0.00012229849761421168,8.833727042656392e-05,4.416863521328196e-06
8707,0.00023424043509921434,0.00013263331455708467,0.00010020115587394685,5.010057793697343e-06
8708,3.788807340741991e-05,-5.24615285932004e-05,-6.24244348728098e-05,-3.12122174364049e-06
8709,2.6343291603637455e-05,-5.439060094708218e-05,-4.2299179767724127e-05,-2.1149589883862063e-06
8710,6.054816072561881e-05,-1.3088630769781146e-05,-6.067720278224442e-06,-3.033860139112221e-07
8711,0.00013239732108883757,6.305982566340415e-05,3.732612094609067e-05,1.8663060473045336e-06
8712,0.00029944604646414333,0.00022663885136575568,0.0001837996969697997,9.189984848489986e-06
8713,0.0003990981252323871,0.00031951971506977665,0.0002498050162103027,1.2490250810515136e-05
8714,0.00037739172647830186,0.00029392758876147174,0.00019865925423800945,9.932962711900473e-06
8715,0.0002566382929407312,0.00017601714447279814,7.036442548269406e-05,3.518221274134703e-06
8716,0.00023047052661639452,0.0001535934217310268,5.19819077453576e-05,2.5990953872678802e-06
8717,0.0003479523574749219,0.0002679841721697775,0.00018491159426048398,9.2455797130242e-06
8718,0.0004397337183272257,0.00035333734755100486,0.00025321345310658216,1.2660672655329109e-05
8719,0.0005492485465965392,0.000451819392054903,0.0003521417092997581,1.7607085464987903e-05
8720,0.00038110843056777497,0.00028154841786922144,0.00018742511747404933,9.371255873702467e-06
8721,0.0004665995048000041,0.0003614474295148355,0.00026380637427791953,1.3190318713895977e-05
8722,0.0004843904826890501,0.0003724612467206706,0.0002956709358841181,1.4783546794205905e-05
8723,0.0004322272854647892,0.0003167895279959123,0.00023999529366847128,1.1999764683423565e-05
8724,0.0005187661896698611,0.00039831214833968776,0.0002772606094367802,1.3863030471839012e-05
8725,0.0005729586751751922,0.0004455803793584035,0.00032300566090270877,1.615028304513544e-05
8726,0.00039216271766611164,0.00026657636182378976,0.00015830133634153754,7.915066817076877e-06
8727,0.000395101997617304,0.0002708740496743361,0.00016890669940039515,8.445334970019758e-06
8728,0.00034471415697523216,0.0002234814402273021,0.00013559048238676041,6.779524119338021e-06
8729,0.00034339967243076996,0.000225258505136555,0.00013053488510195166,6.526744255097583e-06
8730,0.0002960634698534273,0.00018256996185527486,9.521613537799567e-05,4.760806768899784e-06
8731,0.00022854599524594515,0.00012227156755141973,3.767280213651247e-05,1.8836401068256238e-06
8732,0.00020290080792146183,0.00010352095675292566,3.481886597000994e-05,1.740943298500497e-06
8733,0.0004097018608807114,0.00030521762858183685,0.0002645356289576739,1.3226781447883695e-05
8734,0.0004497279797174498,0.0003383100198414919,0.00030215803417377174,1.5107901708688588e-05
8735,0.00043275169598292216,0.0003159155040570742,0.00027897494146600366,1.3948747073300184e-05
8736,0.0003947940315966775,0.00027574620523485775,0.00022282524150796235,1.1141262075398118e-05
8737,0.0005099803839998403,0.000382544769752581,0.00035154432407580316,1.757721620379016e-05
8738,0.0004903462445075084,0.0003549642530135112,0.00035284372279420495,1.7642186139710248e-05
8739,0.0004923825596983183,0.00035057497470297164,0.00033401083783246577,1.670054189162329e-05
8740,0.000506919301827923,0.0003590100264674763,0.000338195008225739,1.690975041128695e-05
8741,0.0004979509686779762,0.00034528931710824134,0.00032120489049702883,1.6060244524851443e-05
8742,0.00045115333376375473,0.00029639542262872913,0.00027651438722386956,1.3825719361193479e-05
8743,0.00035111181052233776,0.00019974183637832234,0.0001720861910143867,8.604309550719336e-06
8744,0.0003588009863236458,0.0002107568473431998,0.00017204671166837215,8.602335583418608e-06
8745,0.0004801026944090893,0.00033014488087269205,0.0002731186687014997,1.3655933435074986e-05
8746,0.0005468347079757876,0.000392508672041399,0.0003226471890229732,1.613235945114866e-05
8747,0.00030370997224519775,0.00015787728527228616,6.982359627727419e-05,3.49117981386371e-06
8748,0.00031289787716917076,0.00017476464644970705,7.913970330264419e-05,3.95698516513221e-06
8749,4.113745031174283e-05,-7.736946284634479e-05,-0.00016937855980359018,-8.46892799017951e-06
8750,7.03843385012237e-05,-3.1461789427664015e-05,-0.00013287595356814563,-6.643797678407282e-06
8751,0.00016542681877455823,7.366773866502046e-05,-2.6367242753622122e-05,-1.318362137681106e-06
8752,0.0002516273487872385,0.0001654763906073075,4.390457979752682e-05,2.1952289898763413e-06
8753,0.00028266178268773176,0.00020070533252472116,5.935796070843935e-05,2.967898035421968e-06
8754,0.0002663997675011671,0.00018928093715476802,3.752729026018642e-05,1.876364513009321e-06
8755,0.00015938900873890146,9.046768135154284e-05,-3.7792397051816806e-05,-1.8896198525908403e-06
8756,0.0001950639491327678,0.0001315828480549606,6.2926173995947465e-06,3.1463086997973737e-07
8757,0.000425999870550649,0.0003562111647842193,0.0002317430917173624,1.1587154585868121e-05
8758,0.0004659186893127236,0.0003892538287155015,0.00024560652673244476,1.228032633662224e-05
8759,0.00041099129810560675,0.00033104168609108365,0.00018140589236281812,9.070294618140906e-06
8760,0.00031771070511195945,0.00023897470082664683,9.754098573466763e-05,4.877049286733382e-06
8761,0.0003405665584312945,0.00026106115012286454,0.0001383539056405425,6.917695282027126e-06
8762,0.00033341427037134985,0.00025359548865061174,0.00013042052160017192,6.521026080008596e-06
8763,0.00016107841566984646,8.843351084021065e-05,-1.8566777725936845e-05,-9.283388862968423e-07
8764,0.000294419281604711,0.00022122755586441705,0.00012917215644847602,6.458607822423801e-06
8765,0.00027623145722389513,0.00020138498076500565,0.00014931197802070528,7.465598901035265e-06
8766,0.00015307094918231326,8.227112257728468e-05,3.6119305150350556e-05,1.8059652575175278e-06
8767,0.00027327441270526623,0.0002006385172231696,0.00015016424003988504,7.5082120019942525e-06
8768,0.00034831748792742205,0.0002705004032738909,0.0002174704277422279,1.0873521387111397e-05
8769,0.00030308577199577257,0.00022399720608883922,0.0001444604276912287,7.223021384561434e-06
8770,0.00038082724834676007,0.00029992787518513266,0.0001584614801686257,7.923074008431286e-06
8771,0.00029870689473769803,0.0002208162151914681,6.505724741145968e-05,3.2528623705729842e-06
8772,0.00027479928829847786,0.0002010273507847515,4.10758912039455e-05,2.053794560197275e-06
8773,0.00010099759762562333,3.845579043218006e-05,-0.00010583041876088828,-5.291520938044415e-06
8774,3.763848422506925e-05,-1.3341354588225152e-05,-0.00012515649723354727,-6.257824861677364e-06
8775,-9.519530805523761e-05,-0.00013177430710243807,-0.00019764518947340548,-9.882259473670275e-06
8776,-5.394972850708118e-05,-8.006385544650323e-05,-0.0001387653755955398,-6.938268779776991e-06
8777,-0.00013283841495798605,-0.00014737581848894713,-0.00017863838002085686,-8.931919001042844e-06
8778,5.025145421146403e-05,3.9016317339506934e-05,-3.106788426521234e-05,-1.5533942132606171e-06
8779,-0.0001081768192646057,-0.00010952914754510626,-0.00017268526426050812,-8.634263213025407e-06
8780,-0.00017005008004357394,-0.00015953429075944925,-0.00022580263612326235,-1.1290131806163118e-05
8781,-9.582400081067916e-05,-7.798249509008167e-05,-0.00015163970238063484,-7.581985119031743e-06
8782,1.863494729099302e-05,3.790483443817445e-05,-4.724726750282571e-05,-2.3623633751412854e-06
8783,-3.9704838521280376e-05,-1.6057843611826617e-05,-0.00011286057269899175,-5.643028634949588e-06
8784,2.4082553565391934e-05,4.917068976027614e-05,-6.10181778029073e-05,-3.0509088901453654e-06
8785,7.650206575006534e-05,0.00010043348917175702,-1.3184342606109567e-05,-6.592171303054784e-07
8786,-3.535314184053281e-05,-6.321070736251802e-06,-0.0001388764794683084,-6.94382397341542e-06
8787,-0.00018905577291275435,-0.00014762848358691876,-0.0002900405088439584,-1.450202544219792e-05
8788,-0.00017012112623792115,-0.00011819940776069584,-0.0002662329061422497,-1.3311645307112486e-05
8789,-0.00010641579530237775,-4.8526982323683824e-05,-0.00019150292791891843,-9.575146395945922e-06
8790,3.473149908014878e-05,9.077672360410506e-05,-4.734839967568405e-05,-2.3674199837842027e-06
8791,3.1904858707276975e-05,8.594458237247596e-05,-4.714419992524199e-05,-2.3572099962621e-06
8792,0.0002336963145665592,0.0002773637473716925,0.00012076980056008324,6.038490028004162e-06
8793,9.813163631088418e-05,0.00013929659363621588,-2.6505747882765718e-05,-1.325287394138286e-06
8794,2.804894254367748e-05,7.068246410836042e-05,-9.979119204217568e-05,-4.989559602108785e-06
8795,2.2930761053422765e-05,6.71099117597742e-05,-0.00010058024054160342,-5.029012027080171e-06
8796,4.846639473475161e-05,9.254329725773615e-05,-6.900742300786078e-05,-3.450371150393039e-06
8797,5.363624631337565e-05,9.682173715071922e-05,-5.3824969654669985e-05,-2.6912484827334993e-06
8798,5.454314562872657e-05,9.731222792507915e-05,-6.234721513465047e-05,-3.1173607567325238e-06
8799,0.0001022734535838216,0.0001443995733507567,-5.6553999456809834e-05,-2.8276999728404917e-06
8800,2.446032251582483e-05,7.054525103165515e-05,-0.00014736424782313406,-7.368212391156703e-06
8801,3.5786531796351305e-05,8.604624028972588e-05,-0.00015489835641346872,-7.744917820673437e-06
8802,0.00027696603120111273,0.0003206090847628049,5.671746839652769e-05,2.835873419826385e-06
8803,0.00025885649865462455,0.0002965573920635923,4.75916858704295e-05,2.379584293521475e-06
8804,0.0002626265443843909,0.00029584196217846866,2.5893619749695063e-05,1.2946809874847532e-06
8805,0.0003067079860833807,0.0003338762044802286,6.432277587009594e-05,3.216138793504797e-06
8806,0.00026747109741810947,0.0002912512511091084,1.9758859707508236e-05,9.879429853754119e-07
8807,0.0004065291870633352,0.00042156390358474535,0.00013348754146136343,6.674377073068172e-06
8808,0.0004887297921573411,0.0004918920075467507,0.00020703274640254676,1.035163732012734e-05
8809,0.0006588477212858211,0.0006444524662226759,0.0003364611475262791,1.6823057376313954e-05
8810,0.000634309245776898,0.0006062454896811307,0.0002817345957737416,1.4086729788687081e-05
8811,0.0005600198315367595,0.0005243852376389424,0.0001818561868276447,9.092809341382235e-06
8812,0.0005733288885087871,0.0005311972943513524,0.00017616109107621014,8.808054553810507e-06
8813,0.0006467712276510558,0.0005953530272607975,0.00024428858887404203,1.2214429443702103e-05
8814,0.0005197727613036372,0.0004650507104713201,0.00013836065772920847,6.918032886460424e-06
8815,0.0005704995851986453,0.0005112403193273881,0.00017147866310551763,8.573933155275882e-06
8816,0.0005205735935979919,0.0004593415435685893,0.00012782268458977342,6.391134229488671e-06
8817,0.0005769707759987143,0.0005125011752965952,0.00015794861246831715,7.897430623415858e-06
8818,0.0005697062349595413,0.0005023227119760211,0.0001564642006997019,7.823210034985096e-06
8819,0.0006420824268525122,0.0005689532471019293,0.00021783304691780359,1.089165234589018e-05
8820,0.0006599073144098653,0.0005804932311297037,0.00023600418353453279,1.180020917672664e-05
8821,0.0007701003173615449,0.0006792900786298109,0.000347151915775612,1.7357595788780602e-05
8822,0.0007306137346521269,0.000631294351604905,0.0003038833092432469,1.5194165462162347e-05
8823,0.0005330318444799074,0.00043488961193200164,0.0001239458069903776,6.197290349518881e-06
8824,0.0005345427477618163,0.0004372328713216959,0.0001349656085949391,6.748280429746956e-06
8825,0.0005114367383863707,0.00041562019618603157,0.00012251318548806012,6.125659274403006e-06
8826,0.0005323290047391461,0.00043780033688010716,0.00012546566722448915,6.273283361224458e-06
8827,0.0005244046019690662,0.00043129658679386134,0.0001211179987876676,6.0558999393833805e-06
8828,0.000538126625859286,0.00044588763954878785,0.0001301249722018838,6.50624861009419e-06
8829,0.0004860571351002916,0.0003973988422265108,7.427435048157349e-05,3.7137175240786747e-06
8830,0.0004786328544879064,0.00039408865119706487,5.951250568614341e-05,2.9756252843071707e-06
8831,0.0004352879590038496,0.0003557434999261697,3.6241694033378735e-05,1.812084701668937e-06
8832,0.00044378525812507853,0.0003675765850635928,6.25442189630121e-05,3.1272109481506052e-06
8833,0.00040832660169977267,0.00033499665615536675,6.578215106856078e-05,3.289107553428039e-06
8834,0.0003362261873313744,0.0002687884456839004,4.6310356083267834e-07,2.3155178041633918e-08
8835,0.00024091412280699987,0.0001830506178890314,-8.082648128038272e-05,-4.041324064019136e-06
8836,0.0001610995528177135,0.00011523712512736482,-0.00014157964324112982,-7.078982162056491e-06
8837,3.9283374135568714e-05,8.507133903826693e-06,-0.00021959879086352885,-1.0979939543176443e-05
8838,0.00019786906242390254,0.00017195371739135463,-3.597121758502908e-05,-1.7985608792514541e-06
8839,0.00022604476118232464,0.00020329741036653274,-1.4806972103542648e-05,-7.403486051771324e-07
8840,0.00040230223590791945,0.000375003822294437,0.00013165007112547755,6.582503556273878e-06
8841,0.0004287780889773177,0.0003952804295135913,0.0001660051930230111,8.300259651150554e-06
8842,0.00048128831987298565,0.00043908121612940037,0.00022275891387835145,1.1137945693917573e-05
8843,0.00034309564327810035,0.00029998376327769726,7.762251334497705e-05,3.881125667248852e-06
8844,0.0004299030279819882,0.0003827248828899879,0.0001459158374927938,7.29579187463969e-06
8845,0.0004880479329491486,0.00043512572495676115,0.0001853534486144781,9.267672430723907e-06
8846,0.00044575682972748757,0.00038994672708024953,0.0001360530441161245,6.802652205806226e-06
8847,0.0002995183592641544,0.00024740611026472886,1.0129768270417117e-05,5.064884135208559e-07
8848,0.00041072486085870377,0.0003571033829326049,0.00011289375106571242,5.644687553285622e-06
8849,0.0003748890866641245,0.00032113235188388213,8.635325502837077e-05,4.317662751418539e-06
8850,0.0002052642662811866,0.00015974367818277654,-8.058486127993092e-05,-4.0292430639965465e-06
8851,0.0001148113206325721,8.037401018111101e-05,-0.00014533603098243475,-7.266801549121738e-06
8852,0.0002354283880433563,0.00020449709318523271,-7.533098141720984e-06,-3.766549070860492e-07
8853,0.0004228846740656656,0.00038633837705292275,0.0001662345021031797,8.311725105158985e-06
8854,0.0003339086290438664,0.00029694655178337265,6.439608114305884e-05,3.219804057152942e-06
8855,0.0004541628636200106,0.0004125372618503454,0.00015057431301102042,7.5287156505510214e-06
8856,0.00029397232627108446,0.00025530981996504053,3.036566567971022e-06,1.518283283985511e-07
8857,0.0003410612633924602,0.00030215507733496186,6.620326894335449e-05,3.3101634471677245e-06
8858,0.00041795973489996665,0.00037414150338756436,0.00015943709877319634,7.971854938659818e-06
8859,0.0004968586142361268,0.0004455730134491465,0.0002152612287318334,1.0763061436591671e-05
8860,0.0004762627477554384,0.0004198106150571266,0.0001782958279363811,8.914791396819056e-06
8861,0.00041634659730319253,0.00035891668727258246,0.00010299374116584659,5.14968705829233e-06
8862,0.000372100946573358,0.00031673326284595337,4.637930032913573e-05,2.3189650164567865e-06
8863,0.00032043000589468954,0.00026801325634002066,2.8201891836943105e-05,1.4100945918471554e-06
8864,0.00019242630639407002,0.00014712015136900233,-5.801012594019994e-05,-2.9005062970099974e-06
8865,8.767635854158556e-05,5.304192048032956e-05,-0.00013728866179008037,-6.8644330895040184e-06
8866,0.00016442656009557177,0.00013563080842492913,-5.40653636562638e-05,-2.70326818281319e-06
8867,0.0003204399504776899,0.0002872456458406566,0.00013987859711050987,6.993929855525494e-06
8868,0.00032185795810211603,0.0002839170261122268,0.00014698467566631734,7.349233783315867e-06
8869,0.0002828649267056695,0.0002427362123153109,0.00010047105752164498,5.02355287608225e-06
8870,0.00019533608510535972,0.00015791446478108582,6.478654540842399e-06,3.2393272704212e-07
8871,0.00023195943905669243,0.00019554042272700186,3.943201954825781e-05,1.971600977412891e-06
8872,0.0002777521368539042,0.00023987449507793367,8.724919462110847e-05,4.362459731055424e-06
8873,0.0002035692933602995,0.00016843469750253,4.094225005246699e-06,2.0471125026233496e-07
8874,0.00023382263640187639,0.00019903187650593816,4.975100091542117e-05,2.487550045771059e-06
8875,0.00031989439848793247,0.00028139957843347,0.00012948612857144326,6.474306428572163e-06
8876,0.0003525159402300133,0.0003097339810214907,0.00014427656424231827,7.213828212115914e-06
8877,0.0005123212361306606,0.0004563925189881163,0.00032682603341527283,1.634130167076364e-05
8878,0.00031708275420379734,0.0002592614845753286,0.00011655109847197309,5.827554923598655e-06
8879,4.795763304119799e-05,1.8662207999501437e-06,-0.00014840319636277854,-7.420159818138927e-06
8880,-4.782443375318246e-05,-7.963943154862857e-05,-0.00020784710068255663,-1.0392355034127832e-05
8881,-3.160303416744221e-05,-5.327716313026131e-05,-0.00014200985606294125,-7.100492803147063e-06
8882,5.190347982532228e-05,3.338748169107177e-05,-1.8779493984766304e-05,-9.389746992383153e-07
8883,3.771255196951337e-06,-9.954320085138482e-06,-6.072114410926588e-05,-3.036057205463294e-06
8884,0.0001641076580375268,0.00014692484476968746,9.57800293690525e-05,4.789001468452626e-06
8885,0.00020924101843657953,0.00018558602859745926,0.00015629846893716604,7.814923446858303e-06
8886,0.00022735785483222356,0.00019765056419051037,0.0001542680838610977,7.713404193054884e-06
8887,0.000189319297805286,0.00015711255885819973,9.151866834145039e-05,4.57593341707252e-06
8888,0.00029971258019088784,0.0002608943900521117,0.0001793584378901869,8.967921894509346e-06
8889,0.00025487117492715045,0.00021253205221410988,0.00012610539852175862,6.305269926087931e-06
8890,0.00039789290156840517,0.0003454424650307775,0.00026459977380000055,1.3229988690000028e-05
8891,0.00037653350588506053,0.00031608872868913075,0.00023463054094463587,1.1731527047231794e-05
8892,0.00041765996055339455,0.00034922092887079904,0.0002471147745382041,1.2355738726910204e-05
8893,0.0004342159324637072,0.00035761481930681333,0.00026300139143131673,1.3150069571565837e-05
8894,0.0005571324012685267,0.0004680046642341382,0.0003630020946729928,1.815010473364964e-05
8895,0.0005637894424905029,0.0004637798397290041,0.0003471225791145116,1.7356128955725582e-05
8896,0.0004991624869077364,0.000393218355239879,0.00026523941778577864,1.3261970889288933e-05
8897,0.0006285325662859974,0.0005106053547037062,0.0003984894137829542,1.9924470689147714e-05
8898,0.000623240859597513,0.000493122013602787,0.00041898389463312924,2.0949194731656465e-05
8899,0.0007097275706554925,0.0005645411645835281,0.0004945730906911194,2.4728654534555974e-05
8900,0.0007250344387003277,0.0005660283386666741,0.0004911458236165345,2.4557291180826726e-05
8901,0.0006969306615263541,0.000526746765135978,0.00045994785614311695,2.2997392807155848e-05
8902,0.0007763412141526905,0.000592954639868028,0.0005195626872591674,2.5978134362958372e-05
8903,0.0007623700088061001,0.0005688384933878953,0.0004785273049492389,2.3926365247461945e-05
8904,0.0007494352947394441,0.0005487817445615064,0.0004356028512120247,2.1780142560601234e-05
8905,0.0008461703599326327,0.000634726512438597,0.0005225794739089906,2.6128973695449533e-05
8906,0.0009610986885184676,0.0007340470545024187,0.0006346036097966135,3.173018048983067e-05
8907,0.0008054049626583714,0.0005714926904242653,0.0004807998484466225,2.4039992422331127e-05
8908,0.0008449265240670411,0.0006030299247137406,0.000518008426297456,2.5900421314872803e-05
8909,0.0007574629304996877,0.0005118416735690564,0.0004461944627109915,2.2309723135549575e-05
8910,0.0006732706292565435,0.00042795331958427545,0.00037434877594932914,1.8717438797466458e-05
8911,0.000602804212248312,0.0003603746778522841,0.00032571033807471395,1.6285516903735697e-05
8912,0.0006777478576300601,0.000433674512077006,0.00041469905409030616,2.073495270451531e-05
8913,0.0006115244126101622,0.000369342535735157,0.0003449617070145905,1.7248085350729527e-05
8914,0.0006357078921145969,0.0003935947597685655,0.0003799497790168971,1.8997488950844854e-05
8915,0.0006776866074977371,0.00043314357039246783,0.0004292959056328982,2.146479528164491e-05
8916,0.0006379748779468044,0.0003926011048877131,0.00039943205774761736,1.997160288738087e-05
8917,0.00048349110923634025,0.00024434350498637043,0.0002599100407678634,1.2995502038393171e-05
8918,0.0006052732183885757,0.0003642035641313704,0.00041744729969650507,2.0872364984825253e-05
8919,0.0005283547429911866,0.00028843771342601797,0.0003557467716746032,1.7787338583730163e-05
8920,0.0005243648568583483,0.0002857535995039336,0.0003514857671689242,1.7574288358446213e-05
8921,0.0006448923227870246,0.00040199575327719777,0.00046158218174241483,2.3079109087120742e-05
8922,0.0006064566345741982,0.00036172791578545935,0.0004160201351623982,2.080100675811991e-05
8923,0.0005016237007410113,0.00026105323227212056,0.0002993281523231417,1.4966407616157086e-05
8924,0.0005168162399231164,0.0002796654525330461,0.00031125289388000965,1.5562644694000483e-05
8925,0.0005652678783242023,0.00032764766185450407,0.00038462792872451246,1.9231396436225623e-05
8926,0.0004333327711434171,0.00020126567722092187,0.00026294923736713827,1.3147461868356914e-05
8927,0.00038109476764066003,0.0001561121154594837,0.0002264629292767495,1.1323146463837476e-05
8928,0.0003231846818631259,0.00010698975545329236,0.00018328134319745004,9.164067159872502e-06
8929,0.0003252004803217121,0.00011788743013382838,0.00016938519547693431,8.469259773846715e-06
8930,0.00011569892308099173,-7.373643637439062e-05,-2.3742277335259132e-05,-1.1871138667629566e-06
8931,0.00015620847654613894,-1.955910305786954e-05,3.808506517088972e-05,1.904253258544486e-06
8932,-0.00013907605037071256,-0.0002903988957209853,-0.00019812124082818627,-9.906062041409314e-06
8933,-8.75534999664371e-05,-0.00022028714433160832,-0.00011204821203136817,-5.602410601568409e-06
8934,-2.1031692069466357e-05,-0.00014112942426218906,-2.236882210127078e-05,-1.118441105063539e-06
8935,0.00010504385751011926,-1.0012760027464993e-05,0.0001065018805093132,5.3250940254656605e-06
8936,9.432879604970155e-05,-1.6215778303935846e-05,0.0001036447865772061,5.182239328860306e-06
8937,0.00015764769259106356,4.9105762002739355e-05,0.0001439587795175612,7.19793897587806e-06
8938,0.00016254679335289096,5.5182271097950886e-05,0.00015448084741365165,7.724042370682583e-06
8939,0.00010183432019635215,-2.880995143361119e-06,0.00012158996105426922,6.079498052713462e-06
8940,4.492780025371609e-05,-5.4743596125945584e-05,7.000307232374325e-05,3.5001536161871628e-06
8941,0.00015131729891570744,5.148752911270808e-05,0.00016749284986872226,8.374642493436114e-06
8942,0.00024619908638223194,0.00014163736142803487,0.00025597240892238915,1.2798620446119457e-05
8943,0.00024266306644492557,0.00013393065292554833,0.00024757921346463263,1.2378960673231633e-05
8944,0.00018331208452570342,7.401687215375722e-05,0.00018018802802544087,9.009401401272043e-06
8945,-5.616426834048201e-05,-0.00015388678875480363,-5.9536043409025297e-05,-2.976802170451265e-06
8946,-9.46960136166068e-05,-0.00018134670935436248,-5.910725667490624e-05,-2.955362833745312e-06
8947,-0.00016686961031950895,-0.00024130514212191212,-9.604865044821054e-05,-4.802432522410527e-06
8948,-0.0002686388484041197,-0.0003288551427906902,-0.0001530756417196244,-7.65378208598122e-06
8949,-0.00018906874980165276,-0.00024140192941184862,-4.6396082325372845e-05,-2.3198041162686423e-06
8950,-0.0001543079116163765,-0.00020174229269786953,-1.8152111351810163e-06,-9.076055675905082e-08
8951,-0.00022534147201211242,-0.00026535557232595507,-6.258620851440355e-05,-3.1293104257201778e-06
8952,-9.582394967817058e-05,-0.0001347988705614942,5.40375076525379e-05,2.701875382626895e-06
8953,-2.2530164549968142e-06,-4.496679007411871e-05,0.00014453967742156237,7.226983871078119e-06
8954,0.00013421710607327536,8.299802093615101e-05,0.00024173225392587483,1.2086612696293742e-05
8955,0.0001348708294320836,7.602183045004162e-05,0.00023339195467997342,1.1669597733998672e-05
8956,0.00024208911956668947,0.000172002863018243,0.0003166762471664697,1.5833812358323485e-05
8957,0.00019731538722523963,0.00011994798097548386,0.0002529895573388785,1.2649477866943926e-05
8958,-2.362445706734554e-05,-9.537402409123302e-05,8.27461826702347e-06,4.137309133511735e-07
8959,-0.00014876171297067376,-0.0002092717616898338,-0.00010426745575387031,-5.213372787693515e-06
8960,-6.566342578076972e-05,-0.00012004283165459594,-1.280779906664975e-05,-6.403899533324876e-07
8961,-0.00013500185042143004,-0.00018187836231177453,-5.008717198506929e-05,-2.504358599253465e-06
8962,-0.00033450795216485434,-0.00036588520940618953,-0.00022087259276304394,-1.1043629638152198e-05
8963,-0.00015487551906338,-0.00018086856893709033,-3.7644029362127185e-05,-1.8822014681063594e-06
8964,-0.00011796715651429744,-0.00014130554296829805,4.53576649306342e-06,2.2678832465317102e-07
8965,0.00015439338283051166,0.00012218454426787673,0.00022781093139201403,1.1390546569600702e-05
8966,0.0002925910110703327,0.0002449629713888142,0.0003647619450930506,1.823809725465253e-05
8967,0.0001948724052108623,0.00013866471199174148,0.00024540763115510345,1.2270381557755173e-05
8968,0.00022326823633838337,0.00015772153236530577,0.0002758024202194065,1.3790121010970325e-05
8969,0.00020136048770222882,0.00012869385783027172,0.00024655042216181755,1.2327521108090878e-05
8970,0.0002695581335952514,0.00018822382929906717,0.0002904786670114845,1.4523933350574227e-05
8971,0.00016360966519554844,7.893634833887504e-05,0.00019759124552365392,9.879562276182698e-06
8972,0.00020535324469299904,0.00011652918851668319,0.0002213977713836357,1.1069888569181786e-05
8973,0.0002726812469456538,0.00017699303676533843,0.0002817229542415589,1.4086147712077946e-05
8974,0.000350590500122556,0.0002452921952118313,0.0003445188922341913,1.7225944611709567e-05
8975,0.00046283171821647585,0.0003440241673006359,0.00043331083725206554,2.166554186260328e-05
8976,0.00039338194063101654,0.0002645616153689692,0.00037941907066851854,1.8970953533425927e-05
8977,0.00031140377227162737,0.00017709361855038023,0.0003039746661670506,1.519873330835253e-05
8978,0.0005418320427206112,0.0003912291532758121,0.0005296123563311994,2.6480617816559973e-05
8979,0.0004160566297430358,0.00025585704825058914,0.00041596844675950706,2.0798422337975356e-05
8980,0.0005221348682936453,0.00034874324160252785,0.000504937139339745,2.5246856966987253e-05
8981,0.0004429551953312893,0.000261598804635509,0.0004197153903078288,2.098576951539144e-05
8982,0.0004749318675052325,0.0002848957684866586,0.0004491275758482516,2.245637879241258e-05
8983,0.0004723792899530895,0.00027406108242379097,0.00045537465484812856,2.276873274240643e-05
8984,0.00048584526638724494,0.0002803749013259638,0.0004462395154405385,2.2311975772026927e-05
8985,0.0006294227790960741,0.0004117432883924193,0.000559464970137924,2.7973248506896198e-05
8986,0.0004965332390609492,0.00027489152531627966,0.00041099608642980456,2.054980432149023e-05
8987,0.0004977535013254145,0.00027203878939335884,0.0004233487998135388,2.116743999067694e-05
8988,0.0004280328704230745,0.0002011435901996199,0.00037320636329241097,1.866031816462055e-05
8989,0.00026197122846299473,4.1632089944779805e-05,0.00022284177248366177,1.1142088624183089e-05
8990,0.00025364521950701883,3.840806036723522e-05,0.0002470234758220613,1.2351173791103066e-05
8991,0.0003284348214292138,0.00011369940869042093,0.00033224871731363237,1.661243586568162e-05
8992,0.00037069200848562913,0.00015431856538742115,0.00037196764606051147,1.8598382303025575e-05
8993,0.00043932324562315195,0.0002182982552343573,0.00043265303247608244,2.1632651623804122e-05
8994,0.0005486238954640099,0.0003177734970240353,0.0005408045253716409,2.704022626858205e-05
8995,0.0005316608791232026,0.00029455961360205134,0.00048063768190331757,2.403188409516588e-05
8996,0.0005495265812467861,0.0003064872617121516,0.0004847751697525382,2.423875848762691e-05
8997,0.0003536105217679345,0.00011433251028665283,0.00030052268994040787,1.5026134497020395e-05
8998,0.0003209794191000889,8.607949708457905e-05,0.00028825391200371087,1.4412695600185544e-05
8999,0.00034562923481036285,0.00011202650723539705,0.0003456470731180161,1.7282353655900807e-05
9000,0.0004558412857847656,0.00021815589404153155,0.00045037121162749827,2.2518560581374916e-05
9001,0.0005115038116535621,0.00026809547752921944,0.00048604284529574215,2.4302142264787108e-05
9002,0.0005366429073373408,0.00028778203307803547,0.00048728540423326194,2.43642702116631e-05
9003,0.00043866370737273336,0.00018950122810101533,0.0003921003662981093,1.9605018314905466e-05
9004,0.00040108689828512997,0.00015334661286417635,0.0003609093837440014,1.804546918720007e-05
9005,0.0004008173882149573,0.00015389084398507804,0.00037295251968316734,1.8647625984158368e-05
9006,0.0002924308044770375,5.1442522221577674e-05,0.0002696240262594074,1.3481201312970371e-05
9007,0.00020068332248062557,-3.098555879132238e-05,0.00019591623276937753,9.795811638468877e-06
9008,0.00039981287615882565,0.00016722131317637844,0.0003893862885888666,1.946931442944333e-05
9009,0.000384945732841926,0.00015170117419160937,0.0003805447486229241,1.9027237431146205e-05
9010,0.0005340586398267804,0.000294774083632099,0.00048760176287032664,2.4380088143516334e-05
9011,0.0006349622787433696,0.00038593815750682936,0.000567195878829807,2.8359793941490355e-05
9012,0.000574884655133241,0.00032092366289167474,0.00048273729044012725,2.4136864522006365e-05
9013,0.0007748951143062023,0.0005094506026364652,0.0006228919955901802,3.114459977950901e-05
9014,0.0007543262171339705,0.00048112196853949046,0.0005630870000459254,2.815435000229627e-05
9015,0.000735474750439772,0.00045764144944558194,0.0005136101972311735,2.568050986155868e-05
9016,0.0007788675736726945,0.0004941886481959788,0.0005674533895216882,2.837266947608441e-05
9017,0.0008726180732520813,0.0005774973975963179,0.000649654830340296,3.24827415170148e-05
9018,0.0009369371350566722,0.0006301753876685769,0.0006877043633721769,3.438521816860885e-05
9019,0.0007659575758526348,0.000457571816506008,0.0005040360265411437,2.5201801327057184e-05
9020,0.0006265616983886271,0.0003232618307999139,0.0003777830279432237,1.8889151397161187e-05
9021,0.000708721625551086,0.0004068218152154435,0.00044959704973734915,2.247985248686746e-05
9022,0.0006874051734592876,0.0003875015989186416,0.00043558754259720445,2.1779377129860224e-05
9023,0.0006886614127433253,0.00039127423505995685,0.00042244960786774755,2.1122480393387378e-05
9024,0.0006478967493782813,0.0003546299730947983,0.0003868820203933865,1.9344101019669324e-05
9025,0.000709577527289308,0.00041800484230432934,0.0004300760047044605,2.1503800235223027e-05
9026,0.0004944711876721439,0.00021425523145739004,0.0002331419091206044,1.165709545603022e-05
9027,0.00043274912345224307,0.00016495466263763382,0.00019941525533795357,9.97076276689768e-06
9028,0.00042958066658588685,0.00017283299420931575,0.0002101021964335814,1.0505109821679071e-05
9029,0.00048531079537366436,0.00023600250032201138,0.00026510635507293046,1.3255317753646523e-05
9030,0.0003120730037491641,7.73149134723976e-05,0.00010911917343037203,5.4559586715186015e-06
9031,0.00024150803462119624,2.235688386238506e-05,6.85991471982561e-05,3.4299573599128053e-06
9032,0.00036207096738878554,0.00015151920189449556,0.0001861943892436102,9.30971946218051e-06
9033,0.00021180475831371898,1.536741380172058e-05,5.892978151678108e-05,2.946489075839054e-06
9034,0.0002188993331897362,3.448759977854539e-05,8.052399061853066e-05,4.026199530926533e-06
9035,0.00017289884049208982,1.5153962164476274e-06,4.108706707484089e-05,2.0543533537420443e-06
9036,0.00015232265462371446,-6.582775552381724e-06,3.204084714525379e-05,1.6020423572626898e-06
9037,0.00017740969296943128,2.790449204900759e-05,7.38237431505695e-05,3.691187157528475e-06
9038,0.00018870206529293188,4.569837265037818e-05,0.00011511983029777184,5.7559915148885926e-06
9039,0.0001473658255299506,1.0358429232772187e-05,0.00011254181299591437,5.627090649795719e-06
9040,8.701055568029934e-05,-4.3188227538207535e-05,8.570584031986073e-05,4.285292015993037e-06
9041,0.00021330560739624333,8.313212161785453e-05,0.00021061269217170775,1.0530634608585388e-05
9042,0.00026520902902638744,0.00013241898261124902,0.00025934449513442814,1.2967224756721408e-05
9043,0.000111639028647107,-1.5759750177204406e-05,0.00010015999578172341,5.0079997890861705e-06
9044,9.298191212965911e-05,-2.9290687492010477e-05,0.00010059918713523075,5.029959356761538e-06
9045,5.2290669027283594e-05,-6.464415993226233e-05,8.976485696621239e-05,4.48824284831062e-06
9046,0.00013299469261444572,1.7165992278533845e-05,0.0001665861636865884,8.329308184329421e-06
9047,0.0002590270946114028,0.00013855498166430666,0.0002773147134575993,1.3865735672879965e-05
9048,0.0003724458276356949,0.00024257779581592307,0.0003753256460186094,1.876628230093047e-05
9049,0.0003386842335764468,0.0002026124150549817,0.00032173554063774645,1.6086777031887325e-05
9050,0.0003569689381919424,0.0002159375744859229,0.0003067895013373345,1.5339475066866725e-05
9051,0.00045122328720024893,0.0003018234245473544,0.0003835796087514609,1.9178980437573045e-05
9052,0.00048794924544522214,0.0003299513014607558,0.00039958456181921065,1.9979228090960534e-05
9053,0.0003220397712733555,0.00016442631753280822,0.000232639693422243,1.163198467111215e-05
9054,0.00042724649965599995,0.0002650652673223037,0.00033616527798585594,1.6808263899292798e-05
9055,0.0005220700432934887,0.00035099763209029127,0.00042877899250015616,2.143894962500781e-05
9056,0.0004488053273578749,0.0002738674632819542,0.00033924353192560375,1.696217659628019e-05
9057,0.0003055122177570113,0.00013466468681231356,0.00018807404558174312,9.403702279087156e-06
9058,0.000351878951453863,0.00018307393194323538,0.0002280947519466281,1.1404737597331406e-05
9059,0.0003654945345870403,0.00019808056561447057,0.000238783672102727,1.193918360513635e-05
9060,0.00044037874854260003,0.0002717039575167393,0.0002895767684094608,1.447883842047304e-05
9061,0.00045390095149394605,0.0002835378690130956,0.0002984929014928639,1.4924645074643195e-05
9062,0.00047247536179001947,0.0002993498992577592,0.00032175375963561237,1.608768798178062e-05
9063,0.0006384915527716635,0.0004548494335070239,0.0004802005714736879,2.4010028573684396e-05
9064,0.0006220431444841584,0.00043008131685876385,0.0004477551265154034,2.238775632577017e-05
9065,0.000608999732759366,0.00041003837165913147,0.0004338185826782137,2.1690929133910686e-05
9066,0.00044979960917144123,0.0002519377146400993,0.00028339572600089014,1.4169786300044507e-05
9067,0.0005642616279222031,0.0003619750924783728,0.0003972249396611005,1.9861246983055025e-05
9068,0.00045270947140020823,0.00025079071065304827,0.0003069505619350821,1.5347528096754105e-05
9069,0.0003666108986730436,0.00016982703359188532,0.00021338016085792333,1.0669008042896167e-05
9070,0.00047707145211185005,0.00028103092281345243,0.00029690322116948664,1.4845161058474333e-05
9071,0.0006077224481523949,0.0004054214492293171,0.000434612127719447,2.1730606385972353e-05
9072,0.0005735699199089063,0.00036760961554571143,0.00038776235305704176,1.938811765285209e-05
9073,0.0005805323702713218,0.00037142977036551026,0.0003829507331829518,1.9147536659147593e-05
9074,0.000488659032628616,0.00028040440176924574,0.0003083077317569405,1.5415386587847025e-05
9075,0.0005210151670917607,0.0003119459791988919,0.0003427068586461246,1.713534293230623e-05
9076,0.0005001266117741029,0.0002901188503105955,0.000346416694810614,1.73208347405307e-05
9077,0.0004007500764736328,0.00019385664787709966,0.0002667393709998578,1.333696854999289e-05
9078,0.0005004224237436426,0.0002919278006869691,0.00035855392343364656,1.792769617168233e-05
9079,0.00045167600973531155,0.00024355201520798116,0.000319718528771773,1.598592643858865e-05
9080,0.0006613173397817886,0.00044398048450349447,0.0005112580838613212,2.5562904193066063e-05
9081,0.0005735233461832359,0.000351255810427601,0.00043450863449834287,2.1725431724917144e-05
9082,0.00045381075953206373,0.00023321778300329916,0.00031058784225024283,1.552939211251214e-05
9083,0.0004732840327808278,0.0002529732114574741,0.0003399362612981349,1.6996813064906748e-05
9084,0.00034381076054254285,0.00012886226729202536,0.00023863196838647127,1.1931598419323565e-05
9085,0.00046055131377469765,0.0002464576638068619,0.0003236901538912207,1.6184507694561036e-05
9086,0.0005738616956009276,0.000355911016448234,0.0004151529283262789,2.0757646416313948e-05
9087,0.0006092770956137505,0.0003857232605815932,0.00045276005403138697,2.263800270156935e-05
9088,0.0005271626966648555,0.00030321820432109884,0.00035497508361004293,1.7748754180502148e-05
9089,0.0005879138667466614,0.00036184607616183463,0.00039247656241059303,1.9623828120529654e-05
9090,0.0005397349397462943,0.0003139583391353953,0.00034733620123006403,1.7366810061503203e-05
9091,0.0005539613077526956,0.00032844175312200037,0.00034893935662694275,1.7446967831347138e-05
9092,0.0006815367051919365,0.0004505044167524609,0.00046443691826425493,2.3221845913212748e-05
9093,0.0005275879530653471,0.00029906558600547396,0.0003093745617661625,1.5468728088308128e-05
9094,0.0005468710510010571,0.00031976560660250256,0.00033085697214119136,1.654284860705957e-05
9095,0.0006118602741766816,0.0003823250495392469,0.0004062712541781366,2.031356270890683e-05
9096,0.0005374841711521732,0.00030934338698099847,0.0003315651847515255,1.6578259237576277e-05
9097,0.0005589807196317818,0.0003312126271516208,0.0003513256961014122,1.756628480507061e-05
9098,0.0005976636298058345,0.00036774816961153753,0.0004011074488516897,2.0055372442584488e-05
9099,0.000489013721430997,0.00026271022357048356,0.00028776892577297986,1.4388446288648993e-05
9100,0.00042762372665949556,0.0002075029257123953,0.00023355362645816058,1.167768132290803e-05
9101,0.0004646409015498488,0.0002478359809923512,0.00028381802258081734,1.4190901129040868e-05
9102,0.0004245792205508916,0.00021241698562979086,0.00025136160547845066,1.2568080273922533e-05
9103,0.000488768759038078,0.0002787687542267596,0.000294202211080119,1.4710110554005952e-05
9104,0.0004272972658465954,0.0002225704320464394,0.0002272989513585344,1.136494756792672e-05
9105,0.00027822493917391034,8.512532927673851e-05,9.330937609774992e-05,4.665468804887496e-06
9106,0.0002677076649157879,8.499131965555102e-05,0.00010426196968182921,5.213098484091461e-06
9107,0.00023811104482114316,6.493372503134536e-05,0.00010574713815003633,5.287356907501817e-06
9108,0.0003141328850526107,0.00014663077689713557,0.0001678807457210496,8.39403728605248e-06
9109,0.00018695124295865952,3.0223760011011727e-05,5.4598964197793975e-05,2.729948209889699e-06
9110,0.00017863668360860885,3.319331808592848e-05,2.963531733257696e-05,1.481765866628848e-06
9111,0.00018479631699341642,4.9153707710185467e-05,4.270476711099036e-05,2.135238355549518e-06
9112,0.00038924991857274704,0.00025395577880488044,0.00021589608513750136,1.0794804256875069e-05
9113,0.00041209261700515955,0.00027614846251302775,0.0002294716250617057,1.1473581253085285e-05
9114,0.00042809661843841044,0.00029155207112643226,0.0002266678784508258,1.1333393922541291e-05
9115,0.0004238446642127086,0.00028770405362783325,0.00020647229393944144,1.0323614696972072e-05
9116,0.0004751208215618071,0.0003381012094352532,0.0002316972822882235,1.1584864114411176e-05
9117,0.00047229064690905117,0.0003349272410779141,0.00022168077703099698,1.108403885154985e-05
9118,0.0003817193504567768,0.00024904715728458067,0.00012157706805737689,6.0788534028688446e-06
9119,0.00035848520745544217,0.0002316036518547352,9.526212670607492e-05,4.763106335303747e-06
9120,0.00040040066989693217,0.0002774627533435164,0.00012492795940488577,6.246397970244289e-06
9121,0.0003191677851346128,0.00020356734432739498,5.0444246880942956e-05,2.522212344047148e-06
9122,0.00033096216466181,0.00022206594125420934,5.3462510550161824e-05,2.6731255275080913e-06
9123,0.00019151251217375089,9.487262022443322e-05,-6.777304952265695e-05,-3.3886524761328476e-06
9124,2.9026064295045036e-05,-4.953850286300813e-05,-0.00019994491594843566,-9.997245797421783e-06
9125,1.4140471392049324e-05,-4.824260878633474e-05,-0.00018548988737165928,-9.274494368582964e-06
9126,3.3315021180252703e-05,-1.6548744904438098e-05,-0.00013681137352250516,-6.840568676125259e-06
9127,-0.00010036282059511402,-0.00013301034331279231,-0.00025197764625772834,-1.2598882312886418e-05
9128,-5.376098023106612e-05,-7.271336500700222e-05,-0.00020625063916668296,-1.0312531958334149e-05
9129,-8.248890412199304e-05,-8.858802662049341e-05,-0.00021206753444857895,-1.0603376722428948e-05
9130,0.0001309591794891043,0.0001276620415628464,-3.214952812413685e-05,-1.6074764062068425e-06
9131,2.415040483164289e-05,2.7670762300530446e-05,-0.00012322948896326125,-6.161474448163063e-06
9132,-8.447166497101448e-05,-7.056218811021806e-05,-0.00020540777768474072,-1.0270388884237036e-05
9133,-7.6322224831119e-05,-5.4059017392757345e-05,-0.00017894436314236373,-8.947218157118187e-06
9134,-5.1814719109947894e-05,-2.3112356710029697e-05,-0.00015429001359734684,-7.714500679867343e-06
9135,8.121711094578155e-06,3.9150944613987273e-05,-8.361589425476268e-05,-4.180794712738134e-06
9136,-9.722307587502992e-05,-5.956884912214271e-05,-0.0001763777108862996,-8.818885544314982e-06
9137,-0.00023039383912048294,-0.0001807430199820913,-0.0002929846232291311,-1.4649231161456555e-05
9138,-0.0002446463964834241,-0.00018380840269483273,-0.0002921399427577853,-1.4606997137889267e-05
9139,-0.00013895096654757482,-7.345671663542657e-05,-0.00017847915296442807,-8.923957648221404e-06
9140,-0.0001957055207980394,-0.00012389153688946444,-0.00022300057753454894,-1.1150028876727447e-05
9141,-0.0001742269202183756,-9.839147901160268e-05,-0.00018774697673507035,-9.387348836753518e-06
9142,-5.9211435210630175e-05,1.4587884329225328e-05,-7.48855309211649e-05,-3.744276546058245e-06
9143,-8.810981214925213e-05,-1.5313640304775873e-05,-9.702146053314209e-05,-4.851073026657105e-06
9144,-9.9963347884851e-05,-2.7011156544542323e-05,-0.00012007758050458506,-6.0038790252292536e-06
9145,-0.00027409716168311514,-0.00019252934851311392,-0.0002896557853091508,-1.4482789265457542e-05
9146,-0.00026473396646677945,-0.0001759513037715167,-0.0002704686776269227,-1.3523433881346137e-05
9147,-0.0002809536010062578,-0.0001854921410517699,-0.00027046873583458364,-1.3523436791729182e-05
9148,-0.0003228858515817266,-0.00021985438656840433,-0.0002992424997501075,-1.4962124987505377e-05
9149,-0.0004602853284491031,-0.0003452475895514442,-0.0003998993488494307,-1.9994967442471537e-05
9150,-0.00032426221278558485,-0.0002045109528017805,-0.0002707041858229786,-1.353520929114893e-05
9151,-0.0004080284039194024,-0.0002820021204593457,-0.0003133386780973524,-1.566693390486762e-05
9152,-0.0004833970069788741,-0.0003490312337795754,-0.0003655653272289783,-1.8278266361448916e-05
9153,-0.00044837565792261026,-0.00030940020712947165,-0.00030376456561498344,-1.5188228280749173e-05
9154,-0.00047364592189789745,-0.00032990395789594143,-0.00031680348911322653,-1.5840174455661327e-05
9155,-0.00047393573340894705,-0.0003259672063004166,-0.00031497233430854976,-1.5748616715427487e-05
9156,-0.0005677969828118751,-0.0004126314232181084,-0.00038248489727266133,-1.9124244863633068e-05
9157,-0.0005061027471934335,-0.0003474976343538283,-0.0003180199128109962,-1.590099564054981e-05
9158,-0.0004867155223617263,-0.00032510323938867434,-0.0003174084413331002,-1.587042206665501e-05
9159,-0.00023181864227646824,-7.879524999961653e-05,-9.21037353691645e-05,-4.605186768458225e-06
9160,-8.770312791843586e-05,5.0748293298349755e-05,3.277450741734356e-05,1.638725370867178e-06
9161,-0.00014049214209230842,-1.1975861318436619e-05,-4.4360614992910996e-05,-2.21803074964555e-06
9162,-2.0620745089944278e-05,9.585197027616336e-05,1.2913154932903126e-05,6.456577466451564e-07
9163,6.535359958659589e-05,0.0001679456537744705,6.666444096481428e-05,3.333222048240714e-06
9164,-7.237097328158209e-06,8.718920041247018e-05,-2.8059617761755362e-05,-1.4029808880877682e-06
9165,1.2188724664714612e-05,9.94906554788084e-05,-3.3850108593469486e-05,-1.6925054296734744e-06
9166,-3.801743792173753e-06,7.839728429683813e-05,-6.195829337229952e-05,-3.0979146686149763e-06
9167,-9.365003122785847e-05,-1.1033924888091233e-05,-0.00016301694267895073,-8.150847133947537e-06
9168,-4.292997469038887e-05,3.782140774291642e-05,-0.00011453868501121178,-5.72693425056059e-06
9169,-1.7916545619499823e-05,6.002138582024591e-05,-9.298180521000177e-05,-4.649090260500089e-06
9170,0.00014457694906168243,0.0002134513159100318,3.543549610185437e-05,1.7717748050927185e-06
9171,3.3769347740819065e-05,9.999938879686954e-05,-8.311335113830864e-05,-4.155667556915432e-06
9172,0.00011722732842644796,0.00017934440697050039,-4.767368591274135e-05,-2.3836842956370675e-06
9173,-8.423450141682186e-05,-1.6338269135886756e-05,-0.00023944697750266641,-1.1972348875133321e-05
9174,-0.0001552685041619105,-7.900388157928252e-05,-0.0002947876346297562,-1.4739381731487812e-05
9175,-9.910936393588488e-05,-1.8641365797819274e-05,-0.00022126581461634487,-1.1063290730817244e-05
9176,-5.576045474568998e-08,7.962794189009972e-05,-0.00012964056804776192,-6.482028402388096e-06
9177,-8.19087618289499e-05,9.399344761831567e-07,-0.00021127908257767558,-1.056395412888378e-05
9178,-0.00014317641128392224,-5.511891569628567e-05,-0.00025656275101937354,-1.2828137550968677e-05
9179,-2.8390853317141303e-05,6.0036302374018327e-05,-0.00016686218441464007,-8.343109220732003e-06
9180,-0.00016320770480187597,-6.889727882027713e-05,-0.00028054180438630283,-1.4027090219315142e-05
9181,1.6395770953934503e-05,0.00010823069492014188,-0.0001207456152769737,-6.037280763848685e-06
9182,0.00013708224149616032,0.00022105759100556836,-1.3836175639880821e-05,-6.918087819940411e-07
9183,0.00020196915527847888,0.000276152793678081,3.18156999128405e-05,1.5907849956420251e-06
9184,0.0002726162281269613,0.0003349020123495807,8.583359158365056e-05,4.2916795791825285e-06
9185,0.0002064197357249108,0.0002614183492847831,9.472050805925392e-06,4.736025402962696e-07
9186,0.00023512322424145223,0.00028308971607915196,1.728690040181391e-05,8.643450200906955e-07
9187,0.0003046444401882484,0.00034291733931336537,8.209028601413593e-05,4.1045143007067965e-06
9188,0.0002803825556341256,0.00031182325794518043,3.854520036838949e-05,1.9272600184194746e-06
9189,0.00028042560170293325,0.00030568046152130843,3.7355133827077225e-05,1.8677566913538614e-06
9190,0.00037842885846308175,0.0003941050693157,0.00011560158600332215,5.780079300166108e-06
9191,0.0003500979712947362,0.00035802988354160874,9.212145960191265e-05,4.606072980095633e-06
9192,0.00027165357829144577,0.00027669584286678546,7.560426638519857e-06,3.780213319259929e-07
9193,0.00030824171918419994,0.00030925752786808796,3.7869089283049107e-05,1.8934544641524555e-06
9194,0.000283011578000943,0.0002819310771148869,6.063560704205884e-06,3.031780352102942e-07
9195,0.0002767689220759804,0.00027419910878905435,-1.440703044863767e-06,-7.203515224318835e-08
9196,0.00010705248335592395,0.0001102574583291407,-0.00014349623234011233,-7.174811617005617e-06
9197,3.4106715224903135e-05,4.5135862692134384e-05,-0.00018887015176005661,-9.443507588002831e-06
9198,-0.00032430924569038763,-0.00029171002886281745,-0.00047310205991379917,-2.365510299568996e-05
9199,-0.00018892020231348872,-0.00014408082300524326,-0.0003111284750048071,-1.5556423750240356e-05
9200,-5.571651554529216e-05,-7.989760486995936e-06,-0.00014553542132489383,-7.276771066244692e-06
9201,2.9213018520147434e-05,7.501172975690324e-05,-6.041345841367729e-05,-3.0206729206838645e-06
9202,2.421922800276678e-05,6.844749838282858e-05,-7.014444418018684e-05,-3.507222209009342e-06
9203,-0.00012314331155472222,-7.410340905715327e-05,-0.00019741812138818204,-9.870906069409102e-06
9204,-0.0001650930359726539,-0.00010940906329593274,-0.00023878799402154982,-1.1939399701077492e-05
9205,-0.00018689623629534013,-0.00012465817159678584,-0.00024545806809328496,-1.2272903404664248e-05
9206,-0.000337109033482738,-0.00026300815503734853,-0.0003614720480982214,-1.807360240491107e-05
9207,-0.00021512556495076985,-0.00013730444005038696,-0.00021418331016320735,-1.0709165508160368e-05
9208,-0.00017562991926057574,-9.691159087801925e-05,-0.00016758067067712545,-8.379033533856273e-06
9209,-0.0003021146225558968,-0.00021617813383617793,-0.00029894200270064175,-1.4947100135032088e-05
9210,-0.0002709736835171919,-0.00018046762604985285,-0.0002551990619394928,-1.2759953096974642e-05
9211,-0.00025884087466756806,-0.0001647833260339446,-0.0002431502507533878,-1.215751253766939e-05
9212,-0.00021907528724907514,-0.0001235967941370075,-0.00020752755517605692,-1.0376377758802846e-05
9213,-0.00022636179234261812,-0.0001298670663163596,-0.00020385281823109835,-1.0192640911554919e-05
9214,-0.0002880719839957624,-0.0001875970212447591,-0.000266182265477255,-1.330911327386275e-05
9215,-0.0002481430504198963,-0.00014554715352826914,-0.00023441517259925604,-1.1720758629962802e-05
9216,-0.0002592851112692219,-0.00015370351374369243,-0.00025623777764849365,-1.2811888882424683e-05
9217,3.0158238494349976e-06,9.977039940651558e-05,-2.5021123292390257e-05,-1.251056164619513e-06
9218,-1.6087060915036463e-05,7.329879950286825e-05,-4.791792525793426e-05,-2.395896262896713e-06
9219,4.129137020827624e-05,0.00012194624131443626,-1.1471284778963309e-05,-5.735642389481655e-07
9220,0.0002458245740468488,0.0003078863039603469,0.00019744917517527938,9.87245875876397e-06
9221,0.00032831637109222194,0.0003701401585550939,0.000252614903729409,1.263074518647045e-05
9222,0.00018003941794594175,0.00021139615580449475,8.518801041645929e-05,4.259400520822965e-06
9223,8.893201432035841e-05,0.00011601067169593384,-1.7860071238828823e-05,-8.930035619414412e-07
9224,0.0001166677921983586,0.00013867951850636456,9.883624443318695e-06,4.941812221659347e-07
9225,3.854003971267795e-05,5.9305128217370195e-05,-5.711784615414217e-05,-2.855892307707109e-06
9226,2.8768039921366214e-05,4.8622770522739976e-05,-5.912167762289755e-05,-2.9560838811448776e-06
9227,-3.767907299151182e-05,-1.5659160506276287e-05,-0.00011802223889390007,-5.9011119446950035e-06
9228,4.702295664925231e-05,6.634924727436915e-05,-2.2036621885490604e-05,-1.1018310942745303e-06
9229,0.00019824011487164,0.0002076330924004022,0.00012484242324717343,6.242121162358672e-06
9230,0.0002573513931508912,0.0002558875719016172,0.00015371546032838523,7.685773016419262e-06
9231,0.00020863499780003408,0.00020097810587589885,7.496013859054074e-05,3.748006929527037e-06
9232,0.00021685049828404137,0.00020484503875020345,4.965793414157815e-05,2.482896707078908e-06
9233,0.00015660088827510187,0.00014284975633097491,6.294430932030082e-06,3.147215466015041e-07
9234,0.00035409072116296305,0.00032989314193361926,0.0001868333638412878,9.34166819206439e-06
9235,0.000360345801833804,0.00032601353721478177,0.00019489550322759897,9.74477516137995e-06
9236,0.0002015122983028264,0.0001668762898199546,1.444352437829366e-05,7.22176218914683e-07
9237,0.00019763825884467227,0.0001632893352739604,9.938258699548896e-06,4.969129349774449e-07
9238,0.00021093033028796813,0.00017573695992010143,3.597426621126942e-05,1.7987133105634713e-06
9239,0.00032666431730901544,0.0002838512592685501,0.00017496306099928916,8.748153049964458e-06
9240,0.00028634556193806647,0.00023872164263510415,0.00012872274965047836,6.436137482523918e-06
9241,0.0004078295562817714,0.00035099929652318145,0.00022680296387989074,1.1340148193994538e-05
9242,0.00025942616034037763,0.00020084882161168166,9.154962026514113e-05,4.577481013257057e-06
9243,0.0004739692758716493,0.0004046309209599412,0.00028082376229576766,1.4041188114788385e-05
9244,0.00038743453190850073,0.0003120580119446159,0.00020188864436931908,1.0094432218465955e-05
9245,0.00024384758179797983,0.0001700548743440413,6.229204882401973e-05,3.1146024412009866e-06
9246,0.00021150374851243545,0.00014106282072209227,3.120935070910491e-05,1.5604675354552457e-06
9247,0.00018074207476819542,0.00011378034334261237,2.781665898510255e-05,1.3908329492551275e-06
9248,0.00011776987680106181,5.577583161059751e-05,-5.139429049449973e-06,-2.5697145247249867e-07
9249,8.839634552868657e-05,3.2520642926816475e-05,-3.380531052243896e-05,-1.690265526121948e-06
9250,0.00023267127414936152,0.00017581930647928178,0.00010095880134031177,5.047940067015589e-06
9251,0.0001834223737980911,0.00012757906572418535,6.026488699717447e-05,3.0132443498587238e-06
9252,0.00013013212850744002,7.836584370881765e-05,-1.8997559436684242e-06,-9.498779718342121e-08
9253,7.856624827585834e-06,-3.4665155708297467e-05,-0.00010945312533294782,-5.472656266647391e-06
9254,3.1936283345906044e-05,-3.8372334223916695e-06,-6.996290903771296e-05,-3.498145451885648e-06
9255,-6.7301905494382005e-06,-3.552144833197033e-05,-8.505110599799082e-05,-4.252555299899541e-06
9256,0.00010163065013512801,7.268449854981424e-05,4.716322655440308e-05,2.3581613277201543e-06
9257,0.000176106545048867,0.00014326517358535866,0.00011888781591551378,5.94439079577569e-06
9258,0.0003033439074584243,0.00026111598964091606,0.00023258154396899045,1.1629077198449524e-05
9259,0.00034903413017686817,0.0002958146002885716,0.0002767359255813062,1.3836796279065311e-05
9260,0.00017005342065968016,0.00011590304329931082,9.153757855528966e-05,4.576878927764483e-06
9261,0.00033538281693278976,0.00027431496902709414,0.0002194317348767072,1.097158674383536e-05
9262,0.00034309322994766154,0.000275131087756383,0.00022814158000983298,1.1407079000491649e-05
9263,0.0005219464773636636,0.00043996593240331044,0.0003808206820394844,1.904103410197422e-05
9264,0.0005223599237500273,0.00042845104821153654,0.0003565232618711889,1.7826163093559445e-05
9265,0.0007021049526422392,0.0005899091531320555,0.0005019611562602222,2.5098057813011112e-05
9266,0.0006863883957577155,0.0005598697928862138,0.00044740879093296826,2.2370439546648415e-05
9267,0.0008313242393650437,0.0006874214048483741,0.0005319880438037217,2.6599402190186083e-05
9268,0.0007762135376105118,0.0006188961038233481,0.0004783912736456841,2.3919563682284208e-05
9269,0.0007355479768723991,0.0005686008130919448,0.0004255700041539967,2.1278500207699837e-05
9270,0.0006384537931890316,0.0004683369985480546,0.00031445451895706356,1.5722725947853178e-05
9271,0.0005391422506409948,0.0003718659262959823,0.00020423802197910845,1.0211901098955423e-05
9272,0.0005129571712016066,0.00034979310812506857,0.00017985879094339907,8.992939547169953e-06
9273,0.0004659929602485211,0.00030869035952958094,0.00014128614566288888,7.064307283144444e-06
9274,0.00042189235800573995,0.00027209694841770125,0.00010131049930350855,5.065524965175428e-06
9275,0.0004347896376025876,0.00029051627294831054,0.00013102831144351512,6.551415572175757e-06
9276,0.000547055734618624,0.00040284448319069597,0.0002310521376784891,1.1552606883924456e-05
9277,0.0004092475415795386,0.00027185597737542337,9.233589662471786e-05,4.616794831235894e-06
9278,0.00048156377146466815,0.00034714946437419935,0.00016120228974614292,8.060114487307146e-06
9279,0.0005083093830477414,0.0003750712355508147,0.00019128496933262795,9.564248466631398e-06
9280,0.0004799734962674742,0.0003494063514173893,0.00015797768719494343,7.898884359747172e-06
9281,0.00022286155378489943,0.00010663905408821369,-7.939084753161296e-05,-3.969542376580648e-06
9282,0.00039267376409275127,0.0002795918243822707,0.00012927697389386594,6.463848694693298e-06
9283,0.0002930819670107377,0.00018594309429179198,6.42903833067976e-05,3.21451916533988e-06
9284,5.734400253991957e-05,-3.433679560272403e-05,-0.0001351927494397387,-6.7596374719869345e-06
9285,-3.239572895077033e-05,-0.00010628588555222556,-0.00020006658451166004,-1.0003329225583003e-05
9286,4.0649859955020297e-05,-2.2073299922636416e-05,-9.171888086711988e-05,-4.585944043355995e-06
9287,-9.176719070779164e-05,-0.0001394213652466117,-0.00018945398915093392,-9.472699457546697e-06
9288,3.1137929278898776e-05,-9.585570680067166e-06,-4.865472510573454e-05,-2.4327362552867274e-06
9289,5.529432805653437e-06,-2.9131784105379593e-05,-4.624772191164084e-05,-2.3123860955820422e-06
9290,1.178737917102105e-05,-1.7489546782825934e-05,-4.415310831973329e-05,-2.207655415986665e-06
9291,7.706946153233354e-05,4.966098775157968e-05,1.640374648559373e-05,8.201873242796864e-07
9292,9.270577958175809e-05,6.663769447171381e-05,2.1103538529132493e-05,1.0551769264566247e-06
9293,3.3790120516401505e-05,1.2563828158721306e-05,-5.2519819291774184e-05,-2.6259909645887093e-06
9294,-6.535259126377731e-05,-7.816302660110058e-05,-0.00012985561625100672,-6.492780812550336e-06
9295,-2.3547986677717506e-05,-3.262436055356596e-05,-4.657634417526424e-05,-2.328817208763212e-06
9296,0.00016923043449573958,0.00015406795827507239,0.00014188516070134938,7.094258035067469e-06
9297,0.0001800026349517835,0.00015816283220993,0.00015579299360979348,7.789649680489675e-06
9298,0.0002008006657318777,0.00017154158741443615,0.00017797750479076058,8.89887523953803e-06
9299,0.00017455630309509674,0.00013897668893354708,0.0001661187270656228,8.30593635328114e-06
9300,0.00026918978685532745,0.00022447197989013945,0.00023247185163199902,1.1623592581599952e-05
9301,0.0002888813361176789,0.0002349575732904823,0.0002465181751176715,1.2325908755883574e-05
9302,0.0003859690398369539,0.00031847475834291176,0.0003475941775832325,1.7379708879161626e-05
9303,0.0004661204233687319,0.00038479811852263723,0.0003711839090101421,1.8559195450507107e-05
9304,0.00040136057671376693,0.00031212880004355935,0.0002732805151026696,1.3664025755133481e-05
9305,0.0003941405565196203,0.0002985494823691925,0.00025777352857403457,1.288867642870173e-05
9306,0.0002791060171030312,0.00018416215504543068,0.00012973611592315137,6.486805796157569e-06
9307,0.0004835044962469016,0.0003807352436006303,0.00030317888013087213,1.5158944006543608e-05
9308,0.0006457700878307329,0.0005284537251376855,0.00044673451338894665,2.2336725669447334e-05
9309,0.0005917911394597513,0.0004645238833231935,0.00037241660174913704,1.8620830087456855e-05
9310,0.0005243354196078482,0.0003920846293823146,0.0002894548524636775,1.4472742623183877e-05
9311,0.0005556509052385639,0.0004178568479862314,0.00031174623291008174,1.558731164550409e-05
9312,0.000553402012658447,0.0004100640624144659,0.00032137875678017735,1.6068937839008868e-05
9313,0.0005429260439964998,0.0003947783273075777,0.00031575278262607753,1.5787639131303877e-05
9314,0.0005227427669973016,0.0003712163062839798,0.00029526097932830453,1.4763048966415226e-05
9315,0.00037255897857266696,0.00022453427297920839,0.00016403596964664757,8.20179848233238e-06
9316,0.0004092596852750762,0.0002626317758865311,0.00020517446682788432,1.0258723341394217e-05
9317,0.000380887510217597,0.00023613160277005237,0.00019394738774280995,9.697369387140498e-06
9318,0.0003353546209219509,0.00019305337882694003,0.00017981865676119924,8.990932838059963e-06
9319,7.200013306737536e-05,-5.6186511669052634e-05,-5.670852624461986e-05,-2.8354263122309932e-06
9320,5.697175226101003e-05,-5.7945322290409694e-05,-5.469919051392935e-05,-2.734959525696468e-06
9321,8.283715154631966e-06,-9.41001189866008e-05,-5.81532294745557e-05,-2.907661473727785e-06
9322,-8.194074997404475e-05,-0.00016895526593672542,-0.00013345640036277473,-6.672820018138737e-06
9323,-1.26940911879008e-05,-8.914263127079534e-05,-5.9069821872981265e-05,-2.9534910936490635e-06
9324,-2.864258887906691e-05,-9.513225417476729e-05,-6.516956636914983e-05,-3.258478318457492e-06
9325,-1.0322067297576902e-05,-6.810650820773151e-05,-5.6474229495506734e-05,-2.8237114747753368e-06
9326,8.28057923565579e-06,-4.266076908947138e-05,-3.3713997254380956e-05,-1.685699862719048e-06
9327,0.00011905544573669143,6.933596648041736e-05,6.67331914883107e-05,3.3366595744155347e-06
9328,0.00029068667069270007,0.0002348176377292586,0.0002072612987831235,1.0363064939156175e-05
9329,0.0002566422276412109,0.00019727039904022262,0.00015677133342251182,7.838566671125592e-06
9330,0.00025878697600479673,0.00019692996848130837,0.0001399852044414729,6.999260222073644e-06
9331,0.0004769246081966791,0.0004042805084299487,0.0003102774790022522,1.5513873950112612e-05
9332,0.0006532287667498506,0.0005626620278781196,0.0004650854680221528,2.325427340110764e-05
9333,0.0006863882556295114,0.0005797247841755506,0.0004505873948801309,2.2529369744006544e-05
9334,0.0006308209713228144,0.0005136050549111414,0.0003637393529061228,1.8186967645306142e-05
9335,0.0005677141286577566,0.00044425998370742505,0.0002968809858430177,1.4844049292150886e-05
9336,0.0005877955765921124,0.00045750004575840044,0.0003224202955607325,1.6121014778036624e-05
9337,0.0005299279301265827,0.0003960002478852323,0.00027002469869330525,1.3501234934665263e-05
9338,0.0005736211043608527,0.0004343707853221424,0.00031186355045065284,1.5593177522532642e-05
9339,0.0006668617685672019,0.0005185236248437518,0.0003954014100600034,1.9770070503000172e-05
9340,0.0006681217730634087,0.0005113269496721074,0.0003947461664211005,1.9737308321055025e-05
9341,0.0005590501702793291,0.0004003157001765866,0.0002771865401882678,1.3859327009413392e-05
9342,0.0005100893614308033,0.0003524929290211813,0.0002223977935500443,1.1119889677502215e-05
9343,0.0005927199814002132,0.0004318282039908517,0.00031254460918717086,1.5627230459358545e-05
9344,0.0006900088423801645,0.0005204852843074455,0.00042303744703531265,2.1151872351765634e-05
9345,0.0006905871906339457,0.0005135259367066413,0.00041097329813055694,2.0548664906527847e-05
9346,0.0005245939949679573,0.00034895987664131144,0.00024274428142234683,1.2137214071117342e-05
9347,0.0007491127883150632,0.0005637158373610514,0.0004693856171797961,2.3469280858989808e-05
9348,0.0007719314238948387,0.0005751442513301938,0.0005124967428855598,2.5624837144277992e-05
9349,0.0008886409718789919,0.0006767080413420234,0.000602699990849942,3.01349995424971e-05
9350,0.0008360244268764113,0.0006135157665599598,0.000531767844222486,2.6588392211124303e-05
9351,0.0007333200332324826,0.000506520458904824,0.0004241567512508482,2.120783756254241e-05
9352,0.0006875189956180643,0.00045871317181436647,0.00038953704643063247,1.9476852321531625e-05
9353,0.0006447849320540762,0.00041551485731058815,0.0003648744896054268,1.824372448027134e-05
9354,0.0008373243380143468,0.0005991905033252037,0.0005356749170459807,2.6783745852299035e-05
9355,0.0008711466711013717,0.0006238802551163559,0.0005507297464646399,2.7536487323231995e-05
9356,0.0007526055206866835,0.0005041184101128052,0.0004050548013765365,2.0252740068826827e-05
9357,0.0006491045394759096,0.0004048865137330705,0.0003012428351212293,1.5062141756061465e-05
9358,0.0006258976073903213,0.0003855692316429516,0.0003069726226385683,1.5348631131928416e-05
9359,0.0006662701452145598,0.0004274893491630868,0.00034932789276354015,1.7466394638177007e-05
9360,0.000762666107599383,0.0005209416297183594,0.0004359371669124812,2.1796858345624062e-05
9361,0.0006498429540840094,0.0004117431949381902,0.0003061985189560801,1.5309925947804005e-05
9362,0.0005822139414158396,0.0003518619758054437,0.00022084049123805016,1.1042024561902508e-05
9363,0.000496585151339131,0.0002766293683115626,0.00015924473700579256,7.962236850289628e-06
9364,0.0004672390260814114,0.0002576938542974986,0.00014556790119968355,7.278395059984177e-06
9365,0.0005366266523611982,0.00033315551506166223,0.00021707889391109347,1.0853944695554674e-05
9366,0.0005708661089728127,0.00037182472040670877,0.0002382541715633124,1.1912708578165622e-05
9367,0.0007240015103147185,0.0005212647031927486,0.00039198409649543464,1.9599204824771733e-05
9368,0.0007690648777476275,0.000559439419073213,0.00045608513755723834,2.280425687786192e-05
9369,0.0007551986966686428,0.0005405636861537877,0.0004252809740137309,2.1264048700686545e-05
9370,0.0005255457653939363,0.0003173811683422823,0.0002031338808592409,1.0156694042962045e-05
9371,0.0005221287285380117,0.00032076528464967534,0.00019308406626805663,9.654203313402832e-06
9372,0.0005320752264949455,0.0003344609762855971,0.0002462085976731032,1.2310429883655161e-05
9373,0.00042400013296752415,0.00023371471110920705,0.00016795303963590413,8.397651981795207e-06
9374,0.00046769944309539747,0.0002811182678216618,0.000230784818995744,1.1539240949787201e-05
9375,0.0005199175927381221,0.00033429968770276537,0.00027831850457005203,1.3915925228502603e-05
9376,0.00045609776226898684,0.00027448149011484555,0.0002138331619789824,1.069165809894912e-05
9377,0.00043920015171674024,0.000262317926214755,0.00019387989595998079,9.69399479799904e-06
9378,0.000356580232427691,0.00018871609846065203,0.00010157683573197573,5.078841786598787e-06
9379,0.00035063608270510815,0.00019206723205368386,8.474874630337581e-05,4.237437315168791e-06
9380,0.00041054743434966955,0.00025824065568876383,0.0001320788578595966,6.6039428929798305e-06
9381,0.00041602191040147115,0.0002690959894138368,0.00013853071141056716,6.9265355705283586e-06
9382,0.000390002740757356,0.00024977265209805393,0.00010273996304022148,5.136998152011074e-06
9383,0.00033000533658241355,0.00019897374072150791,4.256106694811024e-05,2.128053347405512e-06
9384,0.00032469305540321373,0.00020212576824076093,4.444713340490125e-05,2.2223566702450626e-06
9385,0.00040555566425998446,0.0002868986696562922,0.00012242200318723917,6.121100159361959e-06
9386,0.0005285897336123305,0.0004089978920603226,0.00021052281954325736,1.0526140977162868e-05
9387,0.0005713812790490843,0.00044925317552044615,0.0002400966186542064,1.200483093271032e-05
9388,0.00048577466649499473,0.0003648262914626168,0.00016730149218346924,8.365074609173462e-06
9389,0.0005060304298053163,0.0003849035352236252,0.00019390354282222688,9.695177141111344e-06
9390,0.0004085116436846973,0.0002916186206961006,0.00010561401722952724,5.280700861476362e-06
9391,0.0003584208967081748,0.00024732674275734215,7.01878743711859e-05,3.509393718559295e-06
9392,0.0002875282743993391,0.00018404784852393914,2.668505476322025e-05,1.3342527381610127e-06
9393,0.0001438708728112039,5.3247409650451006e-05,-8.832339517539367e-05,-4.4161697587696835e-06
9394,0.00036188298051456673,0.0002717192452370864,0.0001432651188224554,7.1632559411227705e-06
9395,0.0002684225679994717,0.00018211067992658932,6.872892117826268e-05,3.4364460589131344e-06
9396,0.0003716584324248394,0.00028377282467556325,0.00017094405484385788,8.547202742192895e-06
9397,0.00019518194874627577,0.00011375369686913597,9.445385330764111e-06,4.722692665382056e-07
9398,0.00016502049387793154,9.019547488859802e-05,-7.603625817864668e-08,-3.801812908932334e-09
9399,0.00014852485029291898,7.978648085279669e-05,1.3227174804342212e-06,6.613587402171107e-08
9400,4.4061440647106474e-05,-1.5113958605182437e-05,-7.752471719868481e-05,-3.876235859934241e-06
9401,0.00010766547102883655,5.348688342262636e-05,9.543557553115534e-07,4.771778776557767e-08
9402,0.00026027104659380094,0.00020260850240335523,0.00016081277863122523,8.040638931561261e-06
9403,0.00022898958848944378,0.0001702994291318657,0.00011134137457702309,5.567068728851155e-06
9404,0.00023076974668493938,0.00017214865502065114,9.027371561387554e-05,4.513685780693777e-06
9405,0.0001740248669363717,0.00011848601333430567,3.0274039090727456e-05,1.513701954536373e-06
9406,0.00018637532507178686,0.00013329599382788006,3.983683564001694e-05,1.9918417820008473e-06
9407,0.00022995346131603114,0.00017572878887377527,0.00010844192729564384,5.422096364782192e-06
9408,0.00032875981909902794,0.0002685961291147829,0.00020409346325322986,1.0204673162661494e-05
9409,0.00024261394392283597,0.00018187249866077757,0.00010254905646434054,5.127452823217027e-06
9410,0.0004499102393670422,0.0003792278758737763,0.000292543089017272,1.46271544508636e-05
9411,0.0005755095876429424,0.0004907547927237924,0.00038586711161769927,1.9293355580884964e-05
9412,0.00043344876956715573,0.00034462716719722337,0.0002035008801613003,1.0175044008065016e-05
9413,0.00034476977615880225,0.0002571503849061052,0.00010884705261560157,5.4423526307800785e-06
9414,0.00042635915529754453,0.0003355174797096409,0.00020026702259201556,1.0013351129600778e-05
9415,0.00037668645020037415,0.0002844661595917728,0.00016764103202149272,8.382051601074637e-06
9416,0.0003070159142774385,0.00021674129707727787,0.00010411599214421585,5.205799607210793e-06
9417,0.00038202060410756254,0.0002907114847931507,0.0001629615289857611,8.148076449288056e-06
9418,0.00044647020795867803,0.000351320794104371,0.00021979215671308339,1.098960783565417e-05
9419,0.0003896298124657897,0.00029462871015293625,0.00014402123633772135,7.2010618168860676e-06
9420,0.0004914645348686869,0.00039243354223705005,0.0002289696130901575,1.1448480654507877e-05
9421,0.0003786339355386156,0.00028167729765074897,0.00011132572399219498,5.566286199609749e-06
9422,0.00032363569685941817,0.0002317667135734864,5.0742248276947066e-05,2.5371124138473534e-06
9423,0.000365772151194765,0.00027581386323826307,0.00010922104411292821,5.461052205646411e-06
9424,0.00046756490035366067,0.0003730958651680652,0.00023386208340525627,1.1693104170262814e-05
9425,0.0003358732741383942,0.00024244117244175435,0.00012584071373566985,6.292035686783493e-06
9426,0.0004060061181914217,0.0003096486321055391,0.00020520042744465172,1.0260021372232587e-05
9427,0.00036562008154908475,0.0002682249607190194,0.00017032871255651116,8.516435627825558e-06
9428,0.0005143258550839832,0.00040843913962801203,0.00032151656341739,1.60758281708695e-05
9429,0.0005308921559385581,0.00041648896556961695,0.00033106328919529915,1.6553164459764958e-05
9430,0.0004367876506042914,0.0003202142790459659,0.00021586171351373196,1.0793085675686599e-05
9431,0.0006079290609628318,0.00048115416276240866,0.00038307372597046196,1.91536862985231e-05
9432,0.0005727581599139333,0.0004390023650315975,0.00033108011120930314,1.655400556046516e-05
9433,0.0004392695056911238,0.0003070193515875881,0.0001728700881358236,8.64350440679118e-06
9434,0.00037690732925817346,0.00024891979759178944,0.00012066929775755852,6.033464887877927e-06
9435,0.00023859569916579574,0.00011945313482611755,2.600676270958502e-05,1.300338135479251e-06
9436,0.0004165729656056262,0.0002956805283835801,0.00022816495038568974,1.1408247519284487e-05
9437,0.00048786377930135034,0.0003609991971429311,0.0003105893556494266,1.552946778247133e-05
9438,0.0005424286288625028,0.0004084470792431682,0.0003385116287972778,1.6925581439863892e-05
9439,0.0005799934355134433,0.0004381045851740045,0.00036314717726781964,1.815735886339098e-05
9440,0.000619889860144452,0.00046880456988224867,0.00039997874409891665,1.9998937204945832e-05
9441,0.00045157177511591666,0.00030039927371958494,0.00023094238713383675,1.1547119356691837e-05
9442,0.0004247065289459354,0.00027538845683124444,0.00019721641729120165,9.860820864560084e-06
9443,0.00028671497262883357,0.00014631299794999435,5.6133405450964347e-05,2.8066702725482174e-06
9444,0.0003439434242082937,0.00020819293713355473,0.00013282723375596106,6.641361687798053e-06
9445,0.0002710045378547318,0.0001428358844205168,6.642033986281604e-05,3.321016993140802e-06
9446,0.0002216262819274553,0.00010232371279413119,3.039551666006446e-05,1.5197758330032231e-06
9447,0.00026106043088521956,0.00014746960062343899,8.092572534224018e-05,4.046286267112009e-06
9448,0.0003629759191807586,0.00024830145312176486,0.00020649199723266065,1.0324599861633034e-05
9449,0.00039415844879080067,0.0002776308127184641,0.00021898468548897654,1.0949234274448827e-05
9450,0.00019333888075878056,8.486958592979167e-05,2.144659447367303e-05,1.0723297236836515e-06
9451,0.00020625355003645496,0.00010285307981335316,7.367821672232822e-05,3.683910836116411e-06
9452,0.00022860518713184965,0.00012762095830314466,0.00011892186739714816,5.946093369857409e-06
9453,0.0003109161837551673,0.00020851636086939186,0.00019023047934751958,9.51152396737598e-06
9454,0.0005343199899875964,0.00041996312857361695,0.00040039847954176366,2.0019923977088186e-05
9455,0.0006721268202055762,0.0005409353418059131,0.0005093055660836399,2.5465278304181994e-05
9456,0.000705640809781431,0.0005587806845233775,0.0005066667217761278,2.5333336088806392e-05
9457,0.0006448673185971736,0.0004881734833092147,0.00041307846549898386,2.0653923274949194e-05
9458,0.0005449710451147159,0.000384963852473938,0.0003010454529430717,1.5052272647153587e-05
9459,0.0005992360017473749,0.0004339607306634656,0.00035037475754506886,1.7518737877253443e-05
9460,0.0005194386794508767,0.0003526640847279486,0.00028402332100085914,1.4201166050042958e-05
9461,0.0004205479521477434,0.00025796901349522033,0.00017502601258456707,8.751300629228354e-06
9462,0.0004256295956979482,0.00026700806103194496,0.00017759039474185556,8.879519737092779e-06
9463,0.00036221658472342886,0.00021011523062470033,0.00012165241787442937,6.082620893721469e-06
9464,0.00031513131167161524,0.000171442409506143,7.568862929474562e-05,3.7844314647372815e-06
9465,0.00024436010552053935,0.00011169825219052739,1.2128899470553733e-05,6.064449735276867e-07
9466,0.00020160510718694911,8.031123723249568e-05,-9.698824214865454e-06,-4.849412107432727e-07
9467,0.000161735318975157,5.206888278117561e-05,-3.165687303408049e-05,-1.5828436517040245e-06
9468,0.00016707377916830044,6.83483715410205e-05,-3.5621949791675434e-05,-1.7810974895837718e-06
9469,0.00020188044005566895,0.00011251188377817352,-2.1318210201570764e-05,-1.0659105100785382e-06
9470,0.0004037408996642353,0.0003155562947504922,0.00012641760986298323,6.320880493149162e-06
9471,0.0003573656264053511,0.0002736223862262985,5.411461825133301e-05,2.7057309125666507e-06
9472,0.0003310863634277824,0.00025324474837602555,1.7864847905002534e-05,8.932423952501267e-07
9473,0.00035986807711662293,0.00028622349998317563,4.353647818788886e-05,2.176823909394443e-06
9474,0.000512018928345194,0.00043447425998707637,0.0001981883542612195,9.909417713060975e-06
9475,0.00043118430738296905,0.00035334816205611784,0.00012701749801635742,6.350874900817872e-06
9476,0.0005278349014517399,0.0004458027996910387,0.00020577256509568542,1.0288628254784271e-05
9477,0.0004925616187506882,0.00040813903901664486,0.00017399064381606877,8.699532190803439e-06
9478,0.0005904654118826306,0.0004986798197338184,0.00027741503436118364,1.3870751718059183e-05
9479,0.0004808724451656613,0.0003878607487344526,0.00016334274550899863,8.167137275449932e-06
9480,0.0003911737043200177,0.0003010944864380771,8.467146835755557e-05,4.233573417877779e-06
9481,0.0004155601369518065,0.0003267166217819806,0.00011747911048587412,5.873955524293706e-06
9482,0.00038671296670686223,0.00030058707856291095,8.621018787380308e-05,4.310509393690154e-06
9483,0.0004268783147304477,0.0003409821975959286,0.00013270624913275242,6.635312456637621e-06
9484,0.00028407699656056364,0.00020511626876694943,-2.8747924716299167e-06,-1.4373962358149585e-07
9485,0.0002459508910278768,0.00017502026527438453,-3.206294422852807e-05,-1.6031472114264034e-06
9486,0.0002642446280576854,0.00019794134780992434,2.5410497983102687e-05,1.2705248991551345e-06
9487,0.00013294212800470567,7.594766366743375e-05,-7.675300730625167e-05,-3.837650365312584e-06
9488,0.00010425057396160222,5.733130970300314e-05,-0.00010437747550895438,-5.218873775447719e-06
9489,0.00017138191285562778,0.00013074439918093873,-4.298649946576916e-05,-2.149324973288458e-06
9490,0.00013974413771674043,0.00010595182956104653,-6.588406540686265e-05,-3.2942032703431326e-06
9491,0.00011678882349648782,9.003974713595599e-05,-8.09316334198229e-05,-4.046581670991146e-06
9492,0.00020674206216165928,0.000182143834932251,5.843538019689731e-06,2.921769009844866e-07
9493,0.00025494620253630905,0.000229808318029809,5.333629815140739e-05,2.6668149075703695e-06
9494,0.00015832571680372376,0.0001378535888854047,-5.266109656076878e-05,-2.6330548280384395e-06
9495,6.923327100014239e-05,5.8480030934747056e-05,-0.00015897484263405204,-7.948742131702602e-06
9496,5.045254034542525e-05,5.040839966377277e-05,-0.0001902199728647247,-9.510998643236236e-06
9497,3.709364888429726e-05,4.8370709672025084e-05,-0.0002172285021515563,-1.0861425107577817e-05
9498,0.00012198824090910962,0.0001406364677593173,-0.00015485877520404756,-7.742938760202379e-06
9499,0.0002682656779686988,0.00028693370394084904,-2.1339874365366995e-05,-1.0669937182683498e-06
9500,0.000349883612248268,0.00036537290226075535,3.7451842217706144e-05,1.8725921108853072e-06
9501,0.0002098044370447352,0.0002290168059919154,-9.947671787813306e-05,-4.973835893906653e-06
9502,0.0001408223935114211,0.00016700281864125748,-0.00016756753029767424,-8.378376514883712e-06
9503,0.00017427774025523913,0.00020472772521541418,-0.00012158118624938652,-6.079059312469326e-06
9504,0.0002796581880679869,0.00030873263927874256,-1.587368387845345e-05,-7.936841939226724e-07
9505,0.0002806102831048591,0.00030886003777096837,-2.830305675161071e-05,-1.4151528375805356e-06
9506,0.0002476952656633662,0.0002766975948046067,-5.9587433497654274e-05,-2.979371674882714e-06
9507,0.00024059129400729322,0.0002700596364468356,-5.448710362543352e-05,-2.724355181271676e-06
9508,0.00018362136801767124,0.00021490342934887377,-8.213460387196392e-05,-4.106730193598196e-06
9509,0.0002789781019532431,0.00030559745028625924,4.5368415158009157e-05,2.268420757900458e-06
9510,0.0002911771107725673,0.00031165494192564715,7.869736873544753e-05,3.934868436772377e-06
9511,0.00022831367199067885,0.0002466737027164652,5.618720933853183e-06,2.8093604669265916e-07
9512,0.0002616041079157062,0.000276112482162752,4.5176715502748266e-05,2.2588357751374135e-06
9513,0.0001280324015142172,0.00014509955653688061,-7.742849265923724e-05,-3.871424632961862e-06
9514,9.759678935036459e-05,0.0001182786244051444,-9.889019565889612e-05,-4.944509782944806e-06
9515,-9.890753424909465e-05,-6.692418198670186e-05,-0.00025630046729929745,-1.2815023364964874e-05
9516,-7.974178693866523e-05,-3.906963568666046e-05,-0.00021657859906554222,-1.0828929953277111e-05
9517,-8.653829992191656e-05,-3.7549361942540496e-05,-0.00022251841437537223,-1.1125920718768613e-05
9518,8.315278083242309e-05,0.00013200005698892395,-6.670860602753237e-05,-3.3354303013766188e-06
9519,2.9694536224397788e-05,8.039466572246622e-05,-0.00011127326433779672,-5.563663216889836e-06
9520,0.0001188790187507823,0.00016789587697406974,-4.3713738705264404e-05,-2.1856869352632204e-06
9521,0.00010578666750649266,0.00015418692244215242,-6.480998126789927e-05,-3.240499063394964e-06
9522,9.94034202286637e-05,0.0001479975874179671,-8.033111953409389e-05,-4.016555976704694e-06
9523,0.000300251688640969,0.0003400589952458618,9.935932757798582e-05,4.967966378899292e-06
9524,0.0002202581193510007,0.0002567357263178328,-1.2249154224264203e-06,-6.124577112132101e-08
9525,0.0002071754582134744,0.00024203168132897165,-2.8889502573292702e-05,-1.4444751286646353e-06
9526,0.0001589380711588344,0.00019463833913589562,-7.414058927679434e-05,-3.707029463839717e-06
9527,0.00016672853706441534,0.00020313307985467009,-7.061476935632527e-05,-3.5307384678162634e-06
9528,0.00031687476118690255,0.00034757419008409204,5.71682867303025e-05,2.858414336515125e-06
9529,0.00026625893957784956,0.00029387214441697315,1.0174457202083431e-05,5.087228601041716e-07
9530,0.00011574664983842427,0.00014785218982465214,-0.0001363441115245223,-6.817205576226116e-06
9531,0.0001440263978914718,0.00017817239160527562,-8.973773947218433e-05,-4.486886973609217e-06
9532,0.0002081347691436291,0.00023957987310631212,2.1795892735099187e-06,1.0897946367549594e-07
9533,4.660269334124286e-05,8.298366989374623e-05,-0.00014904496492817998,-7.4522482464089995e-06
9534,-1.8838328874410172e-05,2.4327329696942788e-05,-0.00019023589265998453,-9.511794632999227e-06
9535,-4.7691080346307605e-05,2.0167922973257378e-06,-0.00019368159701116383,-9.684079850558192e-06
9536,0.00019152218295547335,0.0002371449404497864,9.481557754043024e-06,4.740778877021512e-07
9537,0.0001513294650452031,0.00019457250603614046,-2.4282364393002354e-05,-1.2141182196501178e-06
9538,0.00026906427277817663,0.0003050713547386875,7.528414425905794e-05,3.764207212952897e-06
9539,0.00022716271553105077,0.00025810560843686107,3.98060838051606e-05,1.99030419025803e-06
9540,0.0002972737836823719,0.00032168287215894343,7.715416722930968e-05,3.857708361465484e-06
9541,0.0001614417883146804,0.00018705901358552192,-6.830276834079996e-05,-3.4151384170399982e-06
9542,0.0001529739538801155,0.00018106013595225236,-9.110847167903557e-05,-4.555423583951779e-06
9543,0.00015823093750427704,0.00018807034847580215,-7.8269986261148e-05,-3.9134993130574e-06
9544,0.00015811487812899242,0.00018917074711194342,-6.980042235227302e-05,-3.490021117613651e-06
9545,0.0002166308577474243,0.0002461189163225706,-1.616147710592486e-05,-8.080738552962431e-07
9546,0.00011524271586122595,0.00014834593088700686,-0.00011908043961739168,-5.954021980869584e-06
9547,0.0002453880176508014,0.0002762788832636605,-5.757137842010707e-06,-2.8785689210053533e-07
9548,0.00040425378103118984,0.00042457698148578324,0.00016226440493483096,8.113220246741548e-06
9549,0.00048088199656538675,0.0004883115920137047,0.0002193919353885576,1.0969596769427882e-05
9550,0.0005565667792631107,0.0005495243442757177,0.0002675298019312322,1.3376490096561611e-05
9551,0.00034778771241320266,0.0003384919483025318,4.3534233554964885e-05,2.1767116777482445e-06
9552,0.0002834120314037774,0.0002763716722585637,-3.6669025575974956e-05,-1.8334512787987478e-06
9553,0.00012713867873770496,0.00012976425195553655,-0.0001832603884395212,-9.16301942197606e-06
9554,6.611234048371064e-05,8.050808025718861e-05,-0.0002341103390790522,-1.170551695395261e-05
9555,6.834882810832152e-05,9.301729130133607e-05,-0.00021893605298828334,-1.0946802649414167e-05
9556,7.5783622955615755e-06,4.367722341058798e-05,-0.00025770574575290084,-1.2885287287645043e-05
9557,-5.568074967875115e-05,-6.7815933748329285e-06,-0.000302266824292019,-1.511334121460095e-05
9558,-0.00013192021435962754,-6.794127578901838e-05,-0.0003670605074148625,-1.8353025370743126e-05
9559,-0.0002962319487255549,-0.00021214530463648757,-0.0004898422048427165,-2.4492110242135823e-05
9560,-0.0003700179950887816,-0.00026541181438045956,-0.0005264145438559353,-2.6320727192796768e-05
9561,-0.0003661812727219811,-0.00024457558769923907,-0.0004871638666372746,-2.4358193331863732e-05
9562,-0.0002880424337633767,-0.00015566658982878618,-0.0003914506232831627,-1.9572531164158137e-05
9563,-0.000272434585449219,-0.0001315620746589822,-0.0003679793153423816,-1.839896576711908e-05
9564,-0.00015413534866469237,-1.1296323445835856e-05,-0.00025457461015321314,-1.2728730507660658e-05
9565,-0.0001492730910413411,-5.374352811498569e-06,-0.00024547154316678643,-1.2273577158339322e-05
9566,-0.0001946023628735557,-4.697998303261696e-05,-0.00030378796509467065,-1.5189398254733533e-05
9567,-0.0001354022682890503,1.208866432969285e-05,-0.00023279865854419768,-1.1639932927209885e-05
9568,5.171564557601695e-05,0.0001900570023842739,-5.5215972679434344e-05,-2.7607986339717174e-06
9569,-2.5387278065383103e-05,0.00010697888244735213,-0.00011142013681819662,-5.571006840909832e-06
9570,-7.087609251061309e-05,5.9136351539675446e-05,-0.00017578096594661474,-8.789048297330738e-06
9571,-0.00011936089748833072,1.0496110040685664e-05,-0.0002148844359908253,-1.0744221799541265e-05
9572,1.880413335913429e-05,0.00014184662867535794,-8.019911911105737e-05,-4.009955955552869e-06
9573,6.132640387549437e-05,0.00017521543714475667,-2.6707955839810893e-05,-1.3353977919905448e-06
9574,0.00016636266969537005,0.0002674903892599436,5.64568726986181e-05,2.8228436349309053e-06
9575,6.206916956011274e-05,0.00015676278821225316,-5.3886727982899174e-05,-2.694336399144959e-06
9576,0.00023021221141412697,0.00031217406936794885,8.413311297772452e-05,4.206655648886226e-06
9577,0.00020344641674331548,0.0002744548639590322,6.669442518614233e-05,3.3347212593071165e-06
9578,0.00013851469201717033,0.00020336901706662487,-1.0989400834660046e-05,-5.494700417330024e-07
9579,0.00025998181219174106,0.0003150640906984359,7.542272214777768e-05,3.771136107388884e-06
9580,0.00023586284314546657,0.0002828790251782245,5.7156848924933e-05,2.85784244624665e-06
9581,0.00019222283537012735,0.0002345590464923594,4.142153557040729e-06,2.0710767785203645e-07
9582,0.00036246351196522996,0.0003932939075934957,0.00015233441081363708,7.6167205406818546e-06
9583,0.00043939446050899147,0.0004564279261574323,0.00021562722395174205,1.0781361197587103e-05
9584,0.0004610229712461972,0.0004661155745932867,0.00020027902792207897,1.0013951396103948e-05
9585,0.0005093136333659566,0.0005011616344991554,0.00024522782769054174,1.2261391384527088e-05
9586,0.000496090844615166,0.00047637996845106617,0.00023158048861660063,1.1579024430830032e-05
9587,0.0005620707234428292,0.0005294316515627722,0.0002778532507363707,1.3892662536818534e-05
9588,0.0004409030307350906,0.00040341675417304284,0.0001359981542918831,6.799907714594156e-06
9589,0.0006368448421871356,0.0005870241219537397,0.0002979980781674385,1.4899903908371927e-05
9590,0.0005059930672634202,0.0004508716661952908,0.00017397821648046374,8.698910824023187e-06
9591,0.0004136712810247154,0.0003581869840228101,8.673024422023445e-05,4.336512211011723e-06
9592,0.0003342321797035524,0.00028324878883985433,-5.797935045848135e-06,-2.898967522924068e-07
9593,0.00028217504559117327,0.00023819956877543056,-5.849407534697093e-05,-2.924703767348547e-06
9594,0.00020000547933265786,0.00016492694933574028,-0.00010405435023130849,-5.202717511565425e-06
9595,2.2052417796107435e-06,-1.6705597783417114e-05,-0.0002610779774840921,-1.3053898874204607e-05
9596,-7.589081719364474e-05,-7.740384387680538e-05,-0.0003056416753679514,-1.528208376839757e-05
9597,-4.789960501022896e-05,-3.588894302143249e-05,-0.00025266772718168795,-1.2633386359084399e-05
9598,8.136246481356714e-05,9.904260297623192e-05,-0.00011816964979516342,-5.908482489758171e-06
9599,-4.629613968169404e-05,-1.78137276891958e-05,-0.00023500656243413687,-1.1750328121706844e-05
9600,-0.00022799825174856566,-0.00018127887918022907,-0.00039971445221453905,-1.9985722610726955e-05
9601,-0.00022497437712616473,-0.00016211046654279046,-0.0003818688273895532,-1.909344136947766e-05
9602,-0.0003113215615978454,-0.0002307449871387039,-0.0004383169289212674,-2.191584644606337e-05
9603,-0.00029052023964591987,-0.00019604854383377125,-0.00038905636756680906,-1.9452818378340453e-05
9604,-0.00028320254224887154,-0.00017703432468996124,-0.0003692882601171732,-1.846441300585866e-05
9605,-0.00045104991776854435,-0.0003274692646340453,-0.0005046189180575311,-2.5230945902876558e-05
9606,-0.0003372157941320881,-0.00020261839853215422,-0.0004021150525659323,-2.0105752628296614e-05
9607,-5.502057027525685e-05,7.699765449843853e-05,-0.0001511203299742192,-7.55601649871096e-06
9608,-5.4998074073823014e-05,7.342382478118397e-05,-0.0001367780932923779,-6.838904664618895e-06
9609,2.5929365133473958e-05,0.00014861067086222596,-9.319223318016157e-05,-4.6596116590080784e-06
9610,0.00011956448948978529,0.0002327460658763503,-1.2645334209082648e-05,-6.322667104541325e-07
9611,6.880942826763397e-05,0.0001760682559335099,-7.335313421208411e-05,-3.667656710604206e-06
9612,0.00012125999353602331,0.0002223114476493699,-5.8189925766782835e-05,-2.9094962883391418e-06
9613,0.00014144346382493172,0.0002368070664530168,-5.932912972639315e-05,-2.9664564863196578e-06
9614,0.000249611747001102,0.00033486861459553396,3.7733680073870346e-05,1.8866840036935173e-06
9615,0.0002458427137686282,0.000322715723571582,1.607416561455466e-05,8.03708280727733e-07
9616,0.00033090590807871833,0.0003960967441248339,9.706144919618964e-05,4.853072459809483e-06
9617,0.0003034883382464492,0.0003596365356774884,6.271265738178045e-05,3.1356328690890225e-06
9618,0.00027959015738902897,0.000328360907854635,4.641995838028379e-05,2.3209979190141896e-06
9619,0.0003050471283666845,0.0003458309459140343,7.356060814345255e-05,3.678030407172628e-06
9620,0.0005117750328699347,0.000534832704733256,0.00028262060368433595,1.4131030184216797e-05
9621,0.00048710755783578144,0.0004957320550586183,0.00023881474044173956,1.1940737022086979e-05
9622,0.00030636473969672726,0.00031168727318580297,3.8626036257483065e-05,1.9313018128741535e-06
9623,0.00019886977971172114,0.00020726795834652613,-7.715097308391705e-05,-3.857548654195853e-06
9624,0.00011393632151749048,0.00012838222029995663,-0.0001350806123809889,-6.754030619049445e-06
9625,-3.0004404861427745e-05,-3.825042672844096e-06,-0.0002540891582611948,-1.2704457913059742e-05
9626,6.54684294077696e-05,9.653923066556889e-05,-0.00013066158862784505,-6.533079431392253e-06
9627,0.00020629761025575067,0.00023442888781274366,1.6085752577055246e-05,8.042876288527624e-07
9628,0.0003302358953199877,0.0003493814715281669,0.0001360922760795802,6.804613803979009e-06
9629,0.00017719240506586316,0.00019603419547652495,-2.9172941140132025e-05,-1.4586470570066014e-06
9630,0.00026958971655541254,0.00028535306837545375,2.981326906592585e-05,1.4906634532962926e-06
9631,0.00016117054198891927,0.00017877010297743991,-6.41568549326621e-05,-3.2078427466331053e-06
9632,0.0002478181436241166,0.0002625938420179602,2.8913153073517606e-05,1.4456576536758804e-06
9633,0.00026856812968690207,0.0002785757732405233,7.048821862554178e-05,3.524410931277089e-06
9634,0.00020640776293594958,0.0002155179015577221,-1.265970922759152e-06,-6.32985461379576e-08
9635,7.537130285453024e-05,8.972977340923464e-05,-0.00012115069694118574,-6.057534847059287e-06
9636,1.1487112900056935e-05,3.273431640748539e-05,-0.0001578957017045468,-7.89478508522734e-06
9637,-0.00012294037198500097,-9.061863834530747e-05,-0.00024991630925796926,-1.2495815462898463e-05
9638,-0.00014265476589529012,-0.00010088462700793437,-0.0002314426383236423,-1.1572131916182117e-05
9639,-0.00013079978867429467,-8.234806128037382e-05,-0.0001908072445075959,-9.540362225379796e-06
9640,-0.0002830443164213629,-0.00022301933465659996,-0.0003009304928127676,-1.5046524640638382e-05
9641,-0.0002737194767731794,-0.0002041263254109577,-0.0002769916027318686,-1.3849580136593432e-05
9642,-0.00027321193829940186,-0.00019698898536753642,-0.00023395696189254522,-1.1697848094627261e-05
9643,-0.00021126540023784973,-0.00013164739264754567,-0.00018200362683273852,-9.100181341636927e-06
9644,-0.00015191748287684797,-7.161302570491376e-05,-0.00013630349712911993,-6.815174856455997e-06
9645,-6.608972335461917e-05,1.2057879319581714e-05,-8.365167013835162e-05,-4.182583506917581e-06
9646,2.2032352458779448e-06,7.561818653612612e-05,-3.195501267327927e-05,-1.5977506336639637e-06
9647,-0.00013330544770955252,-5.7719920454023264e-05,-0.0001656411332078278,-8.28205666039139e-06
9648,-0.000168812634131684,-9.010629465854566e-05,-0.0001853741705417633,-9.268708527088166e-06
9649,-0.0002560938588825457,-0.00017119642887356275,-0.0002503932628314942,-1.2519663141574712e-05
9650,-0.00015044184816581728,-6.452754526324874e-05,-0.0001546291750855744,-7.73145875427872e-06
9651,-0.00029452307006604746,-0.00020031111467986768,-0.00030451445491053164,-1.5225722745526583e-05
9652,-0.00032037919229919434,-0.0002156901651731074,-0.00035815496812574565,-1.7907748406287284e-05
9653,-4.0488529051109e-05,6.068289289870526e-05,-9.267873247154057e-05,-4.633936623577029e-06
9654,-0.00010345575299376614,-3.988333688484709e-06,-0.0001314356632065028,-6.57178316032514e-06
9655,-1.3797843436313049e-05,7.963505929948029e-05,-4.4506523408927023e-05,-2.225326170446351e-06
9656,-8.93756250303545e-05,1.674825818896779e-06,-0.0001119305015890859,-5.596525079454296e-06
9657,-0.00016815938956410155,-7.521632264068158e-05,-0.00019332690862938762,-9.666345431469382e-06
9658,-0.0002069376430931166,-0.00010930863253059416,-0.0002498237881809473,-1.2491189409047365e-05
9659,1.36532659112618e-05,0.0001055160444712347,-4.59492948721163e-05,-2.297464743605815e-06
9660,5.27868040310539e-05,0.00013716735795317494,-8.362665539607406e-06,-4.181332769803703e-07
9661,0.00010162102951597111,0.00017814900096210453,7.22840559319593e-06,3.6142027965979655e-07
9662,0.0001636216749837881,0.0002302032395066633,5.95570272707846e-05,2.9778513635392302e-06
9663,9.77540596321885e-05,0.00015820498409846594,-3.36847529069928e-06,-1.68423764534964e-07
9664,8.768686750347461e-05,0.00014365961314203828,-2.5586323317838833e-05,-1.2793161658919416e-06
9665,1.1404180769006031e-05,6.796617341151321e-05,-0.00011866753629874438,-5.93337681493722e-06
9666,1.3564516317477353e-05,7.107665294847294e-05,-0.00012351933401077986,-6.175966700538993e-06
9667,-0.00014023106621320237,-7.48022080851433e-05,-0.0002630928356666118,-1.3154641783330591e-05
9668,-8.114729122112709e-05,-1.0907585767699373e-05,-0.00020900744129903615,-1.0450372064951809e-05
9669,-1.0024112812618736e-05,6.050199395361155e-05,-0.00012652965961024165,-6.326482980512083e-06
9670,-1.503164910797851e-06,6.822157930530865e-05,-0.00010838627349585295,-5.419313674792648e-06
9671,2.8295862822258406e-05,9.647957136750329e-05,-9.446522017242387e-05,-4.723261008621194e-06
9672,-5.3411650800939575e-05,1.6593940964491738e-05,-0.00016082555521279573,-8.041277760639787e-06
9673,-7.320217523108714e-05,-1.3768464100177238e-06,-0.00016248015163000673,-8.124007581500337e-06
9674,-8.171454403583764e-05,-8.16854448723769e-06,-0.00016319274436682463,-8.159637218341231e-06
9675,-6.514768312686578e-05,8.780375489974743e-06,-0.0001394055288983509,-6.970276444917545e-06
9676,-0.0001048445165574522,-2.9519072872116774e-05,-0.00016151020827237517,-8.075510413618758e-06
9677,2.228316651581103e-05,9.125963887457953e-05,-8.91901072463952e-06,-4.4595053623197604e-07
9678,7.795313922058653e-05,0.00013857273879308828,3.624253804446198e-05,1.8121269022230991e-06
9679,0.00016419478701606036,0.00021251525355754492,0.0001248764165211469,6.243820826057345e-06
9680,1.6197387531460102e-05,6.060669147230916e-05,-2.7391624826123007e-05,-1.3695812413061503e-06
9681,-8.098278961553853e-05,-3.562083344606947e-05,-0.0001151262185885571,-5.756310929427855e-06
9682,-0.00019333950258734517,-0.00014284030582942812,-0.00019627436995506287,-9.813718497753145e-06
9683,-3.683468049660455e-05,9.402003854014082e-06,-1.2491096640587784e-05,-6.245548320293893e-07
9684,-0.00011080580045302524,-6.52529404422011e-05,-8.171509398380294e-05,-4.085754699190147e-06
9685,-9.728042430221137e-05,-5.196452476950681e-05,-8.926787268137559e-05,-4.46339363406878e-06
9686,3.6154555858333937e-06,4.493355054386227e-05,-1.3468088582158089e-05,-6.734044291079044e-07
9687,-1.816022124446222e-05,2.0451336049073644e-05,-3.535013456712477e-05,-1.7675067283562386e-06
9688,7.80073198965046e-05,0.00011024561456352443,4.196815280010924e-05,2.098407640005462e-06
9689,0.00028985930745571036,0.000307792776031336,0.00020818310440517962,1.0409155220258982e-05
9690,0.0004020580877723381,0.0004022871681280954,0.00029342834022827446,1.4671417011413725e-05
9691,0.00039537694028739934,0.0003806161532227324,0.0002652543189469725,1.3262715947348625e-05
9692,0.0005587637934020844,0.0005244759875707506,0.00038285893970169127,1.9142946985084564e-05
9693,0.0005741151657702667,0.0005219681828286265,0.0003811319766100496,1.905659883050248e-05
9694,0.0004073173134680688,0.0003474656222355916,0.0002092020004056394,1.0460100020281972e-05
9695,0.0003036324670375268,0.00024210808078247684,0.00010925050446530804,5.462525223265402e-06
9696,0.0002515021995817576,0.00018996700723809508,8.66214613779448e-05,4.33107306889724e-06
9697,5.595698200995612e-05,3.190970157036982e-06,-8.464010170428082e-05,-4.232005085214041e-06
9698,-1.8270677037473993e-05,-5.951484999791461e-05,-0.00014659597945865244,-7.329798972932622e-06
9699,2.606985909222351e-05,-7.68201346051893e-06,-7.966971315909177e-05,-3.983485657954588e-06
9700,-4.976739948588731e-05,-7.349943323611733e-05,-0.00014258235751185566,-7.129117875592783e-06
9701,-7.041049085467982e-06,-2.3144119548312155e-05,-0.00010912182187894359,-5.45609109394718e-06
9702,1.1009673057501633e-05,8.596597311057878e-07,-8.843128307489678e-05,-4.421564153744839e-06
9703,8.50704364347077e-05,7.726960877059456e-05,-2.6993400751962326e-05,-1.3496700375981165e-06
9704,0.00021338410770799202,0.00020135908061588516,9.867687185760587e-05,4.933843592880294e-06
9705,0.00019231997486888783,0.00017798952005955958,6.317043880699202e-05,3.1585219403496013e-06
9706,6.570005437024519e-05,5.5920067237293634e-05,-7.03137120581232e-05,-3.5156856029061602e-06
9707,-0.00011017130925662874,-0.00010804129181985903,-0.00022075470769777894,-1.1037735384888947e-05
9708,-6.406412995230673e-05,-5.5068166206104024e-05,-0.00013268559996504337,-6.634279998252168e-06
9709,5.030682665033331e-05,5.9197885854475274e-05,-4.862785317527596e-06,-2.431392658763798e-07
9710,2.8637513445722767e-05,3.8610588984606175e-05,-3.296247814432718e-05,-1.648123907216359e-06
9711,0.00016429957642403399,0.00016920640048668194,8.732744754524902e-05,4.366372377262451e-06
9712,0.00019246532747911645,0.00019216399652021546,9.405292803421617e-05,4.702646401710809e-06
9713,0.00034357849684511934,0.00033283503010440597,0.00020527350716292858,1.026367535814643e-05
9714,0.00034450209989586675,0.00032540125807345595,0.00017621400183998048,8.810700091999025e-06
9715,0.00041931987210823787,0.00039017362507438386,0.00022291440109256655,1.1145720054628328e-05
9716,0.0003437438062765714,0.0003097717316910857,0.00013321754522621632,6.660877261310816e-06
9717,0.00026211454369473087,0.0002282706238891605,4.443571378942579e-05,2.2217856894712897e-06
9718,0.000260567744930999,0.0002268349195143125,4.8585923650534824e-05,2.4292961825267415e-06
9719,0.00023414674604133352,0.00020223969639495768,1.5639354387531057e-05,7.819677193765529e-07
9720,8.248541576417134e-05,6.025441128951323e-05,-0.0001426239759894088,-7.1311987994704396e-06
9721,6.312590441538362e-05,5.0621483551600015e-05,-0.00015350879402831197,-7.6754397014156e-06
9722,-7.14633954411628e-05,-6.983027579828144e-05,-0.0002548308693803847,-1.2741543469019235e-05
9723,-7.330220068428445e-05,-5.9506173985147554e-05,-0.0002340742212254554,-1.170371106127277e-05
9724,-0.0002294418612240616,-0.00019761889930005024,-0.00037037269794382155,-1.851863489719108e-05
9725,-0.0003722148035421829,-0.00031774058652836164,-0.00048774751485325396,-2.43873757426627e-05
9726,-0.00034744480649657116,-0.0002731365059868872,-0.0004631121119018644,-2.3155605595093222e-05
9727,-0.00030235888743690583,-0.00021199859411135871,-0.00041912528104148805,-2.0956264052074403e-05
9728,-0.0004098306112673101,-0.00030103048049675646,-0.0004949075519107282,-2.4745377595536413e-05
9729,-0.0005243001268355582,-0.00039475304788867167,-0.0005700784968212247,-2.8503924841061235e-05
9730,-0.000319353796404817,-0.00018196726955419591,-0.00034366079489700496,-1.7183039744850248e-05
9731,-0.00036105914682206113,-0.00021490976754753963,-0.000382393627660349,-1.911968138301745e-05
9732,-0.0003259530198483825,-0.00017327190085603928,-0.0003545863728504628,-1.772931864252314e-05
9733,-0.0004325000219040995,-0.0002695106686419913,-0.00044347296352498233,-2.2173648176249117e-05
9734,-0.00039630242535425135,-0.00022567034226485605,-0.0004059048951603472,-2.0295244758017363e-05
9735,-0.00035987446433510773,-0.00018549989033416367,-0.000341995240887627,-1.709976204438135e-05
9736,-0.00032394745160367687,-0.00014834568674521633,-0.00030138346482999623,-1.5069173241499812e-05
9737,-0.00021114904272909247,-3.914955463962426e-05,-0.00021037024271208793,-1.0518512135604397e-05
9738,-0.0001707336396722675,-4.876857406093221e-06,-0.00015886235632933676,-7.943117816466838e-06
9739,-0.00023155884917797304,-6.927662073684511e-05,-0.00020463897089939564,-1.0231948544969783e-05
9740,-0.00025442691393783425,-9.51269822463273e-05,-0.00021151026885490865,-1.0575513442745432e-05
9741,-0.0002600928622599776,-0.00010274951083673823,-0.00022784812608733773,-1.1392406304366888e-05
9742,-0.0002696549697471985,-0.00011465870764630454,-0.0002171542146243155,-1.0857710731215776e-05
9743,-0.00033941045271670197,-0.000183695995814774,-0.0002756817266345024,-1.3784086331725122e-05
9744,-0.00030834770491494076,-0.00015417502763065646,-0.00023072297335602343,-1.1536148667801173e-05
9745,-0.0001069948511472703,3.651807445558528e-05,-4.7557405196130276e-05,-2.3778702598065138e-06
9746,2.673231885117555e-05,0.00015428813937841518,6.848882912890986e-05,3.424441456445493e-06
9747,0.00011121847742301779,0.00022182609372180224,0.00010716426913859323,5.358213456929661e-06
9748,-4.480067167007102e-05,5.920144849143975e-05,-7.64646174502559e-05,-3.823230872512795e-06
9749,-6.045286625065337e-05,3.9274336171760456e-05,-0.00010819613089552149,-5.409806544776075e-06
9750,-0.00018502201866341816,-8.378374562226373e-05,-0.0002144693717127666,-1.072346858563833e-05
9751,-0.00024526223797164824,-0.00014005383014441071,-0.0002619024890009314,-1.309512445004657e-05
9752,-0.00017230407467186604,-6.725579928491368e-05,-0.00018289218132849783,-9.144609066424891e-06
9753,-0.000136413333299998,-3.3827248659473844e-05,-0.000138476665597409,-6.923833279870451e-06
9754,-7.906762256863156e-05,1.8228961114017195e-05,-8.05594609118998e-05,-4.02797304559499e-06
9755,2.7858530545508818e-05,0.0001141034425521257,3.996488158009015e-05,1.9982440790045076e-06
9756,-2.0558915253538752e-05,5.832784929156721e-05,-2.1494352040463127e-05,-1.0747176020231564e-06
9757,-0.00013788202445992896,-6.0239724403280746e-05,-0.00013219034008216113,-6.609517004108057e-06
9758,-0.00013871237710472707,-6.169544212840031e-05,-0.0001392434205627069,-6.962171028135344e-06
9759,-2.4647648630094872e-05,4.713596092446428e-05,-4.474071829463355e-05,-2.2370359147316776e-06
9760,-4.43908171758696e-05,2.356411783205453e-05,-6.713681068504229e-05,-3.3568405342521148e-06
9761,-0.00018603375421655588,-0.0001147852475688422,-0.00020395268802531064,-1.0197634401265533e-05
9762,-0.00025097239587590483,-0.0001742336766334196,-0.000249209493631497,-1.2460474681574852e-05
9763,-0.00028723728821582694,-0.00020336097808178853,-0.0002882906992454082,-1.441453496227041e-05
9764,-0.0003040321403133286,-0.00021309102313745728,-0.000296432786853984,-1.48216393426992e-05
9765,-0.00033443126727427064,-0.0002373327648854224,-0.0002891620679292828,-1.445810339646414e-05
9766,-0.00036671934652133425,-0.00026364753771621795,-0.0002959900884889066,-1.4799504424445332e-05
9767,-0.0005409885795381727,-0.0004249309157591623,-0.0004464545345399529,-2.2322726726997645e-05
9768,-0.0004214052681116778,-0.000298337976079969,-0.0003438886196818203,-1.7194430984091014e-05
9769,-0.0003490854140408267,-0.0002243524215376677,-0.0002507705648895353,-1.2538528244476767e-05
9770,-0.00022914616591281084,-0.00010944224039693642,-0.00012423269799910486,-6.2116348999552435e-06
9771,-0.00023823428618294852,-0.00012232777964383485,-0.00014725855726283044,-7.3629278631415225e-06
9772,-0.00024192897126731932,-0.00012842768804092563,-0.00017125214799307287,-8.562607399653644e-06
9773,-0.00031364934735886925,-0.00019880772941842736,-0.0002414241316728294,-1.207120658364147e-05
9774,-0.000274778631033569,-0.00016005163397331585,-0.0002108642947860062,-1.0543214739300312e-05
9775,-0.00010018073499685908,6.089965601988943e-06,-4.335257472121157e-05,-2.1676287360605784e-06
9776,2.9698466331177916e-05,0.00012342990542012222,4.627264570444822e-05,2.3136322852224112e-06
9777,1.3790597513503378e-05,9.848086537239084e-05,-8.8782689999789e-06,-4.43913449998945e-07
9778,-5.6046140634798225e-06,7.310786297785446e-05,-5.600732401944697e-05,-2.8003662009723486e-06
9779,0.00010361656454809446,0.00017226868799333214,3.651509541668929e-05,1.8257547708344647e-06
9780,0.00028336898759777503,0.0003341971170984406,0.00020544037397485226,1.0272018698742613e-05
9781,0.0001954998704352412,0.00023493877433939086,9.90660410025157e-05,4.953302050125785e-06
9782,1.4197506759934278e-05,5.298667317086696e-05,-9.629427222535014e-05,-4.814713611267508e-06
9783,-6.500565557254717e-05,-2.274737612210148e-05,-0.0001707697520032525,-8.538487600162626e-06
9784,-0.00010477853892732661,-5.938771926550984e-05,-0.00016455211152788252,-8.227605576394126e-06
9785,-8.812119138036955e-05,-4.065895608215821e-05,-0.00014674323028884828,-7.337161514442414e-06
9786,-5.151818910467753e-05,-4.648112707701814e-06,-9.697087079985067e-05,-4.848543539992534e-06
9787,-5.3540666655501424e-05,-7.108672418435332e-06,-0.00010099609062308446,-5.0498045311542235e-06
9788,-0.00012096388134200918,-7.252598925142558e-05,-0.00014999115956015885,-7.499557978007943e-06
9789,-0.00016059454575050557,-0.00010905832943554944,-0.00017401922377757728,-8.700961188878864e-06
9790,-0.00016204569673776328,-0.00010838273017067077,-0.00015769340097904205,-7.884670048952103e-06
9791,-0.0001906984595902114,-0.000134421984862864,-0.00017003984248731285,-8.501992124365644e-06
9792,1.2775872580792705e-05,6.117280264888706e-05,3.6047553294338286e-05,1.8023776647169145e-06
9793,9.539033731058888e-05,0.00013212161076356732,0.00011762195936171338,5.8810979680856695e-06
9794,0.00015488680976652412,0.00017908757581150612,0.00014833675231784582,7.416837615892291e-06
9795,0.00013890873412410719,0.00015355859880674178,0.00010594047489576042,5.297023744788021e-06
9796,0.00011048981061460218,0.00011800123988395016,7.347456266870722e-05,3.6737281334353613e-06
9797,8.906251711467708e-05,9.166622013447947e-05,4.178996823611669e-05,2.089498411805835e-06
9798,6.729969663563919e-06,9.08803786143004e-06,-4.175885987933725e-05,-2.0879429939668626e-06
9799,-9.484734725833099e-05,-8.826711458016475e-05,-0.00012718314246740192,-6.359157123370096e-06
9800,-0.00033574619086574074,-0.00031433110369489647,-0.0003420596185605973,-1.7102980928029867e-05
9801,-0.000341272870717408,-0.0003078520538131092,-0.0003006899496540427,-1.5034497482702137e-05
9802,-0.0002930854701799703,-0.00025164697879279937,-0.00023662233434151858,-1.183111671707593e-05
9803,-0.0003325666006239792,-0.00028270998376877556,-0.00025716566597111523,-1.2858283298555762e-05
9804,-0.0004644548399623122,-0.000401187160287563,-0.00036823199479840696,-1.8411599739920348e-05
9805,-0.0004133671808979448,-0.0003410201155186055,-0.0002973952505271882,-1.486976252635941e-05
9806,-0.0004065531359716116,-0.0003267966916832413,-0.0002774020249489695,-1.3870101247448476e-05
9807,-0.00040952987659255576,-0.0003225294145015113,-0.00028498450410552323,-1.4249225205276162e-05
9808,-0.00037403645440971863,-0.00028026062986758187,-0.00028555194148793817,-1.4277597074396908e-05
9809,-0.00027043595053655937,-0.00017552048358108888,-0.00018241247744299471,-9.120623872149736e-06
9810,-0.0002659042385993714,-0.00017058195824927122,-0.00017175226821564138,-8.58761341078207e-06
9811,-0.0001242683940207615,-3.553725787987408e-05,-3.353098873049021e-05,-1.6765494365245105e-06
9812,-0.00015984450332044543,-7.536434678553713e-05,-7.425795047311112e-05,-3.712897523655556e-06
9813,-0.00011964313649695814,-4.0293680167636056e-05,-5.002421676181257e-05,-2.5012108380906287e-06
9814,4.803782962471974e-06,7.353372590503736e-05,6.696832133457065e-05,3.3484160667285327e-06
9815,6.580867145033341e-06,6.575415371224159e-05,5.849882654729299e-05,2.9249413273646496e-06
9816,4.622223892666893e-05,9.599749486729064e-05,6.920768646523356e-05,3.4603843232616785e-06
9817,-1.0137496960561884e-05,3.427583009494049e-05,2.7182366011402337e-06,1.359118300570117e-07
9818,3.8332231684086716e-05,7.639878204467789e-05,3.288447987870313e-05,1.6442239939351567e-06
9819,0.00013062404045762567,0.00015875166242494739,0.00011474009079393,5.7370045396965e-06
9820,7.885534133414316e-05,0.00010141966114639135,4.059157072333619e-05,2.0295785361668097e-06
9821,3.5245896328678826e-05,5.6013349991830616e-05,-2.4319291696883738e-05,-1.215964584844187e-06
9822,8.507163712569079e-05,0.00010279974863330146,6.1732589529128745e-06,3.086629476456437e-07
9823,-5.523411745817429e-05,-3.313125947816483e-05,-0.00013707129983231425,-6.853564991615713e-06
9824,-9.727540776485169e-05,-6.870421375844756e-05,-0.00018135190475732088,-9.067595237866044e-06
9825,-7.740703737692209e-05,-4.477262153299464e-05,-0.00014056015061214566,-7.028007530607283e-06
9826,4.636978067057835e-05,7.711809352246003e-05,-2.8437352739274502e-05,-1.421867636963725e-06
9827,7.87918146599153e-05,0.00010746326006307269,-2.5532126528560184e-05,-1.2766063264280092e-06
9828,7.689425239993e-05,0.00010452834612388284,-4.4765158236259595e-05,-2.23825791181298e-06
9829,-7.565265150682292e-05,-4.163226520643238e-05,-0.0001917434565257281,-9.587172826286405e-06
9830,-0.00017376307586807244,-0.00012962061918404496,-0.00027222008793614805,-1.3611004396807404e-05
9831,-0.0002442728414272286,-0.00018891817205241178,-0.0003060033486690372,-1.530016743345186e-05
9832,-0.0002842767374700798,-0.00021803215563897537,-0.000313619791995734,-1.56809895997867e-05
9833,-0.00032837574697086873,-0.00025102112695860415,-0.00033284147502854466,-1.6642073751427235e-05
9834,-0.00016962864861595696,-8.9095363498568e-05,-0.0001902204821817577,-9.511024109087886e-06
9835,-0.00014270533535903272,-5.965206764754414e-05,-0.00018593923596199602,-9.296961798099802e-06
9836,-4.173004464578742e-05,3.988270127493468e-05,-0.00011269283277215436,-5.634641638607718e-06
9837,-5.363586823049953e-05,2.6923687147655392e-05,-0.00012139591126469895,-6.069795563234948e-06
9838,1.8587334620214922e-05,9.345648722476111e-05,-2.8365499019855633e-05,-1.4182749509927817e-06
9839,-0.0001260856796378173,-5.016897467385149e-05,-0.0001572564651723951,-7.862823258619755e-06
9840,-7.714714456858086e-05,-2.5473784413277005e-06,-0.00010870275582419708,-5.435137791209854e-06
9841,-9.506631878766214e-05,-2.1485229111837756e-05,-0.00011278948659310117,-5.639474329655059e-06
9842,-0.0001006562319743092,-2.7251863457936824e-05,-0.00012777683150488883,-6.388841575244442e-06
9843,-0.000120560372011332,-4.618950574741509e-05,-0.00014953417121432722,-7.476708560716361e-06
9844,-8.92526066687632e-05,-1.5164516068953646e-05,-0.0001249655324500054,-6.248276622500271e-06
9845,-0.00011779431790516074,-4.115879363100576e-05,-0.0001812399277696386,-9.06199638848193e-06
9846,-5.38345220391067e-05,2.3935718494733053e-05,-0.0001553875335957855,-7.769376679789275e-06
9847,-0.00016709840810517568,-8.296784988129648e-05,-0.0002615200646687299,-1.3076003233436496e-05
9848,-0.00024939651055345686,-0.00015544146104965885,-0.00033688018447719514,-1.6844009223859757e-05
9849,-0.00025960184642934793,-0.00015563343629454332,-0.00035178640973754227,-1.7589320486877116e-05
9850,-0.0002141229081802648,-0.00010286002279076667,-0.00031087055685929954,-1.554352784296498e-05
9851,-0.00025237174574551735,-0.00013270449063931394,-0.0003446559130679816,-1.723279565339908e-05
9852,-0.00018872499186006847,-6.530477237554273e-05,-0.0002638668811414391,-1.3193344057071955e-05
9853,-0.0001624568369120665,-3.6828091857507536e-05,-0.00024107637000270188,-1.2053818500135095e-05
9854,-0.00014555590678003646,-1.7668832826909552e-05,-0.0002471710031386465,-1.2358550156932326e-05
9855,-4.706018555943335e-05,7.86567865178701e-05,-0.0001630171318538487,-8.150856592692434e-06
9856,0.0001503826702436873,0.0002650686827428059,1.3886506167182233e-05,6.943253083591117e-07
9857,0.0002520843896336439,0.00035330194583631523,7.278025441337377e-05,3.6390127206686887e-06
9858,0.00026399359224005704,0.000354339969949966,3.73914917872753e-05,1.869574589363765e-06
9859,0.00021229056594394363,0.00029494726738733514,-9.711456186778378e-06,-4.85572809338919e-07
9860,0.00016493323487806066,0.00024294273787785968,-5.7104018196696416e-05,-2.855200909834821e-06
9861,0.00021483750584491031,0.0002863358606764784,-1.0476311217644252e-05,-5.238155608822126e-07
9862,0.00023824731660154706,0.00030227655423441095,1.8297374481335282e-05,9.148687240667642e-07
9863,0.00026700793937638705,0.0003233994222524268,3.234488394809887e-05,1.6172441974049434e-06
9864,0.0003533673196902929,0.0003991799596146311,0.00010243983706459403,5.121991853229702e-06
9865,0.00021707740298458972,0.00026073028454647176,-5.154378231964074e-05,-2.5771891159820374e-06
9866,0.00016083459277163977,0.0002056954716718962,-0.00011147213081130758,-5.573606540565379e-06
9867,6.162985787978728e-05,0.00011163229745605961,-0.0001886535610537976,-9.432678052689881e-06
9868,0.00012966213741573567,0.00018130650790888945,-0.00012327752483543009,-6.163876241771505e-06
9869,0.00016236827531357183,0.00021341239015348174,-8.199170406442136e-05,-4.099585203221068e-06
9870,0.00018014376732049896,0.00022971966108075917,-6.560688052559271e-05,-3.280344026279636e-06
9871,0.0001781749601008893,0.0002263648074799953,-6.638975173700601e-05,-3.3194875868503006e-06
9872,0.00019197355875803413,0.00023878143546637293,-6.498408765764907e-05,-3.2492043828824535e-06
9873,0.00039468348215022844,0.000430651402697913,0.0001259035343537107,6.2951767176855356e-06
9874,0.0003616521288206176,0.0003902160864095846,6.822749128332362e-05,3.411374564166181e-06
9875,9.938581669373396e-05,0.00013286841188055529,-0.00016692926874384284,-8.346463437192142e-06
9876,6.038248159639861e-05,9.892401683796164e-05,-0.00017032597679644823,-8.516298839822411e-06
9877,0.00012140818698509242,0.00016139085195752224,-0.0001032562940963544,-5.1628147048177204e-06
9878,0.00020910407473364096,0.000246081322456389,-1.7898944861372e-05,-8.949472430686001e-07
9879,0.00022472943820656013,0.00025851953463376204,-1.2855169188696891e-05,-6.427584594348446e-07
9880,0.00014043949012799756,0.00017524644015666244,-9.343415149487555e-05,-4.671707574743778e-06
9881,4.668549365181554e-05,8.650196599446463e-05,-0.00017307254893239588,-8.653627446619794e-06
9882,-8.940434784438325e-06,3.784751396439794e-05,-0.00021724740508943796,-1.0862370254471898e-05
9883,-0.0003250687982603393,-0.0002586492257487386,-0.00047928528510965407,-2.3964264255482706e-05
9884,-0.0003379732975886398,-0.0002543449612753123,-0.0004535191401373595,-2.2675957006867977e-05
9885,-0.00028687727836735136,-0.00019113680556314848,-0.0003772849158849567,-1.8864245794247837e-05
9886,-0.0004713504633728317,-0.00035676069343622404,-0.0005339743220247328,-2.6698716101236642e-05
9887,-0.0003846870426946975,-0.0002568782609750375,-0.00044849529513157904,-2.2424764756578953e-05
9888,-0.00036060221376574796,-0.00022278267966973394,-0.0004080209764651954,-2.0401048823259773e-05
9889,-0.0002406617229278293,-9.89289984235834e-05,-0.0003053725231438875,-1.5268626157194376e-05
9890,-0.00013408500939276384,5.874864869317449e-06,-0.00020337404566816986,-1.0168702283408493e-05
9891,-8.159949379864846e-05,5.464545205911261e-05,-0.0001678324188105762,-8.39162094052881e-06
9892,-0.00015853714143043788,-2.2031918220732372e-05,-0.0002455195935908705,-1.2275979679543525e-05
9893,-6.681391036402315e-05,6.597699734105193e-05,-0.00016611648607067764,-8.305824303533882e-06
9894,-2.712325488907265e-05,9.992350874068189e-05,-0.00012246359256096184,-6.123179628048092e-06
9895,1.8221932533220678e-05,0.00013833733414778655,-9.24687265069224e-05,-4.62343632534612e-06
9896,2.2092161602086914e-05,0.00013677196126760102,-0.00011373387678759173,-5.686693839379586e-06
9897,2.9925695917488403e-05,0.00014058476137308128,-0.00013389562082011253,-6.694781041005627e-06
9898,-4.381260501251619e-05,6.671207650099637e-05,-0.00020504146232269704,-1.0252073116134854e-05
9899,-0.0001392774383787938,-2.5169678661744782e-05,-0.000277175655355677,-1.3858782767783851e-05
9900,-0.00017686919510073753,-5.839461650500219e-05,-0.00029592597275041044,-1.4796298637520522e-05
9901,-2.9626610107314334e-05,8.407061859324759e-05,-0.00011891673057107255,-5.945836528553628e-06
9902,1.456452371508199e-06,0.00010818757569328601,-7.318897405639291e-05,-3.6594487028196457e-06
9903,0.00012818439570898066,0.00022302560985818342,3.23812200804241e-05,1.6190610040212051e-06
9904,0.00014484554288604195,0.0002287377259783598,2.7447869797470048e-05,1.3723934898735025e-06
9905,0.00022040448833013726,0.00029013673198280914,0.00010727294284151867,5.363647142075934e-06
9906,0.00030587097948196165,0.0003576960169085053,0.0002016553480643779,1.0082767403218895e-05
9907,0.0004070352238853411,0.0004385790674528147,0.0002737425675150007,1.3687128375750036e-05
9908,0.0005274696316479602,0.0005349160444464482,0.0003790331247728318,1.8951656238641592e-05
9909,0.0005885049660975795,0.0005725759298252232,0.0003990224504377693,1.9951122521888467e-05
9910,0.0005111796697547923,0.00047839038493930675,0.0003046240017283708,1.523120008641854e-05
9911,0.000737874131304835,0.0006792526676899687,0.0005142726586200297,2.5713632931001486e-05
9912,0.000839078879445923,0.0007535146990281005,0.0005733282887376845,2.8666414436884224e-05
9913,0.0009089667737045784,0.0007972741780231633,0.0005976041429676116,2.988020714838058e-05
9914,0.0009698279098839139,0.0008328601306168081,0.0006262835231609643,3.1314176158048217e-05
9915,0.0007922457957341101,0.0006425705774234346,0.000420769996708259,2.1038499835412952e-05
9916,0.0007770985956860204,0.0006167642455678585,0.0004129384469706565,2.064692234853283e-05
9917,0.0006033845616285645,0.0004417811899781251,0.00025071544223465025,1.2535772111732514e-05
9918,0.0006557606135176631,0.0004905165952096891,0.00031192402821034193,1.5596201410517097e-05
9919,0.0004892389463492973,0.0003276626216993935,0.0001766462519299239,8.832312596496195e-06
9920,0.00032052360766840016,0.0001691198872805835,4.853721839026548e-05,2.4268609195132742e-06
9921,0.00033057845037955385,0.00018592741448512456,0.00010907855175901204,5.453927587950603e-06
9922,0.0002163430249597316,8.298942151930522e-05,7.729592653049622e-06,3.864796326524811e-07
9923,5.745070790099551e-05,-5.8763798733708805e-05,-0.00012406437599565834,-6.203218799782917e-06
9924,-4.460505024598295e-05,-0.00014152540419136626,-0.00018896235269494355,-9.448117634747178e-06
9925,4.0675098027822777e-05,-4.266476670872737e-05,-0.0001015478846966289,-5.077394234831445e-06
9926,9.520059096990039e-05,2.0685040092892005e-05,-2.9945807909825817e-05,-1.497290395491291e-06
9927,-3.7768615905587936e-06,-6.5923946192666e-05,-0.00011809313582489267,-5.904656791244634e-06
9928,-0.000136026054824447,-0.0001807274274115618,-0.00023792401771061122,-1.1896200885530562e-05
9929,-0.00018499574553235075,-0.00021260249630463378,-0.0002546496398281306,-1.273248199140653e-05
9930,-0.00019128844222222945,-0.00020474378276239306,-0.0002213444677181542,-1.106722338590771e-05
9931,-0.00010382166126039528,-0.00010934941988598491,-0.00012031661026412621,-6.015830513206311e-06
9932,-0.00012753400675088314,-0.000125859537989693,-0.00012244080426171422,-6.122040213085711e-06
9933,3.259588894609328e-05,3.192369260256197e-05,5.518599573406391e-05,2.7592997867031956e-06
9934,2.269018331951147e-05,2.086091351908719e-05,2.8575281248777173e-05,1.4287640624388588e-06
9935,-2.6731265733415248e-05,-2.7150340388656534e-05,-2.2716410967404954e-05,-1.1358205483702478e-06
9936,1.1208278789875425e-05,9.894387384741715e-06,2.203693293267861e-05,1.1018466466339305e-06
9937,-7.22703652972217e-05,-7.138898331661584e-05,-3.94055423384998e-05,-1.97027711692499e-06
9938,-0.00013649314797934312,-0.00013085976909772663,-9.25373678910546e-05,-4.6268683945527305e-06
9939,-0.00013104948178197136,-0.00012143541281488347,-8.250929386122152e-05,-4.1254646930610764e-06
9940,-0.00019460960387367987,-0.00017856575811610908,-0.00013745471369475126,-6.872735684737564e-06
9941,-0.00011773455798145326,-9.957667931163267e-05,-5.972212602500804e-05,-2.986106301250402e-06
9942,-1.3733689924911894e-05,1.3910640768003185e-06,3.7820056604687124e-05,1.8910028302343563e-06
9943,-7.408715930690343e-05,-5.805266714856108e-05,-4.021434506285004e-05,-2.010717253142502e-06
9944,-1.3704249497452922e-05,1.1215865790338573e-06,1.5223979517031694e-06,7.611989758515848e-08
9945,0.00010600501169274604,0.00011364500190757901,0.00012194091686978936,6.097045843489469e-06
9946,3.076100373652201e-05,3.5395546105759906e-05,4.561346213449724e-05,2.280673106724862e-06
9947,-1.2071249829131011e-06,2.9154282997571127e-06,1.4249010291678132e-06,7.124505145839066e-08
9948,-5.348798069668677e-05,-4.743113174586203e-05,-4.48499595222529e-05,-2.242497976112645e-06
9949,-6.121086544020284e-05,-5.215777570157476e-05,-6.697767821606249e-05,-3.3488839108031246e-06
9950,-2.6237010715102023e-05,-1.4313155093125081e-05,-6.775159999961033e-05,-3.387579999980517e-06
9951,6.727394948203514e-05,7.75956294662534e-05,1.7619817299419083e-05,8.809908649709542e-07
9952,0.0001259914348243382,0.0001312111952737104,8.756876195548102e-05,4.378438097774052e-06
9953,0.00011230060302927679,0.0001133891476603541,7.306984480237588e-05,3.6534922401187943e-06
9954,0.00013906187387059161,0.0001344121396355089,0.00011109490878880024,5.554745439440012e-06
9955,0.00037785760230145236,0.00035702966034062514,0.0003277297073509544,1.638648536754772e-05
9956,0.0004426283547689702,0.0004043019024015585,0.00037291570333763957,1.864578516688198e-05
9957,0.000539774040862588,0.0004820138017906088,0.000435298919910565,2.1764945995528254e-05
9958,0.0004439665215008852,0.00037483798079022675,0.00030073951347731054,1.5036975673865528e-05
9959,0.00032667950887875106,0.00025478856388857975,0.00015038462879601866,7.519231439800933e-06
9960,0.0002631134449674369,0.00019179896740872523,9.460170258535072e-05,4.730085129267537e-06
9961,0.00029032121400675894,0.00021699405862976565,0.00015002449799794704,7.501224899897352e-06
9962,0.0003361174250696249,0.0002587152303637494,0.00019461596093606204,9.730798046803103e-06
9963,0.0002884525292394413,0.00020936853900990705,0.00015198453911580145,7.599226955790073e-06
9964,0.0004531050998741248,0.00036456368175978544,0.0003111288824584335,1.5556444122921675e-05
9965,0.00030778624816448093,0.0002187611211249289,0.00014222301251720637,7.111150625860319e-06
9966,0.00017232317737701937,8.95642667029721e-05,1.1730906408047304e-05,5.865453204023652e-07
9967,0.00020275745311048324,0.00012298376601571374,7.298877608263865e-05,3.649438804131933e-06
9968,0.00019453322412940106,0.00011762041736159045,7.091143925208598e-05,3.5455719626042993e-06
9969,0.00027877494102015435,0.00020109953156914324,0.0001388603704981506,6.94301852490753e-06
9970,0.00022859501990361758,0.00015281611842139087,8.469173189951107e-05,4.234586594975554e-06
9971,0.0002685435039981533,0.00019267297331513307,0.00012223655357956886,6.111827678978444e-06
9972,0.0003519156012406575,0.0002724503920557423,0.00019153932225890458,9.57696611294523e-06
9973,0.0002694965234071352,0.00019153303668687527,9.281142411055043e-05,4.640571205527522e-06
9974,0.00018507103081213562,0.00011194214256233716,2.5918361643562093e-05,1.2959180821781047e-06
9975,0.00010767703914986254,4.178392734117238e-05,-2.6888621505349874e-05,-1.3444310752674938e-06
9976,0.00015800561352759018,9.622983919944521e-05,2.6628520572558045e-05,1.3314260286279024e-06
9977,0.0002838078625428316,0.00021946111062726194,0.00015301666280720383,7.650833140360191e-06
9978,0.00032247999103621254,0.0002546540769386002,0.00017085806757677346,8.542903378838673e-06
9979,0.00042496718383903796,0.00035013852687017883,0.0002445841673761606,1.2229208368808032e-05
9980,0.0005402375709903441,0.00045476164032560144,0.0003255161864217371,1.6275809321086855e-05
9981,0.0006148069719754564,0.000517345833133847,0.00036568284849636257,1.8284142424818128e-05
9982,0.00036755546984565987,0.00027181875584967067,0.00010824688797583804,5.412344398791902e-06
9983,0.0004574326576297884,0.0003594258304531933,0.00019286405586171895,9.643202793085949e-06
9984,0.00036372511116519366,0.0002678239596154852,0.00010935744649032131,5.467872324516066e-06
9985,0.00034792385935759917,0.000254806478813127,9.528270311420783e-05,4.764135155710392e-06
9986,0.00038004173256039344,0.00028803556000784637,0.00012583557690959424,6.291778845479712e-06
9987,0.0005688162608410633,0.00046912287376502435,0.00029961817199364305,1.4980908599682153e-05
9988,0.0004820634844088759,0.00037995858923886913,0.0002007319126278162,1.0036595631390811e-05
9989,0.0004739960557976108,0.00037159622510801575,0.00016327318735420704,8.163659367710352e-06
9990,0.0006314164761720743,0.0005219420247806832,0.00030101442825980484,1.5050721412990243e-05
9991,0.0006082446995553848,0.0004939529704426104,0.00026355593581683934,1.3177796790841968e-05
9992,0.0005441793365440676,0.0004295460298802585,0.00018165526853408664,9.082763426704332e-06
9993,0.00047363944507018045,0.0003614960270798381,0.000128265586681664,6.4132793340832e-06
9994,0.0005355016869969769,0.00042243164092626336,0.0001954161562025547,9.770807810127736e-06
9995,0.0004739494571894617,0.0003622525418030448,0.00014986992755439132,7.4934963777195666e-06
9996,0.0005847167670982465,0.00046846479915796163,0.0002672720293048769,1.3363601465243847e-05
9997,0.0005630927416685207,0.000443337313200515,0.0002502185816410929,1.2510929082054645e-05
9998,0.0005292014685998051,0.00040825340056079484,0.00020892295287922025,1.0446147643961013e-05
9999,0.0005688130310345989,0.0004452146873057888,0.00024111306993290782,1.2055653496645392e-05
10000,0.0005766479671514449,0.00044928340322018107,0.00026716504362411797,1.33582521812059e-05
