target,prediction,raw_uncertainty,calibrated_uncertainty,raw_lower_95,raw_upper_95,calibrated_lower,calibrated_upper,absolute_error,raw_inside_interval,calibrated_inside_interval
0.00013058077,7.511628e-05,3.636914e-05,0.00017649066,3.8327635e-06,0.0001463998,-0.00010137438,0.00025160695,5.5464487e-05,True,True
4.5873214e-05,3.682909e-05,4.168978e-05,0.00020231045,-4.4882876e-05,0.00011854105,-0.00016548135,0.00023913954,9.044124e-06,True,True
-5.7998703e-05,-2.9952438e-05,2.9951254e-05,0.00014534622,-8.8656896e-05,2.8752022e-05,-0.00017529866,0.00011539378,2.8046265e-05,True,True
-6.735273e-05,-0.00013513453,3.6117173e-05,0.00017526794,-0.00020592418,-6.4344866e-05,-0.00031040248,4.013341e-05,6.7781795e-05,True,True
-3.5076613e-05,-0.0001476139,3.4677814e-05,0.00016828308,-0.00021558242,-7.964538e-05,-0.000315897,2.0669177e-05,0.00011253729,False,True
-0.00024007935,-0.00010652574,3.4909703e-05,0.00016940838,-0.00017494876,-3.810272e-05,-0.00027593412,6.288264e-05,0.0001335536,False,True
-0.00025604243,-0.00030347478,6.64856e-05,0.00032263857,-0.00043378654,-0.000173163,-0.0006261134,1.9163796e-05,4.7432346e-05,True,True
-0.00038639648,-0.00034026706,3.0025938e-05,0.00014570863,-0.00039911788,-0.00028141623,-0.0004859757,-0.00019455842,4.6129426e-05,True,True
-0.00059707614,-0.00043390735,5.1027084e-05,0.00024762214,-0.0005339204,-0.00033389428,-0.0006815295,-0.00018628521,0.00016316879,False,True
-0.0006998976,-0.0006585985,7.01098e-05,0.00034022596,-0.00079601374,-0.00052118325,-0.0009988245,-0.00031837253,4.1299092e-05,True,True
-0.0007135085,-0.0007668112,4.692636e-05,0.00022772231,-0.00085878687,-0.0006748355,-0.0009945335,-0.00053908885,5.3302676e-05,True,True
-0.00061282684,-0.0007680023,4.321031e-05,0.00020968923,-0.0008526945,-0.0006833101,-0.0009776915,-0.0005583131,0.00015517545,False,True
-0.0006270061,-0.00066741713,5.943481e-05,0.0002884228,-0.00078390935,-0.0005509249,-0.00095583993,-0.00037899433,4.0411018e-05,True,True
-0.0006432312,-0.00064884295,4.8424634e-05,0.00023499307,-0.00074375526,-0.00055393064,-0.000883836,-0.0004138499,5.6117424e-06,True,True
-0.00056765595,-0.0006648602,4.3975517e-05,0.00021340259,-0.00075105217,-0.0005786682,-0.0008782628,-0.0004514576,9.720423e-05,False,True
-0.00059365155,-0.00060322025,5.81522e-05,0.0002821986,-0.0007171986,-0.0004892419,-0.00088541885,-0.00032102165,9.568699e-06,True,True
-0.00073783076,-0.0006008045,4.0908802e-05,0.00019852056,-0.00068098574,-0.0005206233,-0.00079932506,-0.00040228397,0.00013702625,False,True
-0.00075510173,-0.00073103944,6.164852e-05,0.0002991654,-0.0008518705,-0.0006102084,-0.0010302048,-0.00043187404,2.406229e-05,True,True
-0.0006251122,-0.0007501978,5.5107128e-05,0.0002674216,-0.00085820776,-0.00064218784,-0.0010176194,-0.0004827762,0.00012508559,False,True
-0.0005112068,-0.00061608554,5.5900397e-05,0.00027127116,-0.00072565034,-0.00050652074,-0.0008873567,-0.00034481438,0.00010487874,True,True
-0.00035840625,-0.00048751733,4.6612782e-05,0.00022620059,-0.0005788784,-0.00039615628,-0.0007137179,-0.00026131675,0.00012911108,False,True
-0.00016147924,-0.0003618547,5.0256214e-05,0.0002438813,-0.00046035688,-0.00026335253,-0.000605736,-0.00011797341,0.00020037546,False,True
-0.00021473714,-0.00013721317,6.213005e-05,0.00030150215,-0.00025898806,-1.5438265e-05,-0.00043871533,0.00016428898,7.7523975e-05,True,True
-7.0766e-05,-0.00019151605,4.3266115e-05,0.00020996002,-0.00027631765,-0.00010671447,-0.00040147608,1.844397e-05,0.00012075005,False,True
-0.00015491583,-9.212698e-05,5.9823178e-05,0.00029030745,-0.0002093804,2.512645e-05,-0.00038243443,0.00019818047,6.278885e-05,True,True
-0.00037237143,-0.00016437983,3.712758e-05,0.00018017119,-0.00023714988,-9.160978e-05,-0.00034455102,1.579136e-05,0.0002079916,False,False
-0.0004417126,-0.00036899783,6.945198e-05,0.0003370337,-0.0005051237,-0.00023287196,-0.00070603157,-3.1964126e-05,7.2714756e-05,True,True
-0.00040331128,-0.00044179798,4.280769e-05,0.0002077354,-0.00052570103,-0.00035789493,-0.00064953335,-0.00023406258,3.84867e-05,True,True
-0.0004952968,-0.0004172956,2.9951958e-05,0.00014534964,-0.00047600144,-0.00035858978,-0.00056264526,-0.00027194596,7.8001176e-05,False,True
-0.0005062187,-0.0004859805,4.6638328e-05,0.00022632456,-0.00057739165,-0.0003945694,-0.0007123051,-0.00025965594,2.0238193e-05,True,True
-0.00043075427,-0.0004955244,3.7864582e-05,0.00018374769,-0.000569739,-0.0004213098,-0.00067927205,-0.0003117767,6.477011e-05,True,True
-0.00057399075,-0.00042510137,4.2619467e-05,0.000206822,-0.00050863554,-0.0003415672,-0.0006319234,-0.00021827937,0.00014888938,False,True
-0.0005693992,-0.0005280164,6.72004e-05,0.00032610734,-0.00065972924,-0.00039630363,-0.00085412373,-0.00020190908,4.1382795e-05,True,True
-0.00039341717,-0.00051535683,4.0444833e-05,0.00019626901,-0.0005946287,-0.00043608496,-0.00071162585,-0.00031908782,0.000121939665,False,True
-0.00041125616,-0.00032550454,6.0796898e-05,0.0002950327,-0.00044466648,-0.00020634262,-0.0006205372,-3.0471856e-05,8.575161e-05,True,True
-0.00019719407,-0.00032744918,3.3902106e-05,0.00016451874,-0.0003938973,-0.00026100106,-0.0004919679,-0.00016293043,0.00013025511,False,True
0.00014009075,-0.00014237122,5.9171234e-05,0.00028714375,-0.00025834684,-2.6395603e-05,-0.00042951497,0.00014477252,0.000282462,False,True
0.00016427279,0.00020690514,8.7777065e-05,0.00042596093,3.4862096e-05,0.00037894817,-0.00021905579,0.00063286605,4.2632353e-05,True,True
0.00024119556,0.00021648155,4.703206e-05,0.00022823524,0.0001242987,0.0003086644,-1.1753684e-05,0.00044471677,2.4714012e-05,True,True
0.00015720303,0.0002687244,5.2360163e-05,0.00025409125,0.00016609847,0.00037135032,1.4633144e-05,0.0005228156,0.00011152137,False,True
0.0002461691,0.0001964174,4.290089e-05,0.00020818767,0.000112331654,0.00028050315,-1.1770273e-05,0.00040460506,4.9751703e-05,True,True
0.00021609514,0.00024083605,4.7056732e-05,0.00022835497,0.00014860486,0.00033306723,1.2481076e-05,0.000469191,2.4740904e-05,True,True
4.522337e-05,0.00023409432,4.5290166e-05,0.00021978226,0.00014532558,0.00032286305,1.4312056e-05,0.00045387656,0.00018887095,False,True
6.7540816e-05,6.682023e-05,5.3509037e-05,0.00025966644,-3.8057486e-05,0.00017169793,-0.00019284622,0.00032648665,7.20589e-07,True,True
-6.065538e-06,8.448569e-05,4.253796e-05,0.00020642646,1.1112934e-06,0.0001678601,-0.000121940764,0.00029091214,9.055123e-05,False,True
0.00013361887,1.5136931e-05,3.3561282e-05,0.00016286482,-5.0643182e-05,8.0917045e-05,-0.00014772789,0.00017800175,0.00011848194,False,True
7.067124e-05,0.00012479174,6.3225125e-05,0.00030681628,8.7049557e-07,0.00024871298,-0.00018202454,0.000431608,5.41205e-05,True,True
-1.0277641e-05,7.0283124e-05,5.2640116e-05,0.0002554498,-3.2891505e-05,0.00017345775,-0.00018516666,0.00032573292,8.056076e-05,True,True
4.4488304e-05,-1.5387324e-05,3.429611e-05,0.00016643075,-8.26077e-05,5.183305e-05,-0.00018181808,0.00015104342,5.987563e-05,True,True
0.00013228493,2.587257e-06,3.7577858e-05,0.00018235628,-7.106535e-05,7.623986e-05,-0.00017976902,0.00018494354,0.00012969767,False,True
0.00031132574,0.000106447034,4.3856115e-05,0.00021282316,2.0489046e-05,0.00019240502,-0.00010637612,0.00031927018,0.00020487871,False,True
0.00033324806,0.00023094304,6.555332e-05,0.00031811447,0.00010245852,0.00035942756,-8.717143e-05,0.0005490575,0.00010230501,True,True
0.00020358902,0.00024021113,4.2779808e-05,0.0002076001,0.0001563627,0.00032405957,3.261103e-05,0.0004478112,3.6622107e-05,True,True
0.00016797538,9.863815e-05,5.1562256e-05,0.0002502192,-2.4238761e-06,0.00019970018,-0.00015158104,0.00034885734,6.933723e-05,True,True
3.8329053e-05,3.8347214e-05,3.1963074e-05,0.0001551091,-2.430041e-05,0.00010099484,-0.00011676188,0.0001934563,1.816079e-08,True,True
-5.761051e-05,-7.162152e-05,3.596371e-05,0.0001745232,-0.0001421104,-1.1326483e-06,-0.00024614471,0.00010290168,1.4011013e-05,True,True
-0.00013041808,-0.0001470198,2.8378576e-05,0.00013771439,-0.00020264182,-9.139779e-05,-0.00028473418,-9.305411e-06,1.6601727e-05,True,True
-0.00031345332,-0.00022810258,3.320699e-05,0.00016114552,-0.0002931883,-0.00016301687,-0.0003892481,-6.695706e-05,8.535074e-05,False,True
-0.00034946162,-0.0004116142,5.1935443e-05,0.00025203018,-0.00051340763,-0.00030982072,-0.0006636444,-0.00015958401,6.215257e-05,True,True
-0.0005322931,-0.0004513506,3.5608835e-05,0.00017280108,-0.00052114396,-0.0003815573,-0.00062415167,-0.00027854953,8.09425e-05,False,True
-0.0005538745,-0.0006081172,7.24737e-05,0.00035169738,-0.00075016567,-0.00046606874,-0.0009598146,-0.00025641982,5.424273e-05,True,True
-0.00065722124,-0.00064325635,4.7505328e-05,0.0002305319,-0.0007363668,-0.0005501459,-0.00087378826,-0.00041272445,1.3964891e-05,True,True
-0.0007096162,-0.0007217508,5.7135334e-05,0.000277264,-0.00083373603,-0.0006097655,-0.0009990148,-0.0004444868,1.2134609e-05,True,True
-0.00068580674,-0.0007534407,5.3277254e-05,0.00025854167,-0.00085786416,-0.0006490173,-0.0010119823,-0.00049489905,6.7633984e-05,True,True
-0.00069810514,-0.00074561615,4.470722e-05,0.00021695335,-0.0008332423,-0.00065799,-0.0009625695,-0.0005286628,4.7511014e-05,True,True
-0.0006955676,-0.0007501551,4.194465e-05,0.00020354729,-0.0008323666,-0.00066794356,-0.0009537024,-0.0005466078,5.4587494e-05,True,True
-0.000873944,-0.0007449541,5.172803e-05,0.00025102365,-0.000846341,-0.0006435672,-0.0009959778,-0.0004939304,0.00012898992,False,True
-0.0008330406,-0.0008545959,6.5681306e-05,0.00031873555,-0.0009833312,-0.00072586053,-0.0011733314,-0.00053586037,2.1555286e-05,True,True
-0.00096750323,-0.0008216889,5.8774604e-05,0.000285219,-0.0009368871,-0.0007064907,-0.0011069078,-0.0005364699,0.00014581432,False,True
-0.0011213473,-0.00092396274,6.6676585e-05,0.0003235654,-0.0010546489,-0.00079327665,-0.0012475281,-0.00060039735,0.00019738456,False,True
-0.00093106227,-0.0010387178,8.3506835e-05,0.00040523853,-0.0012023912,-0.0008750444,-0.0014439563,-0.00063347927,0.000107655535,True,True
-0.00090670306,-0.0009125016,6.998305e-05,0.00033961085,-0.0010496684,-0.00077533483,-0.0012521124,-0.00057289074,5.7985308e-06,True,True
-0.0006963667,-0.0008376334,6.541921e-05,0.00031746365,-0.000965855,-0.00070941175,-0.001155097,-0.00052016973,0.00014126668,False,True
-0.0005264658,-0.00064164115,7.541912e-05,0.0003659908,-0.00078946265,-0.00049381965,-0.0010076319,-0.00027565035,0.000115175324,True,True
-0.00048613007,-0.00045062465,6.364669e-05,0.000308862,-0.00057537213,-0.00032587716,-0.0007594867,-0.00014176263,3.550542e-05,True,True
-0.00049261906,-0.00039405318,4.3844746e-05,0.00021276798,-0.00047998887,-0.00030811748,-0.00060682115,-0.0001812852,9.8565884e-05,False,True
-0.0005407922,-0.00040147334,3.221982e-05,0.00015635502,-0.0004646242,-0.00033832248,-0.00055782835,-0.00024511834,0.00013931884,False,True
-0.00039551695,-0.0004531156,3.903876e-05,0.0001894457,-0.00052963156,-0.0003765996,-0.0006425613,-0.00026366988,5.7598634e-05,True,True
-0.00033448573,-0.00032335523,5.4109012e-05,0.000262578,-0.0004294089,-0.00021730157,-0.0005859332,-6.0777238e-05,1.1130498e-05,True,True
-0.00021890727,-0.000258839,3.415347e-05,0.00016573854,-0.00032577978,-0.0001918982,-0.00042457753,-9.310045e-05,3.993172e-05,True,True
-0.00011230462,-0.00016870903,4.2820953e-05,0.00020779976,-0.0002526381,-8.477995e-05,-0.0003765088,3.9090737e-05,5.640441e-05,True,True
-8.06629e-05,-4.2724623e-05,4.369957e-05,0.00021206347,-0.00012837577,4.292653e-05,-0.0002547881,0.00016933885,3.793828e-05,True,True
-5.787178e-05,-3.1959313e-05,3.3927678e-05,0.00016464284,-9.845756e-05,3.4538938e-05,-0.00019660215,0.00013268353,2.5912468e-05,True,True
-2.6390097e-05,-1.32409705e-05,3.341294e-05,0.00016214495,-7.8730336e-05,5.2248397e-05,-0.00017538593,0.00014890397,1.3149126e-05,True,True
0.00018372358,-2.6232743e-07,3.4648543e-05,0.00016814102,-6.8173475e-05,6.764882e-05,-0.00016840335,0.0001678787,0.0001839859,False,False
0.00017229785,0.00019079761,8.042092e-05,0.00039026333,3.3172604e-05,0.00034842262,-0.00019946572,0.00058106094,1.8499763e-05,True,True
0.00019753534,0.0002043714,4.4720986e-05,0.00021702016,0.00011671827,0.00029202455,-1.2648758e-05,0.00042139157,6.8360678e-06,True,True
0.00018976122,0.00021706229,3.5358946e-05,0.00017158844,0.00014775875,0.00028636583,4.5473847e-05,0.00038865075,2.7301066e-05,True,True
0.00023978924,0.00022434097,3.8589285e-05,0.0001872645,0.00014870596,0.00029997597,3.7076476e-05,0.00041160546,1.544827e-05,True,True
0.00038690164,0.00024210238,4.7136375e-05,0.00022874145,0.00014971508,0.00033448968,1.3360928e-05,0.00047084384,0.00014479925,False,True
0.00045508973,0.00036553794,6.376342e-05,0.00030942852,0.00024056163,0.00049051427,5.610942e-05,0.0006749665,8.955179e-05,True,True
0.00047923427,0.0004390512,4.3699332e-05,0.00021206232,0.00035340048,0.0005247019,0.00022698886,0.0006511135,4.0183077e-05,True,True
0.0005285552,0.00044526387,5.3790463e-05,0.00026103214,0.00033983454,0.0005506932,0.00018423173,0.000706296,8.329132e-05,True,True
0.0004646251,0.00047596704,5.1111947e-05,0.00024803396,0.0003757876,0.00057614647,0.00022793308,0.000724001,1.1341937e-05,True,True
0.00031893083,0.00042423845,5.005965e-05,0.00024292742,0.00032612152,0.0005223554,0.00018131103,0.00066716585,0.00010530761,False,True
0.00020284201,0.00026592216,4.979866e-05,0.00024166088,0.0001683168,0.00036352754,2.4261288e-05,0.000507583,6.308015e-05,True,True
7.9023754e-05,0.00014201856,3.8871887e-05,0.0001886359,6.5829656e-05,0.00021820745,-4.6617337e-05,0.00033065444,6.2994804e-05,True,True
5.7670124e-05,7.6053802e-06,3.8831866e-05,0.00018844169,-6.8505076e-05,8.3715844e-05,-0.0001808363,0.00019604707,5.0064744e-05,True,True
-8.903814e-05,-2.9114244e-05,3.3874916e-05,0.0001643868,-9.550908e-05,3.7280595e-05,-0.00019350105,0.00013527255,5.99239e-05,True,True
-7.677737e-05,-0.0001799383,4.162588e-05,0.00020200036,-0.00026152504,-9.835157e-05,-0.00038193865,2.2062057e-05,0.000103160935,False,True
-0.00010490966,-0.00015856273,3.1611722e-05,0.00015340406,-0.0002205217,-9.6603755e-05,-0.0003119668,-5.1586685e-06,5.365307e-05,True,True
-5.4168508e-05,-0.00018855337,2.7840302e-05,0.00013510228,-0.00024312036,-0.00013398638,-0.00032365567,-5.345109e-05,0.00013438487,False,True
-0.00016263327,-0.000114854294,4.0248255e-05,0.00019531508,-0.00019374088,-3.5967714e-05,-0.00031016936,8.0460784e-05,4.7778973e-05,True,True
-0.00017107175,-0.00020310837,4.6426343e-05,0.00022529585,-0.00029410401,-0.000112112735,-0.00042840422,2.218748e-05,3.2036623e-05,True,True
-0.0001446742,-0.00022098621,2.9305733e-05,0.00014221366,-0.00027842546,-0.00016354698,-0.00036319986,-7.877256e-05,7.631202e-05,False,True
-0.00023326561,-0.00018884454,3.1556756e-05,0.00015313733,-0.0002506958,-0.0001269933,-0.00034198188,-3.5707213e-05,4.4421075e-05,True,True
-0.00049587816,-0.00026039645,3.9276605e-05,0.0001905999,-0.0003373786,-0.0001834143,-0.00045099633,-6.979656e-05,0.00023548171,False,False
-0.00042741277,-0.00047654295,8.173388e-05,0.0003966348,-0.00063674134,-0.00031634455,-0.0008731778,-7.9908146e-05,4.9130176e-05,True,True
-0.0005383011,-0.00045379304,4.8435493e-05,0.00023504577,-0.0005487266,-0.00035885948,-0.0006888388,-0.00021874727,8.4508036e-05,True,True
-0.00052560057,-0.0005261155,4.1489722e-05,0.00020133962,-0.00060743536,-0.00044479562,-0.0007274551,-0.00032477587,5.1490497e-07,True,True
-0.0006020652,-0.0005127752,3.781295e-05,0.00018349713,-0.0005868886,-0.00043866184,-0.00069627236,-0.00032927806,8.928997e-05,False,True
-0.0006808267,-0.0005525432,3.6629564e-05,0.00017775444,-0.0006243372,-0.00048074927,-0.00073029764,-0.00037478877,0.00012828351,False,True
-0.00063559576,-0.00061118865,4.3493495e-05,0.00021106345,-0.0006964359,-0.0005259414,-0.0008222521,-0.0004001252,2.4407113e-05,True,True
-0.00069231295,-0.0005657126,3.839793e-05,0.0001863359,-0.0006409725,-0.0004904526,-0.00075204845,-0.00037937667,0.00012660038,False,True
-0.0005784016,-0.00059274177,3.8526356e-05,0.00018695912,-0.0006682534,-0.00051723013,-0.0007797009,-0.00040578266,1.4340156e-05,True,True
-0.000601029,-0.0005060561,4.3638425e-05,0.00021176676,-0.00059158745,-0.0004205248,-0.00071782287,-0.00029428938,9.49729e-05,False,True
-0.00068970845,-0.000498205,4.0010684e-05,0.0001941622,-0.0005766259,-0.00041978408,-0.0006923672,-0.00030404283,0.00019150344,False,True
-0.00060223264,-0.00058394345,6.392763e-05,0.00031022538,-0.0007092416,-0.00045864529,-0.00089416886,-0.00027371806,1.8289196e-05,True,True
-0.0005409619,-0.00050560175,4.959437e-05,0.00024066953,-0.00060280674,-0.0004083968,-0.0007462713,-0.00026493223,3.5360164e-05,True,True
-0.0006210216,-0.00046934825,3.5330217e-05,0.00017144902,-0.0005385955,-0.000400101,-0.00064079725,-0.00029789924,0.00015167336,False,True
-0.00060158933,-0.0005309685,4.6211484e-05,0.00022425319,-0.000621543,-0.00044039398,-0.0007552217,-0.0003067153,7.062085e-05,True,True
-0.00065146596,-0.0005214731,3.5915193e-05,0.00017428776,-0.0005918669,-0.00045107934,-0.0006957609,-0.00034718536,0.00012999284,False,True
-0.00067379215,-0.0005610895,4.4378387e-05,0.0002153576,-0.0006480711,-0.00047410786,-0.0007764471,-0.00034573188,0.00011270266,False,True
-0.00076241285,-0.0005609874,5.0443192e-05,0.00024478865,-0.0006598561,-0.00046211874,-0.00080577604,-0.00031619874,0.00020142546,False,True
-0.0005649205,-0.0006488604,6.2531435e-05,0.00030344998,-0.00077142206,-0.00052629877,-0.0009523104,-0.00034541043,8.393993e-05,True,True
-0.00039192758,-0.0005006115,5.8053713e-05,0.00028172066,-0.00061439676,-0.00038682623,-0.00078233215,-0.00021889084,0.00010868392,True,True
-0.0003858222,-0.0003401447,5.7375666e-05,0.00027843026,-0.000452601,-0.0002276884,-0.00061857497,-6.171444e-05,4.56775e-05,True,True
-0.00046086218,-0.00031251393,3.514357e-05,0.00017054327,-0.00038139534,-0.00024363253,-0.0004830572,-0.00014197067,0.00014834825,False,True
-0.00032129072,-0.0003694279,3.7393995e-05,0.00018146404,-0.00044272013,-0.00029613567,-0.000550892,-0.00018796386,4.8137183e-05,True,True
-0.0003187545,-0.00024636468,5.481675e-05,0.00026601247,-0.00035380552,-0.00013892385,-0.0005123771,1.9647792e-05,7.238981e-05,True,True
-7.1508e-05,-0.00022766727,3.6109017e-05,0.00017522836,-0.00029844095,-0.0001568936,-0.00040289562,-5.2438918e-05,0.00015615928,False,True
2.0834683e-05,-1.822653e-05,7.085643e-05,0.00034384918,-0.00015710515,0.00012065209,-0.00036207572,0.00032562265,3.906121e-05,True,True
0.00015285569,7.3113086e-05,4.3823184e-05,0.00021266335,-1.2780358e-05,0.00015900654,-0.00013955026,0.00028577645,7.9742604e-05,True,True
0.00029923848,0.00016070907,4.293759e-05,0.00020836577,7.655139e-05,0.00024486674,-4.7656707e-05,0.00036907484,0.00013852942,False,True
0.0003391154,0.00029068894,7.424868e-05,0.00036031095,0.00014516152,0.00043621636,-6.962201e-05,0.0006509999,4.8426446e-05,True,True
0.00036942292,0.00031565028,4.491158e-05,0.00021794507,0.00022762359,0.00040367697,9.770521e-05,0.00053359533,5.3772645e-05,True,True
0.0003689034,0.00035880468,4.4141165e-05,0.00021420643,0.000272288,0.00044532138,0.00014459825,0.0005730111,1.0098709e-05,True,True
0.00049398106,0.00033327242,4.5061857e-05,0.00021867432,0.00024495117,0.00042159366,0.00011459809,0.00055194675,0.00016070865,False,True
0.00041390918,0.00044795647,7.2585935e-05,0.00035224203,0.00030568804,0.00059022487,9.571444e-05,0.0008001985,3.404729e-05,True,True
0.00052790856,0.00036662523,4.782957e-05,0.00023210538,0.00027287926,0.0004603712,0.00013451985,0.00059873064,0.00016128333,False,True
0.0005914345,0.00046110104,5.89212e-05,0.00028593038,0.0003456155,0.0005765866,0.00017517066,0.0007470314,0.00013033344,False,True
0.00052063377,0.0005411139,5.9258957e-05,0.00028756942,0.00042496633,0.00065726147,0.00025354448,0.0008286833,2.0480133e-05,True,True
0.0005402643,0.00046055962,5.6643097e-05,0.0002748753,0.00034953916,0.0005715801,0.00018568433,0.00073543494,7.970468e-05,True,True
0.0005903184,0.00047258017,5.3560012e-05,0.00025991382,0.00036760254,0.0005775578,0.00021266635,0.000732494,0.00011773824,False,True
0.0004255497,0.0005115471,4.9539398e-05,0.00024040275,0.00041444987,0.00060864433,0.00027114432,0.00075194985,8.5997395e-05,True,True
0.0003397265,0.00036294013,6.745589e-05,0.00032734717,0.00023072658,0.0004951537,3.5592966e-05,0.0006902873,2.3213623e-05,True,True
0.00027988965,0.0002520169,4.825787e-05,0.0002341838,0.00015743148,0.00034660235,1.783311e-05,0.0004862007,2.7872738e-05,True,True
0.00011717998,0.000190045,2.964663e-05,0.00014386795,0.0001319376,0.00024815238,4.6177054e-05,0.00033391296,7.286502e-05,False,True
-7.661891e-05,3.5036424e-05,4.9837574e-05,0.00024184973,-6.2645224e-05,0.00013271807,-0.0002068133,0.00027688616,0.00011165533,False,True
-0.0001553153,-0.00015692764,5.15017e-05,0.00024992533,-0.00025787097,-5.5984296e-05,-0.00040685298,9.2997696e-05,1.6123377e-06,True,True
-0.00025207808,-0.00024560452,3.146765e-05,0.00015270492,-0.00030728112,-0.00018392791,-0.00039830944,-9.28996e-05,6.473565e-06,True,True
-0.00029327805,-0.00032714417,4.5082095e-05,0.00021877253,-0.00041550508,-0.00023878325,-0.00054591673,-0.000108371634,3.386612e-05,True,True
-0.00040362464,-0.00037374557,3.5471105e-05,0.00017213271,-0.00044326895,-0.0003042222,-0.0005458783,-0.00020161286,2.987907e-05,True,True
-0.00069413264,-0.00047804884,4.749835e-05,0.00023049804,-0.0005711456,-0.00038495206,-0.0007085469,-0.00024755078,0.0002160838,False,True
-0.0007159727,-0.0007170043,8.237523e-05,0.0003997471,-0.0008784598,-0.0005555488,-0.0011167515,-0.0003172572,1.0316144e-06,True,True
-0.0007210156,-0.0007472042,6.3526684e-05,0.00030827968,-0.0008717165,-0.0006226919,-0.0010554838,-0.0004389245,2.6188558e-05,True,True
-0.0007614375,-0.00074373797,4.77649e-05,0.00023179155,-0.0008373572,-0.00065011875,-0.00097552955,-0.0005119464,1.7699553e-05,True,True
-0.00061234034,-0.0007570633,4.4427237e-05,0.00021559467,-0.00084414065,-0.0006699859,-0.00097265793,-0.0005414686,0.00014472293,False,True
-0.00040339876,-0.0006239114,7.04997e-05,0.00034211806,-0.0007620908,-0.000485732,-0.0009660295,-0.00028179333,0.00022051262,False,True
-0.0003835144,-0.00036677002,7.109811e-05,0.00034502198,-0.0005061223,-0.00022741772,-0.00071179203,-2.1748041e-05,1.6744365e-05,True,True
-0.00033359573,-0.0003405954,4.2205796e-05,0.00020481455,-0.00042331876,-0.00025787205,-0.00054541,-0.00013578085,6.999675e-06,True,True
-0.00037147803,-0.0003072816,3.0738847e-05,0.00014916822,-0.00036752972,-0.00024703346,-0.0004564498,-0.00015811337,6.419644e-05,False,True
-0.00033160654,-0.00033041672,4.7549907e-05,0.00023074824,-0.00042361455,-0.00023721889,-0.0005611649,-9.966848e-05,1.1898228e-06,True,True
-0.0002928005,-0.00031927467,4.1161304e-05,0.00019974587,-0.00039995083,-0.0002385985,-0.00051902054,-0.00011952879,2.6474154e-05,True,True
-0.00024158764,-0.0002831977,3.315152e-05,0.00016087633,-0.00034817468,-0.00021822072,-0.00044407404,-0.00012232138,4.1610067e-05,True,True
-7.5238335e-05,-0.00022750843,3.5977057e-05,0.00017458799,-0.00029802346,-0.0001569934,-0.00040209643,-5.292044e-05,0.00015227009,False,True
-7.1838105e-05,-5.790807e-05,6.291787e-05,0.00030532526,-0.0001812271,6.541096e-05,-0.00036323332,0.0002474172,1.39300355e-05,True,True
5.9953345e-06,-3.820471e-05,3.783905e-05,0.0001836238,-0.00011236925,3.595983e-05,-0.00022182851,0.00014541908,4.4200046e-05,True,True
0.000114300216,1.5908463e-05,4.116856e-05,0.0001997811,-6.4781925e-05,9.6598844e-05,-0.00018387265,0.00021568956,9.8391756e-05,False,True
1.1131497e-05,0.00011208024,5.728952e-05,0.00027801222,-2.0721927e-07,0.0002243677,-0.00016593197,0.00039009246,0.000100948746,True,True
-0.00013293892,-1.4942692e-06,5.8528058e-05,0.00028402256,-0.00011620927,0.000113220725,-0.00028551684,0.0002825283,0.00013144466,False,True
4.0840976e-05,-0.00017023079,4.9074977e-05,0.00023814903,-0.00026641774,-7.404383e-05,-0.00040837983,6.791824e-05,0.00021107178,False,True
5.7298053e-05,-3.522221e-05,6.9559865e-05,0.00033755726,-0.00017155954,0.00010111512,-0.00037277947,0.00030233504,9.252026e-05,True,True
0.0002023004,1.0955283e-06,3.9373583e-05,0.0001910705,-7.60767e-05,7.826775e-05,-0.00018997498,0.00019216603,0.00020120488,False,False
0.00016736952,0.0001341115,6.38647e-05,0.00030992,8.93668e-06,0.00025928632,-0.0001758085,0.0004440315,3.3258024e-05,True,True
0.00010730397,0.00012121412,3.8531172e-05,0.00018698249,4.569302e-05,0.00019673523,-6.576837e-05,0.0003081966,1.3910154e-05,True,True
7.1621136e-05,4.853142e-05,3.8332222e-05,0.00018601703,-2.659974e-05,0.00012366258,-0.00013748561,0.00023454845,2.3089717e-05,True,True
0.00025222474,4.5050903e-05,2.806079e-05,0.00013617224,-9.948246e-06,0.00010005005,-9.1121336e-05,0.00018122315,0.00020717384,False,False
0.00018583587,0.0001940413,7.9831974e-05,0.00038740534,3.757063e-05,0.00035051198,-0.00019336403,0.0005814466,8.205432e-06,True,True
0.00016109803,0.00014524991,5.5280772e-05,0.00026826427,3.6899597e-05,0.00025360024,-0.00012301435,0.00041351418,1.5848113e-05,True,True
0.00033451754,9.485275e-05,3.5491572e-05,0.00017223204,2.5289271e-05,0.00016441624,-7.737929e-05,0.0002670848,0.00023966478,False,False
0.0002854121,0.00024875227,8.1327424e-05,0.00039466238,8.935052e-05,0.00040815404,-0.0001459101,0.0006434147,3.6659825e-05,True,True
0.00020929777,0.00020785106,5.2619347e-05,0.000255349,0.00010471714,0.00031098496,-4.7497946e-05,0.00046320006,1.4467078e-06,True,True
1.14843515e-05,0.00014062032,3.795024e-05,0.00018416338,6.6237844e-05,0.0002150028,-4.3543056e-05,0.0003247837,0.00012913597,False,True
2.9023784e-05,-3.9315048e-05,5.4598597e-05,0.00026495382,-0.0001463283,6.76982e-05,-0.00030426888,0.00022563877,6.8338835e-05,True,True
-0.0001350148,-3.5798173e-05,3.515024e-05,0.00017057563,-0.00010469265,3.3096298e-05,-0.0002063738,0.00013477745,9.921662e-05,False,True
-0.00016617576,-0.00017395416,4.248937e-05,0.00020619067,-0.00025723333,-9.0675e-05,-0.00038014483,3.223651e-05,7.778406e-06,True,True
-0.00036139053,-0.00020061249,2.9152694e-05,0.000141471,-0.00025775176,-0.00014347321,-0.00034208348,-5.9141486e-05,0.00016077804,False,False
-0.00030528818,-0.00035512555,5.8435122e-05,0.00028357157,-0.0004696584,-0.00024059271,-0.0006386971,-7.155398e-05,4.983737e-05,True,True
-0.00028229482,-0.000325752,3.196203e-05,0.00015510403,-0.00038839757,-0.0002631064,-0.00048085602,-0.00017064795,4.345717e-05,True,True
-0.00025534397,-0.0002729102,3.4685967e-05,0.00016832263,-0.00034089468,-0.0002049257,-0.0004412328,-0.00010458757,1.7566228e-05,True,True
-0.000186801,-0.00024863976,3.7639984e-05,0.00018265776,-0.00032241413,-0.00017486539,-0.00043129752,-6.598199e-05,6.183876e-05,True,True
-0.00041670285,-0.000160622,3.533358e-05,0.00017146535,-0.00022987582,-9.136818e-05,-0.00033208734,1.0843345e-05,0.00025608085,False,False
-0.0005404662,-0.00035400622,7.9112935e-05,0.000383916,-0.00050906755,-0.00019894486,-0.0007379222,2.9909774e-05,0.00018646,False,True
-0.00051733456,-0.00049215654,6.26894e-05,0.00030421655,-0.0006150278,-0.0003692853,-0.0007963731,-0.00018794,2.5178015e-05,True,True
-0.00048212637,-0.0004940666,3.5407993e-05,0.00017182645,-0.0005634663,-0.00042466697,-0.0006658931,-0.00032224017,1.1940254e-05,True,True
-0.0006603308,-0.00045779857,3.098875e-05,0.00015038093,-0.00051853654,-0.00039706062,-0.0006081795,-0.00030741765,0.00020253225,False,False
-0.0006402342,-0.0005993094,6.0662594e-05,0.00029438094,-0.0007182081,-0.0004804107,-0.00089369033,-0.00030492846,4.0924817e-05,True,True
-0.00075600925,-0.0006028026,5.396849e-05,0.0002618961,-0.00070858083,-0.0004970244,-0.00086469867,-0.00034090652,0.00015320664,False,True
-0.0007838884,-0.00070052355,5.824998e-05,0.0002826731,-0.0008146935,-0.0005863536,-0.0009831967,-0.00041785045,8.336484e-05,True,True
-0.0004927519,-0.00073504006,5.0375085e-05,0.00024445815,-0.0008337752,-0.0006363049,-0.0009794983,-0.0004905819,0.00024228817,False,True
-0.00040279154,-0.00048403055,0.00011338636,0.00055023667,-0.00070626783,-0.00026179326,-0.0010342672,6.620612e-05,8.1239006e-05,True,True
-0.0004384702,-0.00035347638,3.8728474e-05,0.00018793995,-0.00042938418,-0.0002775686,-0.00054141635,-0.00016553643,8.499381e-05,False,True
-0.00041688964,-0.00040655397,3.5811714e-05,0.00017378561,-0.00047674493,-0.000336363,-0.0005803396,-0.00023276836,1.0335672e-05,True,True
-0.00027943694,-0.00040627833,3.8894726e-05,0.00018874672,-0.000482512,-0.00033004466,-0.000595025,-0.0002175316,0.00012684139,False,True
-0.00029140463,-0.0002785799,5.7825564e-05,0.00028061352,-0.000391918,-0.00016524177,-0.00055919343,2.0336302e-06,1.2824748e-05,True,True
-0.0003230856,-0.00026623113,3.307987e-05,0.00016052862,-0.00033106768,-0.00020139458,-0.00042675977,-0.00010570251,5.685448e-05,True,True
-0.0004950185,-0.00029539186,3.110063e-05,0.00015092385,-0.0003563491,-0.00023443463,-0.0004463157,-0.00014446801,0.00019962664,False,False
-0.00039770952,-0.00043893087,5.5203272e-05,0.00026788816,-0.0005471293,-0.00033073247,-0.000706819,-0.00017104272,4.1221356e-05,True,True
-0.00036012245,-0.00036952712,4.1299045e-05,0.0002004143,-0.00045047325,-0.00028858098,-0.0005699414,-0.00016911281,9.40467e-06,True,True
-0.00028910805,-0.00034108903,2.801398e-05,0.00013594508,-0.00039599644,-0.00028618163,-0.00047703413,-0.00020514395,5.1980984e-05,True,True
-0.00017405061,-0.00028457298,3.8588532e-05,0.00018726084,-0.0003602065,-0.00020893945,-0.0004718338,-9.7312135e-05,0.000110522364,False,True
-0.00017318632,-0.00019085094,4.1435633e-05,0.00020107713,-0.0002720648,-0.000109637105,-0.00039192807,1.0226184e-05,1.7664628e-05,True,True
-0.0002382329,-0.00017837329,3.9852708e-05,0.00019339558,-0.0002564846,-0.000100261976,-0.00037176887,1.5022291e-05,5.985961e-05,True,True
-0.00045169014,-0.00023416558,3.882676e-05,0.00018841692,-0.00031026604,-0.00015806512,-0.0004225825,-4.574866e-05,0.00021752456,False,False
-0.0003469719,-0.0004070635,5.223352e-05,0.0002534767,-0.0005094412,-0.0003046858,-0.0006605402,-0.00015358679,6.009158e-05,True,True
-0.0002902562,-0.00029675523,6.481541e-05,0.00031453356,-0.00042379345,-0.00016971702,-0.0006112888,1.7778337e-05,6.499031e-06,True,True
-0.00013335643,-0.00020241569,3.4602017e-05,0.00016791525,-0.00027023564,-0.00013459573,-0.00037033093,-3.4500437e-05,6.905926e-05,False,True
0.00026474625,-5.5795364e-05,4.8318172e-05,0.00023447644,-0.00015049898,3.8908252e-05,-0.0002902718,0.00017868108,0.0003205416,False,False
0.0003655993,0.00034453537,0.000116464464,0.000565174,0.000116265015,0.0005728057,-0.00022063861,0.0009097094,2.1063926e-05,True,True
0.00052120263,0.0004410025,7.8867444e-05,0.00038272468,0.00028642232,0.0005955827,5.827783e-05,0.0008237272,8.0200116e-05,True,True
0.0005138397,0.0005659855,7.515231e-05,0.00036469605,0.00041868698,0.000713284,0.00020128945,0.0009306816,5.21458e-05,True,True
0.0005785153,0.0005577935,6.280208e-05,0.00030476335,0.0004347014,0.00068088557,0.00025303013,0.00086255686,2.072181e-05,True,True
0.00063569803,0.00060323684,6.828427e-05,0.0003313671,0.00046939967,0.000737074,0.00027186974,0.000934604,3.246119e-05,True,True
0.0006202151,0.00064199907,5.644054e-05,0.00027389234,0.0005313756,0.00075262255,0.00036810673,0.0009158914,2.1783984e-05,True,True
0.0005870357,0.0006091022,5.8719877e-05,0.00028495342,0.0004940112,0.0007241932,0.00032414877,0.0008940556,2.2066466e-05,True,True
0.000666084,0.00055246433,5.5851084e-05,0.00027103184,0.0004429962,0.00066193246,0.0002814325,0.00082349614,0.000113619666,False,True
0.0006530664,0.0006283846,6.551172e-05,0.00031791258,0.00049998163,0.00075678754,0.000310472,0.0009462972,2.4681794e-05,True,True
0.000684031,0.00059842336,5.8174905e-05,0.00028230879,0.00048440055,0.00071244617,0.00031611457,0.00088073214,8.560764e-05,True,True
0.00048192617,0.0006326486,4.9666287e-05,0.00024101851,0.0005353027,0.0007299945,0.00039163008,0.0008736671,0.00015072242,False,True
0.00051007693,0.00043052825,6.5417815e-05,0.00031745687,0.00030230934,0.00055874715,0.00011307138,0.0007479851,7.9548685e-05,True,True
0.00041844993,0.00041919693,5.1921e-05,0.0002519601,0.00031743175,0.0005209621,0.00016723684,0.00067115703,7.47008e-07,True,True
0.0003207946,0.00033611833,4.2698884e-05,0.00020720738,0.00025242852,0.00041980814,0.00012891095,0.00054332573,1.532372e-05,True,True
0.00033429076,0.00022879979,4.0856514e-05,0.0001982668,0.00014872102,0.00030887855,3.053299e-05,0.00042706658,0.000105490966,False,True
0.00025799178,0.00024977225,3.3752058e-05,0.0001637906,0.00018361822,0.00031592627,8.598165e-05,0.00041356284,8.219533e-06,True,True
0.00041637168,0.00019952955,4.41775e-05,0.00021438276,0.00011294164,0.00028611746,-1.4853213e-05,0.0004139123,0.00021684213,False,False
0.00027356035,0.0003493226,6.371804e-05,0.0003092083,0.00022443524,0.00047420996,4.0114304e-05,0.00065853086,7.576225e-05,True,True
1.9668973e-05,0.00023443587,6.070791e-05,0.00029460085,0.00011544836,0.00035342335,-6.016498e-05,0.00052903674,0.00021476689,False,True
-0.00016652723,-3.6441426e-05,7.0046546e-05,0.000339919,-0.00017373267,0.00010084981,-0.00037636043,0.00030347757,0.0001300858,True,True
-0.0001591499,-0.00022475632,6.287774e-05,0.00030513052,-0.0003479967,-0.00010151595,-0.00052988686,8.03742e-05,6.560642e-05,True,True
-0.0002836642,-0.00023221996,3.2281834e-05,0.00015665595,-0.00029549235,-0.00016894756,-0.0003888759,-7.556401e-05,5.144425e-05,True,True
-0.00038499013,-0.0003275729,4.5480854e-05,0.00022070762,-0.00041671537,-0.00023843042,-0.00054828054,-0.00010686528,5.741723e-05,True,True
-0.00022919632,-0.00040590178,3.4842004e-05,0.00016907984,-0.00047419211,-0.00033761145,-0.0005749816,-0.00023682194,0.00017670546,False,False
-0.0003088926,-0.00026004782,5.0685565e-05,0.00024596482,-0.00035939153,-0.0001607041,-0.00050601264,-1.4082994e-05,4.8844784e-05,True,True
-0.0003056008,-0.00032200984,4.6333058e-05,0.00022484316,-0.00041282264,-0.00023119705,-0.000546853,-9.716669e-05,1.640903e-05,True,True
-0.00028654767,-0.00032553784,3.365888e-05,0.00016333842,-0.00039150924,-0.00025956644,-0.00048887625,-0.00016219942,3.899017e-05,True,True
-0.00034517702,-0.00028813828,3.0979678e-05,0.00015033691,-0.00034885845,-0.00022741812,-0.0004384752,-0.00013780137,5.7038735e-05,True,True
-0.00039831953,-0.0003528606,4.1949093e-05,0.00020356884,-0.00043508084,-0.00027064036,-0.00055642944,-0.00014929177,4.545893e-05,True,True
-0.00032045026,-0.00038824446,3.456307e-05,0.00016772623,-0.00045598808,-0.00032050084,-0.0005559707,-0.00022051822,6.77942e-05,False,True
-0.00025587835,-0.00031700035,3.8679333e-05,0.00018770147,-0.00039281184,-0.00024118886,-0.0005047018,-0.00012929887,6.1122e-05,True,True
-0.0002688472,-0.00023638498,3.295681e-05,0.00015993146,-0.00030098032,-0.00017178964,-0.00039631643,-7.645352e-05,3.246221e-05,True,True
-0.00017209766,-0.0002458155,3.913238e-05,0.0001899,-0.00032251497,-0.00016911601,-0.00043571548,-5.5915487e-05,7.3717834e-05,True,True
-7.0296104e-05,-0.00015278584,3.930076e-05,0.00019071712,-0.00022981534,-7.575635e-05,-0.00034350296,3.7931284e-05,8.2489736e-05,False,True
2.3075512e-05,-1.9948253e-05,4.738291e-05,0.00022993784,-0.00011281876,7.292225e-05,-0.0002498861,0.00020998958,4.3023763e-05,True,True
7.678466e-05,6.493762e-05,4.352307e-05,0.00021120696,-2.0367595e-05,0.00015024285,-0.00014626933,0.0002761446,1.1847034e-05,True,True
5.370924e-05,0.00012165967,3.728388e-05,0.00018092968,4.8583264e-05,0.00019473609,-5.927001e-05,0.00030258935,6.795043e-05,True,True
4.15228e-05,8.2071965e-05,3.8018778e-05,0.00018449596,7.555158e-06,0.00015658877,-0.000102424,0.00026656792,4.0549166e-05,True,True
0.00011702018,3.9375747e-05,3.9370043e-05,0.00019105333,-3.7789538e-05,0.000116541036,-0.00015167758,0.00023042908,7.7644436e-05,False,True
0.00010001814,0.000101093894,4.5708384e-05,0.00022181177,1.1505457e-05,0.00019068233,-0.00012071788,0.00032290566,1.0757576e-06,True,True
0.0001874096,8.855152e-05,4.067976e-05,0.00019740906,8.819188e-06,0.00016828385,-0.00010885754,0.00028596056,9.885809e-05,False,True
7.116171e-05,0.00018456703,4.2398264e-05,0.00020574855,0.00010146644,0.00026766764,-2.118152e-05,0.0003903156,0.000113405324,False,True
0.00015462268,9.321308e-05,4.423606e-05,0.00021466694,6.510396e-06,0.00017991576,-0.000121453864,0.00030788002,6.1409606e-05,True,True
0.00026648634,0.00016874213,4.220378e-05,0.00020480478,8.602272e-05,0.00025146155,-3.6062644e-05,0.0003735469,9.774421e-05,False,True
0.00035332824,0.00026707904,4.8115337e-05,0.00023349213,0.00017277298,0.00036138511,3.358691e-05,0.00050057116,8.62492e-05,True,True
0.00035179645,0.0003555585,5.0995106e-05,0.00024746696,0.0002556081,0.0004555089,0.00010809154,0.00060302543,3.7620484e-06,True,True
0.0004773263,0.00034644778,4.0483428e-05,0.00019645631,0.00026710026,0.0004257953,0.00014999147,0.0005429041,0.00013087853,False,True
0.00036907662,0.00047003932,5.2690128e-05,0.0002556925,0.00036676668,0.000573312,0.00021434683,0.00072573184,0.0001009627,True,True
0.0002900168,0.000351405,6.4288346e-05,0.00031197583,0.00022539984,0.00047741015,3.942917e-05,0.00066338084,6.1388215e-05,True,True
0.00028415557,0.00026048717,4.3574735e-05,0.00021145768,0.00017508068,0.00034589367,4.902949e-05,0.00047194486,2.3668399e-05,True,True
0.00028507685,0.00023892024,3.650266e-05,0.00017713862,0.00016737502,0.00031046546,6.1781626e-05,0.00041605887,4.615661e-05,True,True
8.3780746e-05,0.0002344499,3.1158615e-05,0.00015120525,0.000173379,0.0002955208,8.324464e-05,0.00038565515,0.00015066915,False,True
-9.364052e-06,5.3165117e-05,5.980587e-05,0.00029022346,-6.405439e-05,0.00017038462,-0.00023705834,0.0003433886,6.252917e-05,True,True
-0.0001569444,-3.5810903e-05,3.148229e-05,0.00015277596,-9.751619e-05,2.5894384e-05,-0.00018858686,0.00011696506,0.0001211335,False,True
-0.00024817447,-0.00016784114,4.346707e-05,0.0002109352,-0.0002530366,-8.264568e-05,-0.00037877634,4.309407e-05,8.033334e-05,True,True
-0.00022470212,-0.0002651463,3.2504948e-05,0.00015773867,-0.000328856,-0.00020143659,-0.00042288494,-0.00010740761,4.0444167e-05,True,True
-0.00017773699,-0.00023696027,3.6672005e-05,0.00017796039,-0.0003088374,-0.00016508314,-0.00041492068,-5.899988e-05,5.9223283e-05,True,True
-0.00014900476,-0.0001914216,3.0201825e-05,0.00014656218,-0.0002506172,-0.00013222602,-0.00033798377,-4.4859422e-05,4.241684e-05,True,True
-0.00021017694,-0.00015507644,2.6162757e-05,0.00012696156,-0.00020635544,-0.000103797436,-0.000282038,-2.8114882e-05,5.5100492e-05,False,True
-0.00020364036,-0.0002130439,3.8381248e-05,0.00018625494,-0.00028827114,-0.00013781665,-0.00039929885,-2.6788955e-05,9.403535e-06,True,True
-0.00025957313,-0.00020068383,3.123384e-05,0.0001515703,-0.00026190217,-0.0001394655,-0.00035225414,-4.911353e-05,5.88893e-05,True,True
-0.00030627122,-0.00021402955,3.1916243e-05,0.00015488183,-0.0002765854,-0.00015147371,-0.00036891137,-5.914773e-05,9.2241666e-05,False,True
-0.00026602982,-0.0002774828,3.200648e-05,0.00015531972,-0.00034021548,-0.00021475009,-0.0004328025,-0.00012216307,1.14529685e-05,True,True
-0.0002561848,-0.00023352633,3.3142318e-05,0.00016083168,-0.00029848528,-0.00016856738,-0.000394358,-7.2694645e-05,2.2658482e-05,True,True
-0.00013964353,-0.00021815156,3.294234e-05,0.00015986123,-0.00028271854,-0.00015358458,-0.00037801277,-5.829033e-05,7.8508034e-05,False,True
-0.00012283954,-0.000107500426,4.64426e-05,0.00022537475,-0.00019852792,-1.6472928e-05,-0.00033287518,0.000117874326,1.5339116e-05,True,True
-0.00018128181,-7.563918e-05,3.1059597e-05,0.00015072474,-0.000136516,-1.4762372e-05,-0.00022636392,7.5085554e-05,0.000105642626,False,True
-3.8808987e-05,-0.00012237146,4.237373e-05,0.00020562949,-0.00020542397,-3.9318955e-05,-0.00032800096,8.3258026e-05,8.356248e-05,False,True
-4.3465694e-05,-2.1919992e-05,5.8235582e-05,0.00028260323,-0.00013606173,9.222175e-05,-0.00030452322,0.00026068324,2.1545702e-05,True,True
0.00010129949,-2.8410497e-07,3.2348435e-05,0.00015697915,-6.368704e-05,6.311883e-05,-0.00015726326,0.00015669504,0.000101583595,False,True
0.00017120581,0.00013653864,4.777557e-05,0.00023184333,4.2898522e-05,0.00023017876,-9.5304684e-05,0.00036838197,3.4667173e-05,True,True
0.00023368103,0.00021177196,4.560916e-05,0.00022133025,0.000122378,0.0003011659,-9.558295e-06,0.0004331022,2.1909073e-05,True,True
0.0004388172,0.0002666275,4.244006e-05,0.00020595138,0.00018344496,0.00034981003,6.0676117e-05,0.00047257886,0.0001721897,False,True
0.0006998014,0.00044819087,8.700313e-05,0.0004222052,0.00027766475,0.000618717,2.5985675e-05,0.00087039603,0.00025161056,False,True
0.00085607416,0.00071672053,0.00010768661,0.00052257715,0.0005056548,0.0009277863,0.00019414339,0.0012392977,0.00013935362,True,True
0.0008252677,0.000886023,9.640055e-05,0.00046780863,0.0006970779,0.001074968,0.00041821436,0.0013538316,6.0755294e-05,True,True
0.00078932923,0.0008144825,8.068994e-05,0.0003915688,0.00065633026,0.00097263476,0.0004229137,0.0012060513,2.5153277e-05,True,True
0.0006713561,0.00075179356,6.9910864e-05,0.00033926056,0.00061476824,0.0008888189,0.000412533,0.0010910542,8.043746e-05,True,True
0.00038207523,0.0006328475,8.2141065e-05,0.00039861078,0.00047185097,0.000793844,0.00023423671,0.0010314583,0.00025077225,False,True
0.0004145491,0.00034999417,8.781337e-05,0.00042613712,0.00017787995,0.0005221084,-7.6142955e-05,0.0007761313,6.4554944e-05,True,True
0.00036281097,0.00038304715,6.40562e-05,0.00031084928,0.000257497,0.0005085973,7.219787e-05,0.00069389644,2.0236184e-05,True,True
0.00025210273,0.00033364378,5.6266e-05,0.00027304533,0.00022336241,0.00044392515,6.0598453e-05,0.00060668914,8.1541046e-05,True,True
0.0001998837,0.00021443244,5.89201e-05,0.00028592505,9.8949036e-05,0.00032991584,-7.1492614e-05,0.0005003575,1.4548743e-05,True,True
-6.4615438e-06,0.00016480277,3.5602196e-05,0.00017276887,9.5022464e-05,0.00023458307,-7.966097e-06,0.00033757163,0.00017126431,False,True
1.4981871e-05,-3.611837e-05,7.650532e-05,0.00037126188,-0.00018606879,0.00011383206,-0.00040738026,0.0003351435,5.110024e-05,True,True
3.381474e-05,-3.595441e-05,3.3334327e-05,0.00016176346,-0.0001012897,2.9380873e-05,-0.00019771786,0.00012580905,6.976915e-05,False,True
-4.083563e-05,-1.1577476e-05,3.624233e-05,0.00017587529,-8.2612445e-05,5.9457496e-05,-0.00018745277,0.00016429782,2.9258157e-05,True,True
-0.0002531911,-8.3259474e-05,3.757641e-05,0.00018234926,-0.00015690924,-9.6097065e-06,-0.00026560875,9.908979e-05,0.00016993162,False,True
-0.00049361197,-0.0002803886,5.9936618e-05,0.00029085795,-0.00039786438,-0.00016291282,-0.00057124655,1.0469346e-05,0.00021322336,False,True
-0.0005323828,-0.00047813845,7.628627e-05,0.00037019886,-0.00062765955,-0.00032861735,-0.0008483373,-0.00010793959,5.424436e-05,True,True
-0.00046997613,-0.0005292411,3.4108973e-05,0.00016552262,-0.0005960947,-0.0004623875,-0.00069476373,-0.0003637185,5.9264974e-05,True,True
-0.0003596614,-0.00047469768,4.69301e-05,0.00022774047,-0.0005666807,-0.00038271467,-0.0007024382,-0.0002469572,0.000115036266,False,True
-0.00036680282,-0.00034817113,4.66758e-05,0.0002265064,-0.0004396557,-0.00025668656,-0.00057467754,-0.000121664736,1.863169e-05,True,True
-0.00039272642,-0.00033686432,3.1167347e-05,0.00015124762,-0.00039795233,-0.0002757763,-0.00048811192,-0.00018561671,5.5862096e-05,True,True
-0.00012889913,-0.00034630214,2.9849998e-05,0.00014485484,-0.00040480815,-0.00028779614,-0.000491157,-0.0002014473,0.00021740301,False,False
-0.000111553614,-5.9102662e-05,9.052994e-05,0.00043931996,-0.00023654134,0.000118336015,-0.00049842265,0.0003802173,5.2450952e-05,True,True
6.118792e-05,-3.0208921e-05,3.514403e-05,0.00017054549,-9.909122e-05,3.8673377e-05,-0.00020075441,0.00014033657,9.139684e-05,False,True
0.00026325166,0.00015279776,6.426539e-05,0.00031186445,2.6837588e-05,0.00027875794,-0.0001590667,0.0004646622,0.0001104539,True,True
0.00045243677,0.00034785262,6.711446e-05,0.0003256903,0.00021630828,0.00047939696,2.2162334e-05,0.0006735429,0.00010458415,True,True
0.00036050327,0.0005048856,5.1444687e-05,0.00024964867,0.00040405404,0.0006057172,0.00025523696,0.00075453427,0.00014438236,False,True
0.00041199636,0.0004106163,6.386668e-05,0.0003099296,0.00028543762,0.000535795,0.00010068671,0.0007205459,1.3800454e-06,True,True
0.0004217323,0.00042343055,6.188319e-05,0.0003003042,0.0003021395,0.0005447216,0.00012312634,0.00072373473,1.6982667e-06,True,True
0.0005027867,0.00045899072,5.3935248e-05,0.00026173476,0.00035327763,0.00056470383,0.00019725595,0.0007207255,4.3795997e-05,True,True
0.00040508487,0.000522463,6.614367e-05,0.00032097928,0.00039282138,0.0006521046,0.00020148372,0.0008434423,0.000117378135,True,True
0.00033044734,0.00045061792,4.4604538e-05,0.00021645507,0.00036319304,0.0005380428,0.00023416286,0.000667073,0.00012017059,False,True
0.000300264,0.0003620494,4.5487694e-05,0.00022074081,0.00027289352,0.0004512053,0.0001413086,0.00058279024,6.1785424e-05,True,True
0.00029971846,0.00030663915,3.7803955e-05,0.00018345348,0.00023254339,0.0003807349,0.00012318567,0.0004900926,6.920687e-06,True,True
0.00022615143,0.00031762448,4.0812585e-05,0.00019805363,0.00023763182,0.00039761714,0.00011957085,0.0005156781,9.147305e-05,False,True
0.00017039746,0.0002487804,4.604987e-05,0.00022346892,0.00015852264,0.00033903815,2.531147e-05,0.0004722493,7.838293e-05,True,True
0.00019028108,0.00020800247,3.9431416e-05,0.00019135115,0.00013071689,0.00028528806,1.665132e-05,0.00039935362,1.7721395e-05,True,True
0.0003403473,0.00021978263,4.015286e-05,0.00019485215,0.00014108302,0.00029848225,2.4930472e-05,0.00041463476,0.00012056467,False,True
0.00067921594,0.00036974146,6.835304e-05,0.0003317008,0.0002357695,0.00050371344,3.8040656e-05,0.00070144224,0.00030947448,False,True
0.0008354119,0.0007039339,0.000108400636,0.00052604213,0.00049146864,0.0009163991,0.00017789175,0.0012299761,0.00013147801,True,True
0.00090258796,0.00083542883,9.1811635e-05,0.0004455397,0.00065547804,0.0010153797,0.00038988912,0.0012809685,6.7159126e-05,True,True
0.0008665424,0.00087726384,7.088031e-05,0.00034396508,0.00073833845,0.0010161892,0.00053329876,0.0012212289,1.0721444e-05,True,True
0.0010577707,0.00082384254,7.18189e-05,0.0003485198,0.0006830775,0.0009646076,0.00047532274,0.0011723624,0.00023392815,False,True
0.00078182766,0.00097455515,0.00010157367,0.00049291254,0.00077547075,0.0011736396,0.0004816426,0.0014674678,0.00019272749,True,True
0.00073036307,0.0006965402,0.00011711474,0.0005683296,0.00046699535,0.0009260851,0.00012821064,0.0012648698,3.3822842e-05,True,True
0.00035706066,0.000602912,5.8642305e-05,0.00028457696,0.00048797307,0.0007178509,0.00031833502,0.00088748895,0.00024585132,False,True
0.000417754,0.00025974505,0.00011764053,0.0005708811,2.916962e-05,0.0004903205,-0.00031113607,0.0008306262,0.00015800894,True,True
0.0003104585,0.00028137697,5.6888282e-05,0.0002760651,0.00016987593,0.00039287802,5.3118565e-06,0.0005574421,2.9081537e-05,True,True
0.00023582242,0.00019943324,5.2160274e-05,0.00025312122,9.71991e-05,0.00030166737,-5.368798e-05,0.00045255446,3.6389174e-05,True,True
0.00015672998,0.00013428058,3.248434e-05,0.00015763866,7.061127e-05,0.00019794988,-2.335808e-05,0.00029191922,2.24494e-05,True,True
0.00016617897,5.1621664e-05,3.1088723e-05,0.00015086608,-9.312233e-06,0.00011255556,-9.924441e-05,0.00020248775,0.000114557304,False,True
2.3261588e-05,5.099211e-05,3.0301942e-05,0.00014704802,-8.3997e-06,0.00011038392,-9.605591e-05,0.00019804013,2.773052e-05,True,True
-0.00010177098,-8.680898e-05,4.0684878e-05,0.0001974339,-0.00016655134,-7.0666138e-06,-0.00028424288,0.00011062492,1.4962003e-05,True,True
-0.00016874674,-0.00021998236,4.5948163e-05,0.00022297536,-0.00031004078,-0.00012992395,-0.00044295774,2.9929943e-06,5.123562e-05,True,True
-0.00021939215,-0.00026605415,3.4781508e-05,0.00016878627,-0.00033422592,-0.00019788239,-0.00043484042,-9.726788e-05,4.6661997e-05,True,True
-0.00027503126,-0.0003187788,3.558724e-05,0.0001726963,-0.0003885298,-0.0002490278,-0.0004914751,-0.0001460825,4.374754e-05,True,True
-0.00033327547,-0.0003622083,3.56825e-05,0.00017315857,-0.000432146,-0.0002922706,-0.0005353668,-0.00018904972,2.8932816e-05,True,True
-0.00046915564,-0.0003995141,4.001498e-05,0.00019418306,-0.00047794345,-0.00032108475,-0.0005936972,-0.00020533105,6.964154e-05,True,True
-0.00056167017,-0.00052312337,5.469015e-05,0.00026539812,-0.0006303161,-0.00041593067,-0.0007885215,-0.00025772525,3.85468e-05,True,True
-0.0006297446,-0.00061530375,5.675912e-05,0.00027543833,-0.00072655163,-0.0005040559,-0.00089074206,-0.00033986542,1.4440855e-05,True,True
-0.0007071054,-0.0006873515,5.005599e-05,0.00024290965,-0.0007854613,-0.00058924174,-0.00093026116,-0.00044444186,1.9753876e-05,True,True
-0.0006643864,-0.0007384039,6.049947e-05,0.00029358934,-0.00085698284,-0.0006198249,-0.0010319932,-0.00044481453,7.40175e-05,True,True
-0.0007459298,-0.0007030791,4.9309572e-05,0.00023928746,-0.0007997259,-0.0006064323,-0.00094236655,-0.00046379166,4.2850676e-05,True,True
-0.0007642697,-0.00074750255,6.5564665e-05,0.0003181695,-0.0008760093,-0.0006189958,-0.001065672,-0.00042933304,1.6767124e-05,True,True
-0.0009476534,-0.0007614986,5.3132328e-05,0.00025783837,-0.00086563797,-0.0006573592,-0.001019337,-0.0005036602,0.0001861548,False,True
-0.00088938465,-0.0008826814,6.619703e-05,0.00032123824,-0.0010124276,-0.0007529352,-0.0012039196,-0.00056144316,6.7032524e-06,True,True
-0.00082299305,-0.00084608817,6.0604205e-05,0.00029409758,-0.0009648724,-0.0007273039,-0.0011401857,-0.0005519906,2.3095112e-05,True,True
-0.0006655331,-0.0007577677,5.298814e-05,0.00025713866,-0.0008616245,-0.0006539109,-0.0010149063,-0.0005006291,9.223458e-05,True,True
-0.00078471197,-0.0005869613,5.211574e-05,0.00025290513,-0.00068910816,-0.00048481443,-0.0008398664,-0.00033405615,0.00019775069,False,True
-0.0007424241,-0.00065443816,5.4479387e-05,0.00026437533,-0.0007612178,-0.00054765854,-0.0009188135,-0.00039006284,8.798594e-05,True,True
-0.0006433049,-0.0006469555,4.6176876e-05,0.00022408525,-0.0007374622,-0.0005564488,-0.00087104074,-0.00042287027,3.6506099e-06,True,True
-0.0005057062,-0.00054620055,4.0192965e-05,0.00019504677,-0.00062497874,-0.00046742233,-0.0007412473,-0.00035115378,4.049437e-05,True,True
-0.00020034307,-0.0003843958,4.4476303e-05,0.00021583277,-0.00047156936,-0.00029722223,-0.00060022855,-0.00016856303,0.00018405273,False,True
3.9667233e-05,-8.4814645e-05,8.812241e-05,0.0004276368,-0.00025753456,8.790528e-05,-0.00051245146,0.00034282217,0.00012448188,True,True
0.00026218477,0.00014416486,7.568881e-05,0.00036729954,-4.1852036e-06,0.00029251492,-0.00022313467,0.00051146443,0.0001180199,True,True
0.0003329452,0.00036727547,6.998697e-05,0.00033962989,0.00023010101,0.00050444994,2.7645583e-05,0.0007069054,3.4330267e-05,True,True
0.0005141382,0.00040053792,5.5510598e-05,0.00026937955,0.00029173715,0.0005093387,0.00013115836,0.00066991744,0.00011360028,False,True
0.0005687198,0.0005542349,7.483976e-05,0.0003631793,0.00040754897,0.0007009208,0.00019105559,0.0009174142,1.4484918e-05,True,True
0.00043909097,0.0005880067,5.4047203e-05,0.00026227804,0.00048207416,0.0006939392,0.00032572864,0.0008502847,0.00014891571,False,True
0.0005194124,0.00047073615,4.5438548e-05,0.00022050232,0.0003816766,0.0005597957,0.00025023383,0.00069123844,4.8676244e-05,True,True
0.00045377106,0.000507416,6.158304e-05,0.00029884765,0.00038671325,0.0006281188,0.00020856838,0.00080626365,5.3644966e-05,True,True
0.00062531093,0.00044317835,4.8067082e-05,0.00023325796,0.00034896686,0.00053738983,0.00020992038,0.0006764363,0.00018213259,False,True
0.0006468675,0.0005869131,8.158977e-05,0.0003959355,0.00042699714,0.000746829,0.00019097759,0.0009828486,5.9954415e-05,True,True
0.00065135275,0.00059645367,6.033357e-05,0.00029278427,0.00047819986,0.0007147075,0.0003036694,0.00088923797,5.489908e-05,True,True
0.0006515168,0.0005959123,4.922597e-05,0.00023888177,0.00049942936,0.0006923952,0.0003570305,0.000834794,5.5604498e-05,True,True
0.0005853852,0.00056542805,5.097072e-05,0.00024734862,0.00046552543,0.0006653307,0.00031807943,0.0008127767,1.9957137e-05,True,True
0.00045101272,0.0005049404,4.7653164e-05,0.00023124932,0.0004115402,0.0005983406,0.00027369108,0.0007361897,5.392768e-05,True,True
0.000351292,0.00037405838,4.9816466e-05,0.0002417473,0.0002764181,0.00047169864,0.00013231108,0.0006158057,2.2766384e-05,True,True
0.00033148518,0.00029603345,4.3606575e-05,0.00021161219,0.00021056455,0.00038150235,8.442126e-05,0.00050764566,3.5451725e-05,True,True
0.00023786422,0.00026913543,3.7557205e-05,0.00018225606,0.00019552332,0.00034274755,8.687937e-05,0.0004513915,3.1271207e-05,True,True
0.00023505479,0.00018850349,4.2921467e-05,0.00020828753,0.00010437741,0.00027262955,-1.9784042e-05,0.00039679103,4.65513e-05,True,True
0.00017599954,0.00018488165,4.3462936e-05,0.00021091515,9.969429e-05,0.000270069,-2.6033507e-05,0.0003957968,8.882111e-06,True,True
0.00012773427,0.000119608405,3.7037757e-05,0.0001797353,4.70144e-05,0.00019220241,-6.01269e-05,0.00029934372,8.125862e-06,True,True
-4.840482e-05,7.442717e-05,2.9360544e-05,0.00014247965,1.6880498e-05,0.00013197384,-6.805248e-05,0.00021690682,0.00012283199,False,True
-0.00036300378,-9.754756e-05,4.093323e-05,0.0001986391,-0.0001777767,-1.731843e-05,-0.00029618666,0.00010109154,0.0002654562,False,False
-0.00045504668,-0.0003910561,8.013452e-05,0.0003888735,-0.0005481198,-0.00023399242,-0.00077992957,-2.1825836e-06,6.399059e-05,True,True
-0.0003241283,-0.00047303567,5.5438202e-05,0.00026902824,-0.00058169453,-0.00036437679,-0.0007420639,-0.00020400743,0.00014890736,False,True
-0.00044746356,-0.00035768258,3.497608e-05,0.00016973048,-0.0004262357,-0.00028912947,-0.0005274131,-0.0001879521,8.978098e-05,False,True
-0.0005673335,-0.00045044356,5.495879e-05,0.00026670174,-0.0005581628,-0.00034272432,-0.0007171453,-0.00018374182,0.00011688992,False,True
-0.0005847104,-0.0005699336,5.778125e-05,0.00028039847,-0.0006831849,-0.00045668235,-0.0008503321,-0.00028953515,1.4776771e-05,True,True
-0.00071459275,-0.0005976843,5.2127856e-05,0.00025296392,-0.0006998549,-0.00049551367,-0.0008506482,-0.00034472038,0.00011690846,False,True
-0.00065136026,-0.00069523184,5.990661e-05,0.00029071234,-0.0008126488,-0.0005778149,-0.0009859442,-0.0004045195,4.387158e-05,True,True
-0.0005482298,-0.0006393913,5.410106e-05,0.0002625394,-0.00074542937,-0.00053335325,-0.00090193073,-0.0003768519,9.116152e-05,True,True
-0.00056741573,-0.00052122446,5.0187096e-05,0.00024354587,-0.00061959116,-0.00042285776,-0.0007647703,-0.0002776786,4.619127e-05,True,True
-0.0005816346,-0.0005290798,4.2639153e-05,0.00020691752,-0.00061265257,-0.00044550706,-0.00073599734,-0.0003221623,5.2554766e-05,True,True
-0.00035605687,-0.00053872494,4.575328e-05,0.00022202964,-0.00062840135,-0.0004490485,-0.00076075457,-0.0003166953,0.00018266807,False,True
-0.00045706859,-0.00034237665,7.199331e-05,0.00034936616,-0.00048348354,-0.00020126977,-0.0006917428,6.9895177e-06,0.00011469194,True,True
-0.00030534298,-0.00040954526,4.8990245e-05,0.00023773784,-0.00050556613,-0.0003135244,-0.0006472831,-0.00017180742,0.00010420228,False,True
-0.00023444694,-0.00026296347,3.9899176e-05,0.00019362108,-0.00034116587,-0.00018476108,-0.00045658456,-6.934239e-05,2.851653e-05,True,True
-0.0001030781,-0.00018219868,4.0976083e-05,0.00019884705,-0.0002625118,-0.000101885555,-0.00038104574,1.6648366e-05,7.912058e-05,True,True
-9.717434e-06,-3.9000046e-05,4.908292e-05,0.00023818757,-0.00013520257,5.7202476e-05,-0.00027718762,0.00019918752,2.9282612e-05,True,True
0.00018349916,7.368994e-05,4.695384e-05,0.00022785566,-1.833959e-05,0.00016571947,-0.00015416573,0.0003015456,0.00010980922,False,True
0.00024821033,0.0002493824,5.8785885e-05,0.00028527374,0.00013416207,0.00036460272,-3.589134e-05,0.0005346561,1.1720695e-06,True,True
0.00039401246,0.0003047234,4.9909173e-05,0.00024219719,0.0002069014,0.00040254538,6.2526204e-05,0.0005469206,8.928907e-05,True,True
0.00048819574,0.00041939595,5.657652e-05,0.0002745522,0.00030850596,0.00053028594,0.00014484374,0.0006939481,6.8799796e-05,True,True
0.00042094893,0.0005088839,5.7236375e-05,0.00027775433,0.0003967006,0.0006210672,0.00023112958,0.00078663824,8.793498e-05,True,True
0.00044696612,0.0004388159,5.785891e-05,0.00028077533,0.00032541243,0.0005522194,0.00015804058,0.0007195913,8.150208e-06,True,True
0.0004152402,0.00045713375,5.8709826e-05,0.0002849046,0.0003420625,0.000572205,0.00017222913,0.00074203836,4.1893538e-05,True,True
0.00046162054,0.00043049053,4.6314275e-05,0.00022475202,0.00033971455,0.0005212665,0.00020573851,0.00065524253,3.113001e-05,True,True
0.00074464164,0.00045006527,5.693099e-05,0.00027627236,0.00033848052,0.00056165,0.00017379291,0.00072633766,0.00029457637,False,False
0.0007625574,0.00071878475,0.00012780182,0.0006201914,0.00046829318,0.0009692763,9.859336e-05,0.0013389762,4.3772627e-05,True,True
0.0007196834,0.0007550923,6.91598e-05,0.00033561586,0.00061953906,0.00089064555,0.00041947645,0.0010907082,3.5408884e-05,True,True
0.0008741295,0.0006857253,6.383089e-05,0.00030975594,0.0005606167,0.0008108339,0.00037596936,0.0009954813,0.00018840417,False,True
0.000928573,0.0008147177,8.53071e-05,0.0004139748,0.0006475158,0.0009819197,0.00040074292,0.0012286925,0.00011385529,True,True
0.0009681907,0.000865255,7.242332e-05,0.0003514529,0.00072330533,0.0010072048,0.0005138021,0.001216708,0.00010293571,True,True
0.00086024485,0.000887914,6.70593e-05,0.00032542262,0.00075647776,0.0010193503,0.00056249136,0.0012133366,2.7669128e-05,True,True
0.0006922736,0.00076908135,7.000795e-05,0.0003397317,0.00063186575,0.00090629695,0.00042934966,0.0011088131,7.6807744e-05,True,True
0.00068048824,0.00061093265,6.2184605e-05,0.00030176688,0.0004890508,0.0007328145,0.00030916577,0.0009126995,6.9555594e-05,True,True
0.00063433393,0.0006083732,6.3819985e-05,0.000309703,0.00048328604,0.00073346036,0.0002986702,0.0009180762,2.5960733e-05,True,True
0.00042974774,0.0005795311,4.5594617e-05,0.00022125969,0.0004901656,0.00066889654,0.00035827138,0.00080079073,0.00014978333,False,True
0.0004203714,0.00037987987,6.6754714e-05,0.00032394452,0.00024904063,0.00051071914,5.593535e-05,0.0007038244,4.049152e-05,True,True
0.0003176438,0.00036099087,4.195659e-05,0.00020360522,0.00027875596,0.00044322578,0.00015738566,0.0005645961,4.334707e-05,True,True
0.0004736973,0.00027995874,4.503955e-05,0.00021856607,0.00019168122,0.00036823627,6.139267e-05,0.0004985248,0.00019373855,False,True
0.0004022966,0.0004096851,7.120222e-05,0.00034552722,0.00027012874,0.00054924143,6.415788e-05,0.0007552123,7.388502e-06,True,True
0.00044291795,0.00037713425,5.1674284e-05,0.00025076285,0.00027585265,0.00047841584,0.0001263714,0.0006278971,6.578371e-05,True,True
0.0002392124,0.0004130228,4.8144902e-05,0.0002336356,0.00031865877,0.0005073868,0.00017938719,0.00064665836,0.00017381039,False,True
0.00021094581,0.00022804836,8.648259e-05,0.00041967916,5.854247e-05,0.00039755425,-0.0001916308,0.0006477275,1.7102546e-05,True,True
9.656268e-05,0.0001669195,3.7241265e-05,0.00018072288,9.3926625e-05,0.00023991239,-1.3803379e-05,0.0003476424,7.035682e-05,True,True
7.3407544e-05,6.2288294e-05,4.9127564e-05,0.00023840422,-3.4001736e-05,0.00015857833,-0.00017611592,0.0003006925,1.1119249e-05,True,True
4.7751324e-05,4.0812938e-05,3.1666576e-05,0.00015367026,-2.1253549e-05,0.00010287942,-0.00011285732,0.0001944832,6.938386e-06,True,True
0.00020129868,4.108956e-05,3.426745e-05,0.00016629168,-2.6074646e-05,0.000108253764,-0.00012520212,0.00020738124,0.00016020912,False,True
0.00023540584,0.00019482078,5.774378e-05,0.00028021663,8.164297e-05,0.0003079986,-8.539585e-05,0.0004750374,4.058506e-05,True,True
0.00022803985,0.00021639602,4.076965e-05,0.00019784528,0.0001364875,0.00029630453,1.8550738e-05,0.00041424128,1.1643831e-05,True,True
0.00010954522,0.00019152241,3.8521735e-05,0.0001869367,0.00011601981,0.00026702503,4.585716e-06,0.0003784591,8.1977196e-05,False,True
0.00022828765,5.9252543e-05,4.3799137e-05,0.00021254666,-2.6593767e-05,0.00014509885,-0.00015329411,0.0002717992,0.0001690351,False,True
9.98489e-05,0.00018353619,5.9302332e-05,0.00028777993,6.730362e-05,0.00029976876,-0.000104243736,0.0004713161,8.368729e-05,True,True
5.3731954e-05,6.632774e-05,4.0884457e-05,0.00019840241,-1.3805802e-05,0.00014646127,-0.00013207467,0.00026473016,1.2595785e-05,True,True
3.1032076e-05,1.3825148e-05,3.0288882e-05,0.00014698465,-4.5541063e-05,7.319136e-05,-0.0001331595,0.0001608098,1.7206927e-05,True,True
1.2736704e-05,-5.49224e-06,2.9801591e-05,0.00014461993,-6.390336e-05,5.291888e-05,-0.00015011217,0.00013912769,1.8228944e-05,True,True
-1.36179e-05,-2.6001759e-05,3.055929e-05,0.00014829687,-8.589797e-05,3.3894452e-05,-0.00017429862,0.00012229511,1.2383859e-05,True,True
6.367225e-05,-5.1253042e-05,2.8546465e-05,0.00013852911,-0.00010720412,4.6980313e-06,-0.00018978215,8.727607e-05,0.00011492529,False,True
0.00010092337,8.414822e-06,3.6898007e-05,0.00017905713,-6.3905274e-05,8.073491e-05,-0.0001706423,0.00018747195,9.250855e-05,False,True
9.895531e-06,7.044451e-05,3.3997865e-05,0.00016498344,3.8086946e-06,0.00013708032,-9.453893e-05,0.00023542796,6.054898e-05,True,True
0.00017067844,-7.373458e-06,3.8293783e-05,0.0001858305,-8.242927e-05,6.768236e-05,-0.00019320396,0.00017845705,0.0001780519,False,True
4.2837637e-05,0.00013883317,6.0139348e-05,0.00029184174,2.0960048e-05,0.0002567063,-0.00015300857,0.00043067493,9.5995536e-05,True,True
0.00015001661,1.9349813e-05,5.5359335e-05,0.0002686455,-8.9154484e-05,0.00012785412,-0.00024929567,0.00028799532,0.0001306668,False,True
0.00011212017,8.321062e-05,3.89362e-05,0.00018894799,6.8956724e-06,0.00015952557,-0.00010573737,0.00027215862,2.8909548e-05,True,True
8.083501e-06,5.8296835e-05,3.4220906e-05,0.0001660658,-8.776144e-06,0.00012536981,-0.00010776897,0.00022436264,5.0213333e-05,True,True
1.1524703e-05,-3.8407892e-05,3.169073e-05,0.00015378748,-0.000100521735,2.3705947e-05,-0.00019219537,0.00011537959,4.9932594e-05,True,True
4.858556e-05,-2.7711227e-05,2.7482705e-05,0.00013336694,-8.157733e-05,2.6154878e-05,-0.00016107816,0.00010565571,7.629678e-05,False,True
-4.867101e-05,1.5211973e-05,2.5764892e-05,0.00012503081,-3.5287216e-05,6.571116e-05,-0.00010981884,0.00014024279,6.388298e-05,False,True
0.00017800763,-7.2358314e-05,3.8181246e-05,0.00018528439,-0.00014719355,2.4769324e-06,-0.0002576427,0.00011292607,0.00025036593,False,False
0.00038155253,0.00013393996,8.7589935e-05,0.00042505283,-3.7736318e-05,0.00030561624,-0.00029111287,0.0005589928,0.00024761257,False,True
0.00023999675,0.00034314266,5.8395475e-05,0.00028337917,0.00022868752,0.00045759778,5.9763493e-05,0.0006265218,0.00010314591,True,True
0.00022002106,0.00020121709,6.317734e-05,0.00030658438,7.73895e-05,0.00032504468,-0.00010536729,0.0005078015,1.880397e-05,True,True
0.00025996787,0.00015248483,4.6761197e-05,0.00022692082,6.0832885e-05,0.00024413678,-7.4435986e-05,0.00037940565,0.000107483036,False,True
0.0003354876,0.00017586509,4.0027873e-05,0.00019424561,9.7410455e-05,0.00025431972,-1.8380524e-05,0.0003701107,0.0001596225,False,True
0.00034509297,0.0002854066,4.2218184e-05,0.00020487467,0.00020265896,0.00036815423,8.053193e-05,0.00049028127,5.968637e-05,True,True
0.0002134335,0.00029059817,4.2488235e-05,0.00020618516,0.00020732122,0.0003738751,8.441301e-05,0.0004967833,7.7164674e-05,True,True
0.00024936773,0.00014269576,5.1730003e-05,0.00025103323,4.130495e-05,0.00024408658,-0.00010833747,0.000393729,0.00010667197,False,True
0.00016511395,0.00015336055,4.337593e-05,0.00021049293,6.8343725e-05,0.00023837738,-5.7132376e-05,0.00036385347,1.1753393e-05,True,True
8.805962e-05,0.00010549426,3.9645656e-05,0.00019239081,2.7788774e-05,0.00018319975,-8.689655e-05,0.00029788507,1.7434642e-05,True,True
-1.5327122e-06,4.2173244e-05,3.2906675e-05,0.00015968816,-2.2323842e-05,0.000106670326,-0.00011751492,0.0002018614,4.3705957e-05,True,True
3.3167285e-05,-3.626433e-05,4.346614e-05,0.00021093071,-0.00012145797,4.8929312e-05,-0.00024719504,0.00017466638,6.943161e-05,True,True
0.00016610566,7.848078e-06,3.5223115e-05,0.00017092928,-6.1189225e-05,7.6885386e-05,-0.0001630812,0.00017877737,0.00015825758,False,True
0.000106848915,0.00013855062,5.2949654e-05,0.0002569519,3.47693e-05,0.00024233194,-0.00011840128,0.00039550252,3.1701704e-05,True,True
8.73704e-05,9.538723e-05,3.5687022e-05,0.00017318051,2.5440662e-05,0.0001653338,-7.779328e-05,0.00026856773,8.016832e-06,True,True
0.0002856663,8.181409e-05,3.1314525e-05,0.00015196184,2.043762e-05,0.00014319055,-7.014775e-05,0.00023377594,0.00020385219,False,False
0.00026141226,0.00027260333,6.5516964e-05,0.00031793804,0.00014419007,0.0004010166,-4.5334717e-05,0.0005905414,1.1191063e-05,True,True
0.0002553195,0.00026238686,4.7333553e-05,0.00022969831,0.00016961311,0.00035516062,3.268855e-05,0.0004920852,7.0673705e-06,True,True
0.00019911103,0.00023173334,3.577798e-05,0.00017362191,0.0001616085,0.00030185818,5.811143e-05,0.00040535524,3.262231e-05,True,True
0.00022384833,0.00017660439,3.921037e-05,0.00019027846,9.975206e-05,0.0002534567,-1.3674071e-05,0.00036688283,4.7243942e-05,True,True
0.0003735756,0.0002096069,4.157846e-05,0.00020177024,0.00012811311,0.00029110067,7.8366575e-06,0.0004113771,0.00016396871,False,True
0.0002453619,0.00032839953,4.8093083e-05,0.00023338414,0.00023413709,0.00042266198,9.501539e-05,0.0005617837,8.303762e-05,True,True
0.0004404872,0.00019511259,5.92235e-05,0.00028739736,7.903452e-05,0.00031119067,-9.228477e-05,0.00048250996,0.00024537463,False,True
0.00047200127,0.00035061027,8.640289e-05,0.0004192924,0.00018126059,0.00051995995,-6.868213e-05,0.00076990266,0.000121391,True,True
0.0004959619,0.00043200105,5.002611e-05,0.00024276464,0.00033394987,0.00053005223,0.00018923641,0.0006747657,6.396088e-05,True,True
0.0006708466,0.0004438135,4.9784707e-05,0.00024159318,0.00034623547,0.00054139155,0.00020222033,0.0006854067,0.0002270331,False,True
0.0006505129,0.0006108206,7.465638e-05,0.00036228943,0.0004644941,0.0007571471,0.00024853117,0.00097311,3.9692328e-05,True,True
0.0006047338,0.0006169193,6.19921e-05,0.0003008327,0.0004954148,0.00073842384,0.0003160866,0.00091775204,1.2185483e-05,True,True
0.00049867784,0.0005611274,5.7141613e-05,0.00027729446,0.00044912982,0.0006731249,0.00028383292,0.00083842187,6.2449544e-05,True,True
0.00026489573,0.00045495876,4.247499e-05,0.00020612088,0.00037170778,0.00053820974,0.00024883787,0.00066107966,0.00019006303,False,True
0.00043202902,0.00022968889,7.986838e-05,0.000387582,7.3146846e-05,0.00038623094,-0.00015789311,0.0006172709,0.00020234013,False,True
0.00062296883,0.00035032548,8.192177e-05,0.0003975466,0.00018975882,0.00051089213,-4.722111e-05,0.00074787205,0.00027264334,False,True
0.0007344847,0.00056954566,8.386503e-05,0.00040697676,0.0004051702,0.00073392113,0.0001625689,0.00097652245,0.00016493903,False,True
0.00056939106,0.00067945727,7.500686e-05,0.0003639902,0.0005324438,0.0008264707,0.00031546707,0.0010434475,0.000110066205,True,True
0.0006117273,0.0005206393,6.0767365e-05,0.00029488938,0.00040153525,0.00063974335,0.00022574991,0.0008155287,9.1088004e-05,True,True
0.0004095509,0.0005197189,6.439271e-05,0.0003124823,0.0003935092,0.00064592867,0.00020723662,0.0008322012,0.00011016801,True,True
0.00037877515,0.00033799533,6.515864e-05,0.00031619915,0.0002102844,0.00046570625,2.1796179e-05,0.0006541945,4.077982e-05,True,True
0.00052319973,0.00031903927,4.6973848e-05,0.00022795275,0.00022697053,0.00041110802,9.108652e-05,0.00054699206,0.00020416046,False,True
0.00043711317,0.00043895812,7.1724404e-05,0.00034806124,0.0002983783,0.00057953794,9.089688e-05,0.0007870194,1.84495e-06,True,True
0.0005123854,0.00039840757,4.7670655e-05,0.0002313342,0.0003049731,0.00049184205,0.00016707338,0.00062974176,0.00011397782,False,True
0.00031689226,0.0004633328,5.7853056e-05,0.00028074693,0.00034994082,0.0005767248,0.00018258588,0.0007440797,0.00014644055,False,True
0.00013096869,0.0002802709,5.343518e-05,0.00025930803,0.00017553795,0.00038500386,2.0962878e-05,0.00053957896,0.00014930221,False,True
0.00012913911,0.00012171478,5.6904908e-05,0.0002761458,1.018116e-05,0.0002332484,-0.000154431,0.00039786057,7.424329e-06,True,True
0.0002385896,9.771839e-05,3.228032e-05,0.00015664862,3.444896e-05,0.00016098781,-5.893023e-05,0.000254367,0.00014087121,False,True
0.00010604154,0.00018842013,4.3117227e-05,0.0002092375,0.000103910366,0.0002729299,-2.0817373e-05,0.00039765763,8.2378596e-05,True,True
-9.3047005e-05,6.757082e-05,5.3337735e-05,0.00025883518,-3.697114e-05,0.00017211278,-0.00019126435,0.000326406,0.00016061783,False,True
-2.9459896e-05,-0.00012813973,6.158766e-05,0.0002988701,-0.00024885155,-7.4279014e-06,-0.00042700983,0.00017073036,9.867983e-05,True,True
0.00015303702,-6.856338e-05,4.1138755e-05,0.00019963646,-0.00014919534,1.2068587e-05,-0.00026819983,0.00013107309,0.0002216004,False,False
0.00013916373,0.00013177181,6.0095736e-05,0.0002916301,1.3984165e-05,0.00024955947,-0.00015985829,0.0004234019,7.391922e-06,True,True
0.00014376223,0.00012761384,3.5827812e-05,0.00017386374,5.739132e-05,0.00019783634,-4.62499e-05,0.00030147756,1.6148391e-05,True,True
4.027682e-05,0.0001404356,3.9813716e-05,0.00019320636,6.2400715e-05,0.0002184705,-5.277076e-05,0.00033364195,0.00010015878,False,True
-4.1923657e-05,4.73989e-05,3.383207e-05,0.00016417888,-1.891196e-05,0.00011370976,-0.000116779986,0.00021157778,8.932255e-05,False,True
-3.296593e-05,-3.145549e-05,3.7450453e-05,0.00018173801,-0.00010485838,4.1947398e-05,-0.0002131935,0.00015028252,1.5104415e-06,True,True
-4.4510667e-05,-2.703939e-05,3.5301648e-05,0.00017131038,-9.623062e-05,4.2151838e-05,-0.00019834978,0.00014427099,1.7471277e-05,True,True
3.8897582e-05,-1.7016922e-05,3.776095e-05,0.00018324479,-9.1028385e-05,5.699454e-05,-0.00020026171,0.00016622787,5.5914505e-05,True,True
6.3633335e-05,8.83399e-05,4.341574e-05,0.00021068612,3.2450407e-06,0.00017343476,-0.00012234622,0.00029902603,2.4706562e-05,True,True
0.00033672884,0.00012724176,3.8171835e-05,0.0001852387,5.2424963e-05,0.00020205855,-5.799695e-05,0.00031248046,0.00020948709,False,False
0.00035384475,0.00038778537,9.560736e-05,0.00046395947,0.00020039493,0.0005751758,-7.6174096e-05,0.00085174484,3.3940625e-05,True,True
0.0004189536,0.0003998794,5.0709106e-05,0.00024607906,0.00030048957,0.0004992693,0.00015380036,0.00064595847,1.9074185e-05,True,True
0.00046945104,0.00042581852,5.3760155e-05,0.00026088508,0.0003204486,0.00053118845,0.00016493344,0.0006867036,4.363252e-05,True,True
0.00067476236,0.00046038497,5.1549756e-05,0.00025015854,0.00035934744,0.0005614225,0.00021022643,0.0007105435,0.00021437739,False,True
0.0008024491,0.0006489874,9.738982e-05,0.0004726093,0.00045810337,0.00083987147,0.00017637812,0.0011215967,0.0001534617,True,True
0.0007508304,0.000765971,8.388047e-05,0.0004070517,0.0006015653,0.00093037676,0.00035891932,0.0011730227,1.51406275e-05,True,True
0.0004509803,0.0007261187,6.518432e-05,0.0003163238,0.0005983574,0.00085387996,0.00040979488,0.0010424425,0.0002751384,False,True
0.00040263307,0.00044186972,8.479925e-05,0.00041151032,0.0002756632,0.0006080762,3.0359399e-05,0.0008533801,3.923665e-05,True,True
0.00021793309,0.00034820885,5.2174724e-05,0.00025319136,0.0002459464,0.0004504713,9.501749e-05,0.0006014002,0.00013027576,False,True
2.3442804e-05,0.00018113597,6.218502e-05,0.00030176892,5.9253325e-05,0.0003030186,-0.00012063295,0.0004829049,0.00015769317,False,True
-4.1869105e-05,-1.0637813e-05,6.868333e-05,0.00033330364,-0.00014525715,0.00012398152,-0.00034394144,0.00032266584,3.123129e-05,True,True
-0.00016902566,-8.837861e-05,3.5926736e-05,0.00017434379,-0.00015879501,-1.7962207e-05,-0.0002627224,8.596518e-05,8.064705e-05,False,True
-3.9202816e-05,-0.00019965172,5.081048e-05,0.000246571,-0.00029924026,-0.00010006318,-0.00044622272,4.6919275e-05,0.00016044891,False,True
-8.009389e-05,-9.327092e-05,5.5412747e-05,0.0002689047,-0.00020187991,1.533806e-05,-0.00036217563,0.00017563377,1.3177036e-05,True,True
5.788284e-07,-9.524101e-05,3.5670837e-05,0.00017310197,-0.00016515586,-2.5326168e-05,-0.000268343,7.786096e-05,9.581984e-05,False,True
-5.738188e-05,-3.5372923e-05,4.0628765e-05,0.0001971616,-0.0001150053,4.4259457e-05,-0.00023253453,0.00016178867,2.2008957e-05,True,True
5.0850067e-05,-5.2993553e-05,3.3789842e-05,0.00016397395,-0.000119221644,1.3234541e-05,-0.0002169675,0.0001109804,0.00010384362,False,True
-0.00016206961,3.743714e-05,4.2150255e-05,0.00020454502,-4.5177363e-05,0.00012005164,-0.00016710788,0.00024198217,0.00019950676,False,True
-0.00025106405,-0.00015263149,6.496325e-05,0.00031525097,-0.00027995947,-2.530351e-05,-0.00046788246,0.00016261949,9.843256e-05,True,True
-0.00011047616,-0.00025281607,4.6381276e-05,0.00022507715,-0.00034372337,-0.00016190877,-0.00047789322,-2.7738919e-05,0.00014233991,False,True
-0.0001848851,-0.00015926096,4.894558e-05,0.0002375211,-0.00025519432,-6.332762e-05,-0.00039678207,7.826014e-05,2.5624133e-05,True,True
-0.00022800293,-0.00020225804,5.0501745e-05,0.0002450728,-0.00030124147,-0.00010327462,-0.00044733082,4.2814747e-05,2.5744885e-05,True,True
-8.176098e-05,-0.00024663692,3.3627955e-05,0.00016318836,-0.00031254772,-0.00018072611,-0.0004098253,-8.3448555e-05,0.00016487594,False,False
0.00014786496,-0.00011803846,5.094315e-05,0.0002472148,-0.00021788702,-1.8189887e-05,-0.00036525325,0.00012917635,0.00026590342,False,False
8.404021e-05,0.000119042204,7.511209e-05,0.00036450085,-2.81775e-05,0.00026626192,-0.00024545865,0.00048354306,3.500199e-05,True,True
-2.2485197e-05,6.5574626e-05,4.5594174e-05,0.00022125753,-2.3789959e-05,0.00015493922,-0.00015568291,0.00028683216,8.805982e-05,True,True
-2.3493336e-05,-5.8644237e-05,3.8933715e-05,0.00018893593,-0.00013495432,1.7665847e-05,-0.00024758017,0.0001302917,3.51509e-05,True,True
-0.00018987249,-7.291623e-05,3.0921685e-05,0.00015005548,-0.00013352273,-1.2309723e-05,-0.0002229717,7.713925e-05,0.00011695626,False,True
-0.00022759596,-0.00021066262,5.3925618e-05,0.00026168802,-0.00031635683,-0.00010496841,-0.00047235063,5.1025403e-05,1.6933336e-05,True,True
-0.00027879266,-0.00027524823,3.3326738e-05,0.00016172662,-0.00034056863,-0.00020992782,-0.00043697486,-0.0001135216,3.544439e-06,True,True
-0.00033474978,-0.0003058089,3.7352675e-05,0.00018126352,-0.00037902014,-0.00023259767,-0.00048707242,-0.00012454539,2.8940878e-05,True,True
-0.00033418095,-0.00035129063,3.466453e-05,0.0001682186,-0.0004192331,-0.00028334814,-0.0005195092,-0.00018307203,1.7109676e-05,True,True
-0.00044679266,-0.00034918205,3.6565383e-05,0.00017744298,-0.0004208502,-0.0002775139,-0.000526625,-0.00017173907,9.761061e-05,False,True
-0.00040996194,-0.00045179718,4.9710943e-05,0.00024123522,-0.0005492306,-0.00035436373,-0.0006930324,-0.00021056196,4.1835243e-05,True,True
-0.0005292967,-0.00045191043,3.365255e-05,0.00016330772,-0.0005178694,-0.00038595143,-0.00061521813,-0.00028860272,7.738627e-05,False,True
-0.00043641365,-0.0005543543,5.4959302e-05,0.00026670424,-0.00066207454,-0.00044663405,-0.0008210585,-0.00028765004,0.000117940624,False,True
-0.00049084384,-0.0004869321,4.744017e-05,0.00023021571,-0.00057991483,-0.0003939494,-0.00071714784,-0.0002567164,3.9117294e-06,True,True
-0.0004166147,-0.00052524055,4.2694843e-05,0.00020718778,-0.00060892245,-0.00044155866,-0.00073242834,-0.00031805277,0.000108625856,False,True
-0.0007247196,-0.00045333855,4.812815e-05,0.00023355431,-0.0005476697,-0.0003590074,-0.0006868929,-0.00021978424,0.00027138105,False,False
-0.0007488744,-0.0006818511,9.994385e-05,0.0004850034,-0.0008777411,-0.00048596115,-0.0011668545,-0.00019684772,6.702327e-05,True,True
-0.00084565755,-0.0007599115,5.6141085e-05,0.00027243915,-0.000869948,-0.000649875,-0.0010323506,-0.00048747234,8.5746055e-05,True,True
-0.00090168574,-0.00083512237,6.4975444e-05,0.00031531017,-0.00096247427,-0.00070777046,-0.0011504325,-0.0005198122,6.656337e-05,True,True
-0.00089540664,-0.0008899567,6.0755738e-05,0.00029483295,-0.001009038,-0.0007708755,-0.0011847897,-0.00059512374,5.449925e-06,True,True
-0.00075273943,-0.0008662234,4.7542293e-05,0.00023071129,-0.0009594063,-0.0007730405,-0.0010969347,-0.0006355121,0.000113483984,False,True
-0.00058728724,-0.0007264774,6.181469e-05,0.00029997178,-0.0008476342,-0.0006053206,-0.0010264493,-0.00042650563,0.00013919018,False,True
-0.0006544485,-0.00054263585,5.0151797e-05,0.00024337458,-0.0006409334,-0.00044433834,-0.0007860104,-0.00029926127,0.00011181267,False,True
-0.00038601435,-0.00057746976,4.2968815e-05,0.0002085173,-0.0006616886,-0.0004932509,-0.00078598707,-0.00036895246,0.00019145542,False,True
-0.00025127848,-0.00031219187,8.567844e-05,0.0004157768,-0.0004801216,-0.00014426213,-0.00072796864,0.00010358493,6.0913386e-05,True,True
-0.00013684291,-0.0001653126,4.7690424e-05,0.00023143012,-0.00025878582,-7.1839364e-05,-0.00039674272,6.611753e-05,2.8469687e-05,True,True
1.1649447e-05,-4.976609e-05,4.9802602e-05,0.00024168001,-0.00014737919,4.7847014e-05,-0.0002914461,0.00019191392,6.1415536e-05,True,True
0.00010814731,9.419786e-05,6.1636616e-05,0.00029910763,-2.6609909e-05,0.00021500562,-0.00020490977,0.0003933055,1.3949451e-05,True,True
0.00011655547,0.00019710159,3.461977e-05,0.0001680014,0.00012924684,0.00026495632,2.9100192e-05,0.00036510298,8.054612e-05,False,True
2.5715175e-05,0.00018746151,4.5142362e-05,0.000219065,9.8982484e-05,0.00027594055,-3.1603486e-05,0.0004065265,0.00016174634,False,True
-2.871115e-05,0.00011055545,3.8684517e-05,0.00018772663,3.4733792e-05,0.0001863771,-7.7171186e-05,0.00029828207,0.0001392666,False,True
-3.3128905e-05,4.476191e-05,3.635619e-05,0.00017642781,-2.6496222e-05,0.00011602004,-0.0001316659,0.00022118972,7.7890814e-05,False,True
0.00011086148,2.0792137e-05,2.9373623e-05,0.00014254311,-3.6780166e-05,7.8364435e-05,-0.00012175097,0.00016333525,9.006934e-05,False,True
0.00014302065,0.00011456483,5.8659123e-05,0.00028465857,-4.0705345e-07,0.0002295367,-0.00017009374,0.0003992234,2.845582e-05,True,True
0.00021347424,0.00017390438,3.7516635e-05,0.00018205919,0.00010037178,0.00024743698,-8.154806e-06,0.00035596357,3.956986e-05,True,True
0.00011592167,0.0002105984,3.851256e-05,0.00018689217,0.00013511378,0.00028608303,2.3706234e-05,0.00039749057,9.467673e-05,False,True
5.447957e-05,0.00012703033,5.2523224e-05,0.00025488256,2.408481e-05,0.00022997585,-0.00012785222,0.0003819129,7.255076e-05,True,True
-2.9313029e-05,6.4468026e-05,3.0237725e-05,0.00014673639,5.202084e-06,0.00012373397,-8.2268365e-05,0.00021120442,9.3781055e-05,False,True
-0.00016157127,-2.6781525e-05,2.9572033e-05,0.00014350594,-8.474271e-05,3.117966e-05,-0.00017028746,0.00011672441,0.00013478975,False,True
-0.00020202767,-0.00015061132,4.208198e-05,0.0002042137,-0.000233092,-6.8130634e-05,-0.00035482502,5.3602387e-05,5.1416355e-05,True,True
-0.00022832149,-0.00020223344,3.171613e-05,0.00015391072,-0.00026439707,-0.00014006982,-0.00035614416,-4.832272e-05,2.6088048e-05,True,True
-0.00016035883,-0.00019770434,3.182886e-05,0.00015445778,-0.0002600889,-0.00013531977,-0.0003521621,-4.324656e-05,3.734551e-05,True,True
4.213924e-05,-0.00013281632,3.7472655e-05,0.00018184575,-0.00020626272,-5.9369915e-05,-0.00031466206,4.9029433e-05,0.00017495555,False,True
0.00021409361,5.9875514e-05,5.3579388e-05,0.00026000786,-4.5140085e-05,0.00016489111,-0.00020013234,0.00031988337,0.0001542181,False,True
0.00019966614,0.00021199809,6.7226734e-05,0.00032623514,8.023369e-05,0.0003437625,-0.000114237046,0.0005382332,1.2331948e-05,True,True
0.00013200942,0.00020585972,4.659477e-05,0.00022611319,0.00011453396,0.00029718547,-2.0253472e-05,0.0004319729,7.38503e-05,True,True
-3.2489093e-05,0.00012721964,2.8109573e-05,0.00013640898,7.212488e-05,0.0001823144,-9.189345e-06,0.0002636286,0.00015970872,False,False
-1.4209408e-05,-2.6795222e-05,5.9607475e-05,0.0002892607,-0.00014362588,9.0035435e-05,-0.00031605593,0.00026246547,1.2585814e-05,True,True
-7.943823e-05,-4.1712276e-05,3.9777344e-05,0.00019302986,-0.00011967587,3.625132e-05,-0.00023474214,0.00015131758,3.7725953e-05,True,True
-8.0900754e-05,-8.121435e-05,3.098173e-05,0.00015034687,-0.00014193854,-2.0490155e-05,-0.00023156122,6.913252e-05,3.1359377e-07,True,True
-8.83461e-05,-7.383618e-05,2.7120393e-05,0.00013160873,-0.00012699215,-2.0680207e-05,-0.0002054449,5.777255e-05,1.4509926e-05,True,True
4.1366962e-05,-6.8274254e-05,3.2722393e-05,0.00015879389,-0.00013241015,-4.138361e-06,-0.00022706814,9.0519636e-05,0.000109641216,False,True
-6.944786e-05,4.8919697e-05,3.977398e-05,0.00019301353,-2.90373e-05,0.0001268767,-0.00014409384,0.00024193323,0.000118367556,False,True
-0.00031240107,-5.3666186e-05,4.6228524e-05,0.00022433588,-0.00014427409,3.694172e-05,-0.00027800206,0.0001706697,0.0002587349,False,False
-0.00046498823,-0.00027955326,6.3150816e-05,0.00030645568,-0.00040332886,-0.00015577766,-0.00058600894,2.6902417e-05,0.00018543497,False,True
-0.00032667205,-0.00043213446,5.474683e-05,0.00026567315,-0.0005394382,-0.00032483067,-0.00069780764,-0.00016646131,0.000105462415,True,True
-9.202677e-05,-0.00033553055,4.79744e-05,0.0002328082,-0.00042956037,-0.00024150073,-0.0005683388,-0.00010272235,0.00024350377,False,False
7.855015e-06,-0.000103929575,6.392374e-05,0.0003102065,-0.00022922011,2.136096e-05,-0.00041413607,0.00020627692,0.00011178459,True,True
-0.00019446027,-8.184407e-06,3.3652534e-05,0.00016330763,-7.414337e-05,5.7774556e-05,-0.00017149204,0.00015512323,0.00018627587,False,False
-0.00032237716,-0.00021465948,7.3667776e-05,0.00035749195,-0.0003590483,-7.027063e-05,-0.00057215145,0.00014283248,0.000107717686,True,True
-0.00015634303,-0.0003506923,4.4656805e-05,0.00021670871,-0.00043821963,-0.00026316498,-0.000567401,-0.0001339836,0.00019434928,False,True
-0.0003114738,-0.00022200689,5.4530912e-05,0.00026462536,-0.0003288875,-0.0001151263,-0.00048663223,4.261847e-05,8.946691e-05,True,True
-0.00044070175,-0.00034015396,4.5990255e-05,0.00022317962,-0.00043029487,-0.00025001305,-0.00056333357,-0.000116974334,0.0001005478,False,True
-0.00044129512,-0.00045472238,4.375576e-05,0.00021233616,-0.0005404837,-0.00036896107,-0.0006670585,-0.00024238622,1.3427256e-05,True,True
-0.00037998948,-0.000441516,3.57771e-05,0.00017361763,-0.0005116391,-0.00037139287,-0.0006151336,-0.00026789837,6.1526516e-05,True,True
-0.00035023925,-0.0003726061,4.0802828e-05,0.00019800628,-0.00045257964,-0.00029263255,-0.0005706124,-0.00017459982,2.2366847e-05,True,True
-0.00037955557,-0.00033910267,3.4848355e-05,0.00016911067,-0.00040740543,-0.0002707999,-0.00050821336,-0.000169992,4.04529e-05,True,True
-0.00034865353,-0.00035541374,2.8887085e-05,0.00014018206,-0.00041203242,-0.00029879506,-0.0004955958,-0.00021523167,6.7602086e-06,True,True
-0.00030085433,-0.00032720983,3.5109024e-05,0.00017037563,-0.0003960235,-0.00025839615,-0.00049758545,-0.0001568342,2.6355498e-05,True,True
-9.102105e-05,-0.00029122745,3.3159446e-05,0.00016091479,-0.00035621997,-0.00022623493,-0.00045214224,-0.00013031266,0.0002002064,False,False
0.0001396416,-8.264654e-05,5.965979e-05,0.00028951457,-0.00019957972,3.4286648e-05,-0.0003721611,0.00020686803,0.00022228814,False,True
-3.5710396e-05,0.00016920902,7.067089e-05,0.00034294877,3.0694064e-05,0.00030772397,-0.00017373975,0.0005121578,0.00020491942,False,True
3.874581e-05,4.8812335e-06,6.787192e-05,0.00032936607,-0.00012814773,0.0001379102,-0.00032448483,0.0003342473,3.3864577e-05,True,True
6.232245e-05,6.628564e-05,4.549331e-05,0.00022076807,-2.288125e-05,0.00015545252,-0.00015448243,0.0002870537,3.9631923e-06,True,True
9.966436e-05,9.8319964e-05,3.4272034e-05,0.00016631391,3.1146774e-05,0.00016549315,-6.799395e-05,0.00026463388,1.3443932e-06,True,True
0.00017638874,0.00011983433,4.7497004e-05,0.00023049151,2.67402e-05,0.00021292845,-0.00011065718,0.00035032583,5.655441e-05,True,True
0.00027170236,0.00019546227,4.486295e-05,0.00021770908,0.00010753088,0.00028339366,-2.2246808e-05,0.00041317136,7.624009e-05,True,True
0.00032815948,0.0002899844,5.1216342e-05,0.00024854057,0.00018960037,0.00039036843,4.1443825e-05,0.00053852494,3.8175087e-05,True,True
0.00016431509,0.00034969847,5.831305e-05,0.00028297916,0.00023540489,0.00046399207,6.671931e-05,0.00063267763,0.00018538338,False,True
0.0002614249,0.00021608308,5.0273673e-05,0.00024396602,0.000117546675,0.00031461948,-2.788294e-05,0.00046004908,4.5341818e-05,True,True
0.0002826729,0.00028144298,5.7159057e-05,0.00027737912,0.00016941121,0.00039347474,4.063855e-06,0.00055882207,1.2299279e-06,True,True
0.0001980566,0.00031460915,4.525636e-05,0.00021961822,0.00022590667,0.00040331163,9.499093e-05,0.00053422735,0.00011655255,False,True
0.000118130185,0.00024748594,4.4833247e-05,0.00021756494,0.00015961277,0.0003353591,2.9920993e-05,0.00046505086,0.00012935576,False,True
0.00023593027,0.00014184616,4.253322e-05,0.00020640345,5.8481055e-05,0.00022521126,-6.455729e-05,0.00034824962,9.408411e-05,False,True
0.00035158597,0.0002243333,5.7337853e-05,0.00027824676,0.00011195111,0.0003367155,-5.3913463e-05,0.0005025801,0.00012725267,False,True
0.00047919428,0.00035159025,4.4572775e-05,0.00021630093,0.00026422762,0.00043895288,0.00013528932,0.00056789117,0.00012760403,False,True
0.00021695883,0.00047932327,5.4750304e-05,0.00026569003,0.00037201267,0.00058663386,0.00021363323,0.0007450133,0.00026236445,False,True
0.0002555572,0.00023123458,8.632287e-05,0.00041890406,6.204174e-05,0.0004004274,-0.00018766949,0.00065013865,2.4322639e-05,True,True
0.00016987944,0.00019832992,4.80298e-05,0.00023307704,0.0001041915,0.00029246832,-3.474712e-05,0.00043140695,2.8450479e-05,True,True
0.00020603264,0.0001449791,4.045634e-05,0.00019632487,6.5684675e-05,0.00022427354,-5.1345763e-05,0.00034130397,6.1053535e-05,True,True
5.952719e-05,0.00015115934,3.56855e-05,0.00017317313,8.121576e-05,0.00022110294,-2.2013788e-05,0.00032433248,9.163216e-05,False,True
-7.4322666e-06,3.3463195e-05,3.4478646e-05,0.00016731655,-3.4114953e-05,0.00010104134,-0.00013385336,0.00020077974,4.0895462e-05,True,True
-0.0001525779,-5.165927e-05,2.5926554e-05,0.00012581532,-0.000102475315,-8.4322164e-07,-0.00017747459,7.415605e-05,0.00010091862,False,True
-0.00013226227,-0.00017264968,5.158802e-05,0.00025034422,-0.0002737622,-7.1537164e-05,-0.0004229939,7.769454e-05,4.0387415e-05,True,True
-0.00010330141,-0.00018082169,3.9025384e-05,0.00018938078,-0.00025731145,-0.000104331935,-0.00037020247,8.559087e-06,7.752028e-05,False,True
8.545086e-05,-0.0001468516,3.326977e-05,0.00016145018,-0.00021206035,-8.1642844e-05,-0.00030830177,1.4598583e-05,0.00023230247,False,False
0.00028909135,4.9123086e-05,7.0107126e-05,0.00034021298,-8.828688e-05,0.00018653306,-0.0002910899,0.00038933606,0.00023996826,False,True
0.00024565088,0.0002363074,7.289943e-05,0.00035376335,9.342452e-05,0.0003791903,-0.000117455944,0.00059007073,9.343479e-06,True,True
0.00019519703,0.00019274853,4.1123352e-05,0.00019956172,0.00011214676,0.0002733503,-6.813192e-06,0.00039231026,2.4485053e-06,True,True
0.00022841284,0.00012353116,3.3486056e-05,0.00016249975,5.789849e-05,0.00018916384,-3.896859e-05,0.00028603093,0.00010488168,False,True
4.756321e-05,0.00014742845,4.1171064e-05,0.00019979324,6.673316e-05,0.00022812374,-5.236479e-05,0.00034722168,9.986524e-05,False,True
6.857969e-05,-3.878397e-05,5.3958625e-05,0.0002618482,-0.00014454288,6.697494e-05,-0.00030063218,0.00022306424,0.00010736366,False,True
-0.00014505364,-4.185536e-05,3.7137957e-05,0.00018022156,-0.00011464576,3.0935036e-05,-0.00022207692,0.00013836619,0.000103198276,False,True
-0.00027411807,-0.0002203164,6.962755e-05,0.00033788572,-0.00035678642,-8.3846404e-05,-0.00055820215,0.00011756932,5.380166e-05,True,True
-0.000353961,-0.0003468583,3.7280945e-05,0.00018091543,-0.00041992893,-0.00027378765,-0.00052777375,-0.00016594285,7.1027025e-06,True,True
-0.0005843912,-0.0004255173,3.655062e-05,0.00017737134,-0.0004971565,-0.00035387807,-0.00060288864,-0.00024814595,0.00015887388,False,True
-0.00064148585,-0.0006512481,6.4971566e-05,0.00031529134,-0.00077859237,-0.0005239038,-0.00096653943,-0.00033595675,9.76224e-06,True,True
-0.0008146861,-0.0007019533,5.14911e-05,0.0002498739,-0.00080287585,-0.00060103077,-0.0009518272,-0.0004520794,0.000112732814,False,True
-0.00078524614,-0.00083003036,6.9435024e-05,0.00033695143,-0.000966123,-0.0006939377,-0.0011669818,-0.00049307896,4.4784218e-05,True,True
-0.00074447633,-0.00082221226,5.3151864e-05,0.0002579332,-0.00092638994,-0.0007180346,-0.0010801455,-0.00056427903,7.7735924e-05,True,True
-0.000588739,-0.00077201816,4.9359904e-05,0.00023953171,-0.00086876354,-0.0006752728,-0.0010115498,-0.0005324865,0.00018327916,False,True
-0.00049001863,-0.00063559687,5.5124794e-05,0.00026750733,-0.00074364146,-0.00052755227,-0.0009031042,-0.00036808953,0.00014557823,False,True
-0.0005046013,-0.0005241321,4.283834e-05,0.00020788414,-0.00060809526,-0.00044016895,-0.0007320162,-0.00031624798,1.9530824e-05,True,True
-0.00031345655,-0.0005192415,3.9048777e-05,0.0001894943,-0.0005957771,-0.0004427059,-0.0007087358,-0.0003297472,0.00020578495,False,False
-0.00026949678,-0.00033956664,6.6536384e-05,0.00032288503,-0.00046997797,-0.00020915533,-0.00066245167,-1.6681617e-05,7.006986e-05,True,True
-0.0003915243,-0.00027035474,3.679531e-05,0.00017855877,-0.00034247356,-0.00019823592,-0.0004489135,-9.179597e-05,0.00012116958,False,True
-0.00039534373,-0.0003759166,4.7155194e-05,0.00022883278,-0.0004683408,-0.0002834924,-0.00060474937,-0.00014708382,1.9427127e-05,True,True
-0.0002433658,-0.00040851717,3.891514e-05,0.00018884579,-0.00048479083,-0.0003322435,-0.000597363,-0.00021967138,0.00016515137,False,True
-0.00029466627,-0.00025966892,5.391064e-05,0.00026161535,-0.00036533378,-0.00015400405,-0.0005212843,1.946435e-06,3.4997356e-05,True,True
-0.0003974943,-0.00029258124,3.5047422e-05,0.00017007669,-0.0003612742,-0.00022388829,-0.00046265795,-0.00012250456,0.00010491305,False,True
-0.00032924433,-0.00038190972,3.642079e-05,0.00017674132,-0.0004532945,-0.00031052495,-0.00055865105,-0.0002051684,5.266539e-05,True,True
-0.00024573112,-0.00032666032,3.6150937e-05,0.00017543178,-0.00039751615,-0.00025580448,-0.00050209207,-0.00015122854,8.0929196e-05,False,True
-0.000270841,-0.0002401302,4.2657008e-05,0.00020700417,-0.00032373794,-0.00015652247,-0.00044713437,-3.3126038e-05,3.07108e-05,True,True
-0.00035723965,-0.0002613285,3.569533e-05,0.00017322083,-0.00033129135,-0.00019136566,-0.00043454935,-8.810767e-05,9.591115e-05,False,True
-0.00031778408,-0.000347498,4.209276e-05,0.00020426602,-0.0004299998,-0.00026499617,-0.00055176404,-0.00014323197,2.9713905e-05,True,True
-0.00022427885,-0.00030037,3.277086e-05,0.00015902908,-0.00036460088,-0.00023613914,-0.00045939907,-0.00014134093,7.6091164e-05,False,True
-0.00018720473,-0.00020581139,3.987912e-05,0.00019352375,-0.00028397446,-0.00012764832,-0.00039933514,-1.2287637e-05,1.860666e-05,True,True
-1.230461e-05,-0.0001631248,3.5031353e-05,0.0001699987,-0.00023178625,-9.446335e-05,-0.0003331235,6.8739027e-06,0.0001508202,False,True
-7.8726654e-05,4.2005477e-06,5.937962e-05,0.000288155,-0.00011218351,0.000120584606,-0.00028395443,0.00029235554,8.29272e-05,True,True
-9.483518e-05,-4.1753938e-05,5.039992e-05,0.00024457867,-0.00014053778,5.7029913e-05,-0.0002863326,0.00020282473,5.3081243e-05,True,True
-7.247136e-05,-6.42983e-05,3.449276e-05,0.00016738505,-0.00013190412,3.307512e-06,-0.00023168334,0.00010308675,8.173061e-06,True,True
-0.00013818734,-2.4609151e-05,3.687856e-05,0.00017896276,-9.6891126e-05,4.7672824e-05,-0.00020357191,0.0001543536,0.00011357819,False,True
-5.6402827e-05,-8.3366416e-05,3.4411583e-05,0.00016699111,-0.00015081312,-1.5919708e-05,-0.00025035752,8.36247e-05,2.696359e-05,True,True
-0.00018896916,-2.524202e-05,3.8509763e-05,0.00018687859,-0.00010072116,5.023712e-05,-0.0002121206,0.00016163658,0.00016372715,False,True
-0.00016723,-0.00014728507,4.786157e-05,0.00023226066,-0.00024109374,-5.3476397e-05,-0.00037954573,8.497559e-05,1.9944928e-05,True,True
-0.00017542359,-0.00012662835,3.495704e-05,0.0001696381,-0.00019514415,-5.811255e-05,-0.00029626646,4.3009743e-05,4.8795235e-05,True,True
-0.000108352135,-0.00014436482,2.7386965e-05,0.00013290234,-0.00019804327,-9.068637e-05,-0.00027726716,-1.1462485e-05,3.6012687e-05,True,True
-3.5584006e-05,-0.00010117702,3.0896485e-05,0.00014993318,-0.00016173413,-4.061991e-05,-0.0002511102,4.8756163e-05,6.559302e-05,False,True
5.9035985e-05,-2.8738394e-05,3.9773735e-05,0.00019301234,-0.00010669492,4.9218128e-05,-0.00022175073,0.00016427395,8.777438e-05,False,True
-5.9317586e-05,4.592397e-05,4.2779084e-05,0.00020759657,-3.7923037e-05,0.00012977098,-0.00016167261,0.00025352056,0.00010524156,False,True
-4.4247987e-05,-6.762531e-05,3.6141864e-05,0.00017538776,-0.00013846337,3.2127427e-06,-0.00024301307,0.00010776245,2.3377324e-05,True,True
-0.000119574834,-7.816617e-05,3.4513185e-05,0.00016748416,-0.00014581202,-1.0520329e-05,-0.00024565033,8.931799e-05,4.140866e-05,True,True
-6.818811e-05,-0.00013390263,3.399653e-05,0.00016497697,-0.00020053584,-6.726944e-05,-0.0002988796,3.1074334e-05,6.571453e-05,True,True
-5.7486115e-05,-9.6947566e-05,4.033006e-05,0.00019571205,-0.00017599447,-1.7900653e-05,-0.00029265962,9.876449e-05,3.946145e-05,True,True
2.13092e-05,-7.279279e-05,3.8540857e-05,0.00018702948,-0.00014833288,2.7472925e-06,-0.00025982226,0.00011423669,9.410199e-05,False,True
7.059836e-05,1.6089232e-05,4.8564318e-05,0.00023567093,-7.909683e-05,0.000111275294,-0.00021958169,0.00025176015,5.450913e-05,True,True
-7.2760246e-05,5.521912e-05,4.250553e-05,0.00020626909,-2.8091723e-05,0.00013852995,-0.00015104997,0.0002614882,0.00012797937,False,True
-3.319679e-05,-8.0513026e-05,5.77207e-05,0.00028010464,-0.0001936456,3.2619544e-05,-0.00036061765,0.00019959161,4.7316236e-05,True,True
-0.00015934302,-7.551082e-05,4.3343873e-05,0.00021033737,-0.00016046481,9.443174e-06,-0.0002858482,0.00013482655,8.38322e-05,True,True
-0.00016444738,-0.00017378165,4.966777e-05,0.00024102571,-0.00027113047,-7.6432814e-05,-0.00041480735,6.7244066e-05,9.334268e-06,True,True
-0.00015667678,-0.00018543752,3.3606466e-05,0.00016308407,-0.0002513062,-0.00011956884,-0.00034852157,-2.2353444e-05,2.876074e-05,True,True
-0.00013713718,-0.00018744281,2.9398592e-05,0.00014266428,-0.00024506406,-0.00012982156,-0.0003301071,-4.4778528e-05,5.0305636e-05,True,True
-0.0002612883,-0.00017480424,3.1166706e-05,0.00015124452,-0.00023589098,-0.0001137175,-0.00032604876,-2.3559725e-05,8.648407e-05,False,True
-0.00047791013,-0.00027675618,4.0574087e-05,0.00019689626,-0.0003562814,-0.00019723097,-0.00047365244,-7.985992e-05,0.00020115395,False,False
-0.00057195534,-0.0005019121,5.7965437e-05,0.00028129228,-0.00061552436,-0.0003882998,-0.00078320433,-0.00022061981,7.004326e-05,True,True
-0.00054796005,-0.00060270465,4.498416e-05,0.00021829728,-0.0006908736,-0.0005145357,-0.00082100194,-0.00038440735,5.4744596e-05,True,True
-0.0005380484,-0.0005567992,5.1815772e-05,0.00025144944,-0.0006583581,-0.00045524025,-0.00080824865,-0.00030534973,1.8750783e-05,True,True
-0.00038122246,-0.00054074527,3.3936154e-05,0.00016468397,-0.00060726015,-0.00047423042,-0.00070542924,-0.0003760613,0.00015952281,False,True
-0.0003463411,-0.0003956735,5.0548275e-05,0.00024529858,-0.0004947481,-0.00029659888,-0.00064097205,-0.00015037492,4.933239e-05,True,True
-0.00021518819,-0.000348093,3.299396e-05,0.00016011174,-0.00041276115,-0.00028342483,-0.00050820474,-0.00018798125,0.0001329048,False,True
-0.00027319128,-0.00023150559,4.9723098e-05,0.0002412942,-0.00032896287,-0.00013404831,-0.0004727998,9.788608e-06,4.1685693e-05,True,True
-0.00032027284,-0.00028413686,3.406181e-05,0.00016529375,-0.00035089802,-0.00021737571,-0.0004494306,-0.000118843105,3.6135985e-05,True,True
-0.00020066298,-0.00033861064,3.1125506e-05,0.00015104457,-0.00039961663,-0.00027760465,-0.0004896552,-0.00018756607,0.00013794766,False,True
-0.0002865232,-0.00023729468,4.284532e-05,0.00020791801,-0.0003212715,-0.00015331784,-0.0004452127,-2.9376664e-05,4.9228518e-05,True,True
-0.00021504296,-0.00030565762,3.776273e-05,0.00018325342,-0.00037967257,-0.00023164268,-0.00048891106,-0.0001224042,9.061466e-05,False,True
-0.00019221945,-0.00028681732,4.267615e-05,0.00020709707,-0.00037046257,-0.00020317207,-0.00049391435,-7.972025e-05,9.459787e-05,False,True
-0.0001716979,-0.00025645763,3.9626353e-05,0.00019229714,-0.00033412527,-0.00017878998,-0.00044875476,-6.4160486e-05,8.4759726e-05,False,True
-0.00029590033,-0.00023104438,3.586016e-05,0.00017402071,-0.0003013303,-0.00016075847,-0.00040506508,-5.7023673e-05,6.485595e-05,True,True
-0.0003385857,-0.00033171594,4.8090886e-05,0.00023337347,-0.00042597408,-0.0002374578,-0.0005650894,-9.834247e-05,6.8697555e-06,True,True
-0.00021710781,-0.00039246347,3.0955478e-05,0.00015021946,-0.0004531362,-0.00033179074,-0.00054268294,-0.000242244,0.00017535566,False,False
-0.000113303024,-0.0002705388,4.920807e-05,0.00023879489,-0.0003669866,-0.00017409096,-0.0005093337,-3.1743897e-05,0.00015723577,False,True
-9.68927e-05,-0.00014074403,3.838933e-05,0.00018629417,-0.00021598712,-6.5500935e-05,-0.0003270382,4.5550143e-05,4.385133e-05,True,True
-0.00029358675,-0.00014606629,2.9060751e-05,0.00014102482,-0.00020302537,-8.910721e-05,-0.00028709113,-5.0414674e-06,0.00014752046,False,False
-0.00021342425,-0.00033381744,6.144544e-05,0.00029817992,-0.0004542505,-0.00021338438,-0.00063199736,-3.5637524e-05,0.00012039319,True,True
-0.00017847963,-0.00029915402,4.493622e-05,0.00021806464,-0.00038722903,-0.00021107902,-0.00051721866,-8.108938e-05,0.00012067439,False,True
-4.996151e-05,-0.00024451487,4.4284625e-05,0.00021490261,-0.00033131274,-0.000157717,-0.00045941747,-2.961226e-05,0.00019455336,False,True
-0.00011638146,-0.00011075295,5.2368363e-05,0.00025413104,-0.00021339495,-8.110961e-06,-0.00036488398,0.00014337809,5.628506e-06,True,True
-0.00024153525,-0.00015512058,3.656587e-05,0.00017744536,-0.00022678968,-8.345147e-05,-0.00033256592,2.2324777e-05,8.641467e-05,False,True
-0.00027030622,-0.00027325426,4.9297196e-05,0.0002392274,-0.00036987677,-0.00017663176,-0.00051248167,-3.402686e-05,2.9480434e-06,True,True
-0.00030123725,-0.0003026672,3.2838398e-05,0.00015935683,-0.00036703047,-0.00023830394,-0.00046202404,-0.00014331038,1.4299585e-06,True,True
-0.0002840544,-0.00034669272,3.466302e-05,0.00016821128,-0.00041463223,-0.0002787532,-0.000514904,-0.00017848144,6.263831e-05,True,True
-0.00036031107,-0.0003193463,3.0919666e-05,0.00015004569,-0.00037994885,-0.00025874373,-0.000469392,-0.0001693006,4.0964776e-05,True,True
-0.0004849072,-0.00038697198,4.321534e-05,0.00020971362,-0.00047167405,-0.0003022699,-0.00059668557,-0.00017725836,9.793523e-05,False,True
-0.0005127476,-0.00049604627,5.1598934e-05,0.0002503972,-0.00059718016,-0.00039491235,-0.00074644346,-0.00024564908,1.670135e-05,True,True
-0.00055577076,-0.0005312822,4.7426645e-05,0.00023015008,-0.00062423846,-0.00043832598,-0.0007614323,-0.00030113215,2.4488545e-05,True,True
-0.0007110354,-0.00056258374,4.4116616e-05,0.0002140873,-0.0006490523,-0.00047611515,-0.00077667105,-0.00034849643,0.00014845165,False,True
-0.00069874624,-0.00069747114,6.65479e-05,0.00032294093,-0.000827905,-0.00056703726,-0.0010204121,-0.0003745302,1.275097e-06,True,True
-0.00045602856,-0.00070551015,4.3740823e-05,0.00021226367,-0.0007912422,-0.0006197781,-0.0009177738,-0.0004932465,0.00024948159,False,False
-0.0003110307,-0.00048545958,6.019192e-05,0.00029209687,-0.00060343574,-0.00036748342,-0.00077755644,-0.0001933627,0.00017442889,False,True
-0.0002623759,-0.00032500632,5.129336e-05,0.0002489143,-0.0004255413,-0.00022447133,-0.0005739206,-7.609202e-05,6.2630425e-05,True,True
-0.00015705456,-0.00027657667,4.273318e-05,0.00020737381,-0.0003603337,-0.00019281963,-0.00048395048,-6.9202855e-05,0.00011952211,False,True
-0.00027692126,-0.00022442,3.4787743e-05,0.00016881654,-0.00029260397,-0.00015623603,-0.00039323652,-5.5603465e-05,5.250126e-05,True,True
-0.00045700645,-0.00032713727,5.0390492e-05,0.00024453292,-0.00042590263,-0.00022837191,-0.0005716702,-8.2604354e-05,0.00012986918,False,True
-0.00052933564,-0.00051532686,4.971636e-05,0.00024126151,-0.0006127709,-0.00041788278,-0.00075658836,-0.00027406536,1.40087795e-05,True,True
-0.00056576467,-0.00058032735,4.0940744e-05,0.00019867555,-0.0006605712,-0.0005000835,-0.0007790029,-0.0003816518,1.4562684e-05,True,True
-0.0006646417,-0.0006179963,4.9291906e-05,0.00023920173,-0.00071460847,-0.0005213842,-0.000857198,-0.0003787946,4.664535e-05,True,True
-0.00055314996,-0.0007017686,6.312795e-05,0.0003063447,-0.0008254994,-0.0005780378,-0.0010081134,-0.0003954239,0.00014861865,False,True
-0.0005660622,-0.00065230177,5.5731387e-05,0.00027045098,-0.0007615353,-0.0005430682,-0.0009227528,-0.00038185078,8.623954e-05,True,True
-0.0006253406,-0.00062180427,5.002972e-05,0.00024278217,-0.0007198625,-0.000523746,-0.00086458644,-0.0003790221,3.5363482e-06,True,True
-0.00079385616,-0.00068420166,4.880337e-05,0.00023683098,-0.0007798563,-0.00058854703,-0.0009210326,-0.0004473707,0.0001096545,False,True
-0.0008075967,-0.0008213358,6.1043276e-05,0.0002962283,-0.0009409806,-0.000701691,-0.0011175642,-0.0005251075,1.3739103e-05,True,True
-0.0008493272,-0.0008261468,5.491145e-05,0.00026647202,-0.00093377323,-0.0007185204,-0.0010926188,-0.0005596748,2.3180386e-05,True,True
-0.0010893021,-0.000879424,5.3747564e-05,0.00026082396,-0.0009847692,-0.00077407877,-0.0011402479,-0.00061860005,0.00020987814,False,True
-0.0012400027,-0.0010491732,7.613126e-05,0.00036944667,-0.0011983905,-0.0008999559,-0.0014186199,-0.0006797265,0.00019082951,False,True
-0.0011290765,-0.0011653994,7.687738e-05,0.0003730674,-0.0013160792,-0.0010147197,-0.0015384669,-0.00079233205,3.6322977e-05,True,True
-0.0011030278,-0.001077895,7.522619e-05,0.00036505456,-0.0012253384,-0.00093045173,-0.0014429496,-0.00071284047,2.5132787e-05,True,True
-0.0010903882,-0.0010107047,6.2255334e-05,0.00030211013,-0.0011327252,-0.0008886842,-0.0013128148,-0.00070859457,7.9683494e-05,True,True
-0.0009365724,-0.0010092803,7.282206e-05,0.0003533879,-0.0011520116,-0.0008665491,-0.0013626682,-0.0006558924,7.2707946e-05,True,True
-0.0008244595,-0.0008727566,8.661216e-05,0.00042030794,-0.0010425164,-0.00070299674,-0.0012930646,-0.00045244864,4.8297108e-05,True,True
-0.000740404,-0.000777189,6.361229e-05,0.00030869513,-0.0009018691,-0.00065250887,-0.0010858842,-0.00046849385,3.678497e-05,True,True
-0.00081760134,-0.00069894537,4.6142843e-05,0.00022392008,-0.00078938535,-0.0006085054,-0.00092286547,-0.00047502527,0.00011865597,False,True
-0.0007076676,-0.0007360359,5.766569e-05,0.0002798377,-0.0008490606,-0.00062301115,-0.0010158736,-0.00045619818,2.836826e-05,True,True
-0.0005965153,-0.00068665826,6.19342e-05,0.00030055176,-0.0008080493,-0.0005652672,-0.0009872101,-0.0003861065,9.0142945e-05,True,True
-0.00069747824,-0.00056439044,5.1098767e-05,0.00024797,-0.00066454406,-0.00046423686,-0.00081236043,-0.00031642045,0.0001330878,False,True
-0.0006508929,-0.000620616,5.35677e-05,0.00025995114,-0.0007256087,-0.0005156233,-0.0008805671,-0.00036066488,3.027689e-05,True,True
-0.00057429273,-0.00057677686,4.8228143e-05,0.00023403954,-0.000671304,-0.0004822497,-0.0008108164,-0.0003427373,2.4841283e-06,True,True
-0.00036474873,-0.0005001765,4.7232275e-05,0.00022920684,-0.0005927518,-0.00040760124,-0.0007293833,-0.00027096967,0.00013542778,False,True
-0.00020862935,-0.000323591,6.0062346e-05,0.00029146808,-0.0004413132,-0.0002058688,-0.00061505905,-3.2122916e-05,0.000114961644,True,True
-0.00018865483,-0.00016072774,5.340517e-05,0.00025916242,-0.00026540188,-5.6053606e-05,-0.00041989016,9.8434684e-05,2.792709e-05,True,True
-7.3426204e-06,-0.00015721821,3.6782603e-05,0.00017849711,-0.0002293121,-8.51243e-05,-0.0003357153,2.1278902e-05,0.00014987559,False,True
1.3082865e-06,4.9668424e-06,6.418403e-05,0.00031146963,-0.00012083385,0.00013076754,-0.0003065028,0.00031643646,3.658556e-06,True,True
0.00010735421,4.530278e-05,3.4884702e-05,0.00016928704,-2.3071243e-05,0.0001136768,-0.00012398427,0.00021458982,6.205143e-05,True,True
0.0003043496,0.000108953056,4.996144e-05,0.00024245083,1.1028635e-05,0.00020687748,-0.00013349777,0.0003514039,0.00019539655,False,True
0.00042563165,0.00029002942,8.955274e-05,0.00043457787,0.00011450604,0.0004655528,-0.00014454845,0.00072460726,0.00013560223,True,True
0.00040162366,0.00040891976,6.0400198e-05,0.0002931076,0.00029053536,0.00052730413,0.000115812174,0.00070202735,7.2960975e-06,True,True
0.00043153824,0.00040535905,6.295102e-05,0.00030548612,0.00028197505,0.000528743,9.987294e-05,0.00071084517,2.6179187e-05,True,True
0.00038931874,0.00041590835,4.8598366e-05,0.00023583615,0.00032065556,0.00051116117,0.0001800722,0.0006517445,2.6589609e-05,True,True
0.00037617557,0.0003775937,5.389909e-05,0.0002615593,0.0002719515,0.00048323593,0.00011603441,0.000639153,1.4181423e-06,True,True
0.0003427846,0.0003488484,4.759044e-05,0.00023094493,0.00025557115,0.00044212566,0.00011790347,0.00057979336,6.063812e-06,True,True
0.00036128666,0.0003163846,4.148758e-05,0.00020132923,0.00023506893,0.00039770026,0.00011505537,0.00051771384,4.490206e-05,True,True
0.0003323938,0.00032632847,4.4766464e-05,0.00021724086,0.0002385862,0.00041407073,0.00010908762,0.00054356933,6.0653256e-06,True,True
0.00038437068,0.0002791282,4.1856292e-05,0.0002031185,0.00019708986,0.00036116655,7.60097e-05,0.0004822467,0.00010524248,False,True
0.00031618084,0.00033780863,5.102404e-05,0.00024760736,0.0002378015,0.00043781573,9.020127e-05,0.000585416,2.1627784e-05,True,True
0.0003976057,0.0002975616,4.6643563e-05,0.00022634996,0.00020614022,0.000388983,7.1211645e-05,0.00052391156,0.0001000441,False,True
0.0003238213,0.00034430274,5.340723e-05,0.0002591724,0.00023962455,0.00044898092,8.5130334e-05,0.00060347514,2.0481442e-05,True,True
0.00043278714,0.0002888405,4.7640162e-05,0.00023118622,0.00019546578,0.00038221522,5.765428e-05,0.0005200267,0.00014394664,False,True
0.0005565728,0.00038995504,6.0716182e-05,0.00029464098,0.0002709513,0.00050895876,9.5314055e-05,0.000684596,0.00016661777,False,True
0.0005673338,0.000496988,7.905654e-05,0.00038364233,0.00034203718,0.00065193884,0.00011334568,0.00088063034,7.034576e-05,True,True
0.00044927222,0.000517526,5.3581127e-05,0.0002600163,0.00041250698,0.000622545,0.0002575097,0.0007775423,6.825378e-05,True,True
0.0004215956,0.0004011893,4.5735513e-05,0.00022194341,0.0003115477,0.0004908309,0.00017924588,0.0006231327,2.0406325e-05,True,True
0.00026680232,0.0003314799,4.5981913e-05,0.00022313914,0.00024135536,0.00042160446,0.00010834077,0.00055461907,6.467759e-05,True,True
0.00027797083,0.0001988245,5.291729e-05,0.00025679485,9.510662e-05,0.0003025424,-5.797035e-05,0.00045561936,7.9146324e-05,True,True
0.00022202724,0.00017266534,2.9725608e-05,0.00014425121,0.00011440315,0.00023092754,2.8414128e-05,0.00031691656,4.93619e-05,True,True
-0.00010897573,0.000107706495,3.7573867e-05,0.00018233692,3.406171e-05,0.00018135128,-7.463043e-05,0.00029004342,0.00021668222,False,False
-0.00016026839,-0.00016617097,8.691872e-05,0.0004217956,-0.00033653167,4.189729e-06,-0.0005879665,0.00025562462,5.902577e-06,True,True
-0.00031268553,-0.00026351697,3.688525e-05,0.00017899522,-0.00033581204,-0.00019122189,-0.0004425122,-8.4521744e-05,4.9168564e-05,True,True
-0.00027720147,-0.00038427592,5.0286297e-05,0.00024402728,-0.00048283706,-0.00028571478,-0.0006283032,-0.00014024864,0.00010707445,False,True
-0.00010337849,-0.0003602847,4.184608e-05,0.00020306894,-0.00044230302,-0.00027826638,-0.00056335365,-0.00015721576,0.0002569062,False,False
-0.00026994522,-0.00017718617,7.014005e-05,0.00034037276,-0.00031466066,-3.9711667e-05,-0.00051755895,0.00016318659,9.2759044e-05,True,True
-0.00040359158,-0.00031668643,5.0266517e-05,0.00024393128,-0.0004152088,-0.00021816406,-0.0005606177,-7.275515e-05,8.6905144e-05,True,True
-0.0004625396,-0.0004478846,5.381866e-05,0.00026116899,-0.0005533692,-0.00034240005,-0.0007090536,-0.00018671562,1.4655001e-05,True,True
-0.00050869404,-0.0004893996,3.6787253e-05,0.00017851967,-0.0005615026,-0.00041729657,-0.0006679193,-0.00031087993,1.9294443e-05,True,True
-0.0006688907,-0.0005178564,3.701242e-05,0.00017961235,-0.0005904007,-0.00044531203,-0.00069746876,-0.00033824402,0.00015103433,False,True
-0.0008050257,-0.0006707202,5.9715807e-05,0.0002897864,-0.00078776316,-0.0005536772,-0.0009605066,-0.00038093378,0.0001343055,False,True
-0.0011056602,-0.00078126095,6.138927e-05,0.00029790733,-0.00090158393,-0.000660938,-0.0010791683,-0.00048335362,0.00032439927,False,False
-0.0010926415,-0.0010178986,0.00012339265,0.0005987948,-0.0012597481,-0.000776049,-0.0016166933,-0.00041910377,7.4742944e-05,True,True
-0.0011684907,-0.0010701914,7.33184e-05,0.0003557965,-0.0012138954,-0.0009264873,-0.0014259879,-0.00071439485,9.829935e-05,True,True
-0.0009834543,-0.0010896061,7.7706056e-05,0.00037708876,-0.0012419099,-0.00093730225,-0.0014666949,-0.0007125173,0.0001061518,True,True
-0.00077258033,-0.0009206847,7.613324e-05,0.00036945628,-0.0010699059,-0.00077146356,-0.001290141,-0.0005512284,0.00014810439,True,True
-0.0006893613,-0.0007181227,8.431629e-05,0.00040916665,-0.0008833826,-0.00055286277,-0.0011272894,-0.00030895605,2.8761395e-05,True,True
-0.0005264116,-0.0006050328,4.8246686e-05,0.00023412953,-0.0006995963,-0.00051046925,-0.0008391623,-0.00037090323,7.8621204e-05,True,True
-0.00043994802,-0.00044509367,5.487099e-05,0.0002662757,-0.0005526408,-0.00033754652,-0.0007113693,-0.00017881798,5.1456445e-06,True,True
-0.00038410362,-0.0003484522,4.4126304e-05,0.00021413431,-0.00043493975,-0.00026196463,-0.0005625865,-0.00013431787,3.5651436e-05,True,True
-0.00047855516,-0.00029592472,3.7175138e-05,0.00018040198,-0.000368788,-0.00022306145,-0.0004763267,-0.00011552274,0.00018263044,False,False
-0.00044607467,-0.00038000144,4.3856027e-05,0.00021282272,-0.00046595925,-0.00029404362,-0.0005928242,-0.00016717872,6.607323e-05,True,True
-0.00019627818,-0.00037269146,4.0668507e-05,0.00019735446,-0.00045240173,-0.0002929812,-0.0005700459,-0.000175337,0.00017641328,False,True
-0.00020085508,-0.000118956676,7.447002e-05,0.00036138506,-0.00026491794,2.7004578e-05,-0.00048034173,0.00024242839,8.1898404e-05,True,True
1.2221329e-05,-0.00012602139,4.4226654e-05,0.0002146213,-0.00021270564,-3.9337145e-05,-0.0003406427,8.85999e-05,0.00013824271,False,True
0.00010239985,3.7128553e-05,6.144757e-05,0.00029819025,-8.3308696e-05,0.0001575658,-0.0002610617,0.0003353188,6.527129e-05,True,True
5.168893e-05,0.00012807522,5.8496018e-05,0.00028386706,1.3423021e-05,0.00024272742,-0.00015579184,0.00041194228,7.638629e-05,True,True
-2.4568158e-06,8.997839e-05,4.399434e-05,0.00021349393,3.7494829e-06,0.00017620731,-0.00012351554,0.00030347233,9.2435206e-05,False,True
0.00013999929,3.150825e-05,3.7371698e-05,0.00018135583,-4.1740277e-05,0.00010475678,-0.00014984759,0.00021286408,0.00010849104,False,True
0.00012113503,0.00016525622,6.160896e-05,0.00029897343,4.450266e-05,0.00028600977,-0.00013371721,0.00046422967,4.412119e-05,True,True
-3.17963e-05,0.000164633,4.4059143e-05,0.0002138084,7.827708e-05,0.00025098893,-4.917539e-05,0.00037844141,0.0001964293,False,True
-1.2981037e-05,1.8882592e-05,6.361052e-05,0.00030868652,-0.000105794024,0.00014355921,-0.00028980392,0.0003275691,3.186363e-05,True,True
-5.890059e-05,-2.0736306e-05,3.3025917e-05,0.00016026682,-8.54671e-05,4.3994492e-05,-0.00018100312,0.00013953052,3.8164282e-05,True,True
-0.00010667325,-5.9997335e-05,4.0335566e-05,0.00019573877,-0.00013905505,1.9060375e-05,-0.00025573611,0.00013574143,4.6675916e-05,True,True
-0.00026944163,-0.000118250086,3.2318727e-05,0.00015683498,-0.00018159479,-5.490538e-05,-0.00027508507,3.8584898e-05,0.00015119155,False,True
-0.0003374356,-0.0002543311,4.747887e-05,0.0002304035,-0.00034738966,-0.00016127252,-0.0004847346,-2.3927598e-05,8.31045e-05,True,True
-0.0002008019,-0.00033075872,3.3122822e-05,0.00016073707,-0.00039567944,-0.000265838,-0.00049149577,-0.00017002165,0.00012995682,False,True
-0.00032503225,-0.00021145085,4.879021e-05,0.00023676713,-0.00030707967,-0.00011582204,-0.00044821796,2.5316273e-05,0.000113581395,False,True
-0.00017043708,-0.00031708778,4.8599504e-05,0.00023584168,-0.0004123428,-0.00022183274,-0.0005529295,-8.124609e-05,0.0001466507,False,True
-0.00019213698,-0.00019597313,4.7694615e-05,0.00023145047,-0.0002894546,-0.000102491686,-0.0004274236,3.5477336e-05,3.836147e-06,True,True
-0.00011151873,-0.00019917432,3.103169e-05,0.00015058932,-0.00025999642,-0.0001383522,-0.00034976364,-4.8585003e-05,8.7655586e-05,False,True
-0.00027041195,-0.00014481432,4.5116558e-05,0.00021893978,-0.00023324277,-5.6385863e-05,-0.0003637541,7.412546e-05,0.00012559764,False,True
-0.00019970867,-0.00028734226,5.4130684e-05,0.00026268314,-0.00039343841,-0.00018124611,-0.0005500254,-2.4659123e-05,8.76336e-05,True,True
-0.0003782412,-0.00025720778,4.9181745e-05,0.00023866715,-0.000353604,-0.00016081156,-0.0004958749,-1.8540624e-05,0.00012103343,False,True
-0.00047089983,-0.00036284485,6.0805487e-05,0.00029507437,-0.0004820236,-0.00024366609,-0.0006579192,-6.777048e-05,0.000108054985,True,True
-0.0005040883,-0.00046031142,3.6268924e-05,0.00017600434,-0.0005313985,-0.00038922433,-0.0006363158,-0.00028430708,4.3776876e-05,True,True
-0.00057117833,-0.00048455462,3.907521e-05,0.00018962257,-0.00056114205,-0.0004079672,-0.0006741772,-0.00029493205,8.662371e-05,False,True
-0.0005493513,-0.000546182,4.1402716e-05,0.0002009174,-0.0006273313,-0.00046503264,-0.0007470994,-0.00034526456,3.1692907e-06,True,True
-0.00040770406,-0.0005423991,4.2417352e-05,0.00020584118,-0.0006255371,-0.00045926112,-0.0007482403,-0.00033655795,0.00013469506,False,True
-0.0005015996,-0.00037875364,5.0653747e-05,0.00024581043,-0.00047803498,-0.0002794723,-0.00062456407,-0.00013294321,0.00012284599,False,True
-0.0004774462,-0.00047149858,5.2343374e-05,0.00025400976,-0.0005740916,-0.00036890557,-0.0007255083,-0.00021748882,5.9476297e-06,True,True
-0.00059478194,-0.00046423613,3.7895643e-05,0.00018389842,-0.0005385116,-0.00038996065,-0.00064813456,-0.0002803377,0.00013054581,False,True
-0.00044304295,-0.00057703606,4.9503597e-05,0.00024022901,-0.0006740631,-0.000480009,-0.00081726507,-0.00033680705,0.0001339931,False,True
-0.00038042667,-0.00047146558,6.067428e-05,0.00029443766,-0.00059038715,-0.00035254398,-0.00076590327,-0.00017702792,9.1038906e-05,True,True
-0.000487952,-0.00037421272,3.8197748e-05,0.00018536446,-0.0004490803,-0.00029934512,-0.0005595772,-0.00018884825,0.00011373928,False,True
-0.00053606153,-0.00045933895,4.2037373e-05,0.00020399723,-0.0005417322,-0.0003769457,-0.0006633362,-0.0002553417,7.672259e-05,True,True
-0.00041600305,-0.0005133402,4.598601e-05,0.00022315902,-0.00060347276,-0.0004232076,-0.0007364992,-0.00029018114,9.733712e-05,False,True
-0.00026206297,-0.00040853058,5.7868416e-05,0.00028082146,-0.0005219527,-0.00029510848,-0.00068935205,-0.00012770912,0.00014646762,False,True
-0.00015900953,-0.00023971527,6.209731e-05,0.00030134327,-0.000361426,-0.000118004544,-0.00054105854,6.1628e-05,8.070574e-05,True,True
-0.0002156564,-0.00010037937,3.3313747e-05,0.00016166359,-0.00016567431,-3.5084428e-05,-0.00026204297,6.128421e-05,0.00011527703,False,True
-1.3968328e-05,-0.00018241284,3.935518e-05,0.00019098121,-0.000259549,-0.00010527668,-0.00037339405,8.568371e-06,0.00016844452,False,True
-1.5236583e-05,2.7539033e-06,7.210587e-05,0.00034991238,-0.0001385736,0.00014408141,-0.0003471585,0.00035266628,1.7990486e-05,True,True
-6.0933366e-05,1.0340449e-05,4.689058e-05,0.00022754868,-8.1565086e-05,0.00010224599,-0.00021720823,0.00023788912,7.127381e-05,True,True
0.00012618041,-4.8979353e-05,3.6972546e-05,0.00017941884,-0.00012144554,2.3486835e-05,-0.00022839819,0.0001304395,0.00017515977,False,True
9.141581e-05,9.127727e-05,7.4863776e-05,0.00036329584,-5.5455734e-05,0.00023801027,-0.00027201857,0.0004545731,1.3854151e-07,True,True
0.00033007225,7.3727824e-05,3.829383e-05,0.00018583072,-1.3280878e-06,0.00014878373,-0.0001121029,0.00025955855,0.0002563444,False,False
0.00031687215,0.00030004245,8.349764e-05,0.00040519392,0.00013638707,0.00046369783,-0.00010515147,0.00070523634,1.6829697e-05,True,True
0.00042654417,0.00029403347,4.2862266e-05,0.00020800025,0.00021002343,0.0003780435,8.603322e-05,0.00050203374,0.0001325107,False,True
0.0003742642,0.00037899657,7.245944e-05,0.0003516282,0.00023697606,0.00052101706,2.7368369e-05,0.0007306248,4.73237e-06,True,True
0.00031139114,0.00032484627,4.8647587e-05,0.00023607501,0.000229497,0.00042019555,8.877127e-05,0.00056092127,1.3455137e-05,True,True
0.00022593082,0.00026273727,4.1231506e-05,0.00020008655,0.00018192352,0.00034355104,6.2650724e-05,0.00046282384,3.680645e-05,True,True
0.00015931754,0.00018284102,4.282806e-05,0.00020783424,9.8898025e-05,0.00026678402,-2.499322e-05,0.00039067527,2.3523477e-05,True,True
-3.3651468e-06,0.00013185557,4.1434232e-05,0.00020107033,5.0644478e-05,0.00021306667,-6.921476e-05,0.0003329259,0.00013522072,False,True
0.00013236601,-2.67566e-05,4.3228578e-05,0.00020977786,-0.000111484616,5.7971418e-05,-0.00023653446,0.00018302127,0.0001591226,False,True
0.00023541076,8.736814e-05,6.419386e-05,0.00031151733,-3.845182e-05,0.0002131881,-0.00022414919,0.00039888546,0.00014804261,False,True
0.0002528756,0.0002113193,5.8835103e-05,0.00028551256,9.60025e-05,0.0003266361,-7.419326e-05,0.00049683184,4.1556283e-05,True,True
0.00021507172,0.00021782223,4.7311132e-05,0.00022958951,0.00012509241,0.00031055207,-1.1767275e-05,0.00044741173,2.7505157e-06,True,True
0.0003083588,0.00018055469,4.2104082e-05,0.00020432095,9.803069e-05,0.0002630787,-2.376626e-05,0.00038487563,0.00012780412,False,True
0.00049426995,0.00025451265,5.6735218e-05,0.00027532232,0.00014331163,0.00036571367,-2.0809675e-05,0.000529835,0.0002397573,False,True
0.000508902,0.00043832156,7.391541e-05,0.00035869368,0.00029344735,0.00058319577,7.962788e-05,0.00079701527,7.0580456e-05,True,True
0.00045104444,0.00046820514,6.070044e-05,0.0002945646,0.0003492323,0.000587178,0.00017364052,0.0007627697,1.7160695e-05,True,True
0.00047916747,0.0004247975,5.1544765e-05,0.00025013433,0.00032376975,0.00052582525,0.00017466318,0.0006749318,5.436997e-05,True,True
0.0005271429,0.00043108652,4.7916994e-05,0.00023252962,0.00033716921,0.0005250038,0.0001985569,0.0006636161,9.605638e-05,False,True
0.00021095376,0.00047435376,5.2980777e-05,0.00025710295,0.00037051144,0.0005781961,0.00021725081,0.0007314567,0.0002634,False,False
6.1660496e-05,0.00019271596,8.8811474e-05,0.00043098067,1.864547e-05,0.00036678644,-0.0002382647,0.0006236966,0.00013105547,True,True
-1.3580583e-06,2.1445308e-05,3.866648e-05,0.0001876391,-5.434099e-05,9.723161e-05,-0.0001661938,0.0002090844,2.2803366e-05,True,True
2.3435312e-06,-3.402929e-05,3.250413e-05,0.0001577347,-9.7737386e-05,2.9678806e-05,-0.00019176399,0.00012370541,3.637282e-05,True,True
-0.00010642791,-3.30475e-05,3.2345284e-05,0.00015696387,-9.644426e-05,3.0349256e-05,-0.00019001137,0.00012391637,7.338041e-05,False,True
-0.0002715719,-0.00012840127,3.8259073e-05,0.00018566205,-0.00020338906,-5.341348e-05,-0.00031406333,5.7260782e-05,0.00014317062,False,True
-0.00016009135,-0.00029170283,4.2082178e-05,0.00020421467,-0.0003741839,-0.00020922176,-0.0004959175,-8.7488166e-05,0.00013161148,False,True
-0.00016472203,-0.00019916121,5.215283e-05,0.0002530851,-0.00030138076,-9.694166e-05,-0.0004522463,5.3923897e-05,3.4439174e-05,True,True
-0.00028497883,-0.00016905152,4.0892915e-05,0.00019844346,-0.00024920164,-8.8901405e-05,-0.000367495,2.9391944e-05,0.00011592731,False,True
-0.00027365124,-0.00028049323,5.3450618e-05,0.00025938297,-0.00038525643,-0.00017573002,-0.0005398762,-2.111026e-05,6.8419904e-06,True,True
-0.00029460556,-0.00029015515,3.639613e-05,0.00017662164,-0.00036149158,-0.00021881874,-0.00046677678,-0.000113533504,4.4504122e-06,True,True
-0.0003670263,-0.00030939304,3.386308e-05,0.00016432937,-0.00037576468,-0.00024302141,-0.0004737224,-0.00014506368,5.7633268e-05,True,True
-0.0005839012,-0.00035279844,3.7620946e-05,0.00018256539,-0.0004265355,-0.00027906138,-0.0005353638,-0.00017023305,0.00023110275,False,False
-0.0005846291,-0.0005375238,5.986116e-05,0.00029049176,-0.00065485167,-0.00042019595,-0.0008280156,-0.00024703206,4.7105248e-05,True,True
-0.0006219586,-0.0005628525,4.334268e-05,0.00021033158,-0.0006478041,-0.00047790084,-0.00077318406,-0.0003525209,5.9106096e-05,True,True
-0.00045316786,-0.0005832412,4.1247065e-05,0.00020016206,-0.0006640855,-0.00050239696,-0.0007834033,-0.00038307917,0.00013007337,False,True
-0.00045103193,-0.0004255796,6.618167e-05,0.00032116368,-0.0005552957,-0.00029586355,-0.0007467433,-0.00010441593,2.5452318e-05,True,True
-0.0004867589,-0.00041220302,3.456099e-05,0.00016771616,-0.00047994257,-0.00034446348,-0.0005799192,-0.00024448684,7.4555865e-05,False,True
-0.00029322924,-0.0004491497,3.8660583e-05,0.00018761048,-0.0005249244,-0.00037337496,-0.00063676015,-0.00026153921,0.00015592045,False,True
-0.00034686207,-0.0003097452,5.491195e-05,0.00026647447,-0.00041737262,-0.00020211778,-0.00057621964,-4.327073e-05,3.711687e-05,True,True
-0.00036902312,-0.00033853558,4.2214506e-05,0.00020485681,-0.00042127603,-0.00025579514,-0.0005433924,-0.00013367877,3.0487543e-05,True,True
-0.0002820631,-0.0003496547,3.008929e-05,0.00014601607,-0.0004086297,-0.0002906797,-0.00049567077,-0.00020363863,6.759161e-05,False,True
-0.00031130633,-0.00025278673,4.865766e-05,0.0002361239,-0.00034815574,-0.00015741771,-0.00048891065,-1.666283e-05,5.8519596e-05,True,True
-0.00025409544,-0.00025591024,3.4068322e-05,0.00016532536,-0.00032268415,-0.00018913634,-0.0004212356,-9.058489e-05,1.8147985e-06,True,True
-0.000119655444,-0.00020438002,3.7540376e-05,0.0001821744,-0.00027795916,-0.00013080088,-0.0003865544,-2.2205626e-05,8.4724576e-05,False,True
-0.00019441907,-6.1541316e-05,5.0374707e-05,0.0002444563,-0.00016027574,3.719311e-05,-0.00030599762,0.000182915,0.00013287776,False,True
-0.00017634068,-0.00013684845,4.5700956e-05,0.00022177571,-0.00022642233,-4.7274574e-05,-0.00035862415,8.492726e-05,3.9492224e-05,True,True
-0.00022858747,-0.0001437058,3.5681926e-05,0.00017315579,-0.00021364237,-7.376922e-05,-0.00031686158,2.9449991e-05,8.488167e-05,False,True
-0.00022543586,-0.00017748108,3.227828e-05,0.0001566387,-0.0002407465,-0.000114215654,-0.00033411977,-2.0842373e-05,4.7954774e-05,True,True
-6.64936e-05,-0.00018058451,3.5191362e-05,0.0001707752,-0.00024955958,-0.000111609435,-0.00035135972,-9.809315e-06,0.00011409091,False,True
-4.5506386e-05,-9.19267e-06,4.199448e-05,0.0002037891,-9.150185e-05,7.311651e-05,-0.00021298177,0.00019459642,3.6313715e-05,True,True
9.36568e-05,3.5082252e-07,3.4223653e-05,0.00016607913,-6.672754e-05,6.742919e-05,-0.00016572831,0.00016642995,9.330598e-05,False,True
0.00014970015,0.00014629519,5.306664e-05,0.0002575196,4.2284577e-05,0.0002503058,-0.000111224406,0.00040381477,3.404959e-06,True,True
0.00015633,0.00017805285,4.2116702e-05,0.0002043822,9.550412e-05,0.00026060158,-2.6329348e-05,0.00038243504,2.1722852e-05,True,True
0.00034878962,0.00016245364,4.8782204e-05,0.00023672827,6.684052e-05,0.00025806675,-7.4274634e-05,0.0003991819,0.00018633598,False,True
0.0004890694,0.00031596812,8.7331595e-05,0.00042379918,0.00014479819,0.00048713805,-0.00010783106,0.00073976733,0.00017310126,False,True
0.0006473767,0.00044342809,5.2287793e-05,0.00025374006,0.000340944,0.0005459122,0.00018968803,0.0006971682,0.00020394861,False,True
0.0005487689,0.0006070839,8.2563725e-05,0.00040066184,0.00044525898,0.0007689088,0.00020642206,0.0010077457,5.8314996e-05,True,True
0.0004093438,0.0005213099,6.362744e-05,0.00030876862,0.0003966001,0.0006460197,0.00021254129,0.0008300785,0.0001119661,True,True
0.00042594323,0.00038096777,3.9477687e-05,0.0001915757,0.0003035915,0.00045834403,0.00018939207,0.0005725435,4.497546e-05,True,True
0.00047020067,0.00038110703,4.923384e-05,0.00023891995,0.00028460872,0.00047760535,0.00014218708,0.00062002696,8.9093635e-05,True,True
0.00035988586,0.00043187934,5.0055747e-05,0.00024290847,0.00033377006,0.0005299886,0.00018897087,0.0006747878,7.1993476e-05,True,True
0.00043369387,0.0003401316,5.7774443e-05,0.00028036544,0.0002268937,0.00045336952,5.976617e-05,0.00062049704,9.356227e-05,True,True
0.0005370846,0.00036794468,3.7102887e-05,0.00018005137,0.00029522303,0.00044066634,0.00018789331,0.000547996,0.00016913991,False,True
0.0007289833,0.00046346354,5.1904015e-05,0.00025187767,0.00036173168,0.0005651954,0.00021158587,0.0007153412,0.00026551977,False,False
0.0005881511,0.0006869179,8.530977e-05,0.00041398776,0.00051971077,0.0008541251,0.00027293016,0.0011009057,9.876682e-05,True,True
0.0004212633,0.0005379353,8.222256e-05,0.00039900627,0.00037677906,0.0006990915,0.00013892903,0.0009369416,0.00011667199,True,True
0.00032681617,0.00035874904,5.4113618e-05,0.00026260034,0.00025268632,0.00046481175,9.6148695e-05,0.0006213494,3.193287e-05,True,True
0.0002629765,0.00027493376,4.3828884e-05,0.00021269101,0.00018902915,0.00036083837,6.224275e-05,0.00048762478,1.19572505e-05,True,True
0.00021581374,0.00021557578,3.4383043e-05,0.00016685262,0.00014818502,0.00028296653,4.872316e-05,0.0003824284,2.3795292e-07,True,True
0.0002207555,0.00015937051,3.616622e-05,0.00017550595,8.848472e-05,0.0002302563,-1.613544e-05,0.00033487647,6.1384984e-05,True,True
-0.000113561524,0.00015816157,3.0321395e-05,0.00014714242,9.873163e-05,0.0002175915,1.1019147e-05,0.00030530398,0.00027172308,False,False
-0.00032601273,-0.00014218566,0.000102211976,0.00049601006,-0.00034252112,5.8149817e-05,-0.0006381957,0.0003538244,0.00018382707,True,True
-0.0006022027,-0.00036302034,4.885438e-05,0.00023707854,-0.0004587749,-0.00026726577,-0.00060009887,-0.0001259418,0.00023918238,False,False
-0.00046807868,-0.0006282048,6.857076e-05,0.00033275734,-0.0007626035,-0.0004938061,-0.00096096215,-0.00029544745,0.0001601261,False,True
-0.0006582442,-0.00052414165,5.6059853e-05,0.00027204494,-0.000634019,-0.00041426433,-0.0007961866,-0.0002520967,0.00013410253,False,True
-0.00057825923,-0.0006728604,6.589888e-05,0.00031979138,-0.00080202223,-0.0005436986,-0.0009926518,-0.00035306904,9.4601186e-05,True,True
-0.00067520456,-0.00061646407,3.9747232e-05,0.00019288373,-0.0006943686,-0.0005385595,-0.0008093478,-0.00042358035,5.8740494e-05,True,True
-0.0007822197,-0.0006629673,5.5141078e-05,0.00026758635,-0.00077104376,-0.0005548908,-0.00093055365,-0.00039538092,0.00011925242,False,True
-0.0008707578,-0.00074732694,5.34165e-05,0.0002592174,-0.00085202325,-0.0006426306,-0.0010065443,-0.00048810954,0.00012343086,False,True
-0.0007124807,-0.0008116893,6.618401e-05,0.00032117503,-0.00094140996,-0.00068196864,-0.0011328643,-0.00049051427,9.920861e-05,True,True
-0.00057260867,-0.00067366584,5.2929783e-05,0.00025685548,-0.00077740825,-0.00056992343,-0.0009305213,-0.00041681036,0.00010105717,True,True
-0.00061703427,-0.0005216511,4.0671977e-05,0.0001973713,-0.0006013682,-0.00044193404,-0.0007190224,-0.00032427983,9.538315e-05,False,True
-0.0004340266,-0.0005385425,4.4331984e-05,0.00021513243,-0.0006254332,-0.0004516518,-0.00075367495,-0.0003234101,0.00010451593,False,True
-0.0005502276,-0.00038213737,5.8995367e-05,0.0002862903,-0.0004977683,-0.00026650645,-0.0006684277,-9.584706e-05,0.00016809022,False,True
-0.0005291715,-0.00048276744,4.990303e-05,0.00024216737,-0.00058057735,-0.0003849575,-0.0007249348,-0.00024060007,4.640405e-05,True,True
-0.00021218481,-0.0004430608,4.0187955e-05,0.00019502245,-0.0005218292,-0.0003642924,-0.00063808326,-0.00024803833,0.00023087599,False,False
-0.00020130615,-0.000137087,0.000105367726,0.00051132415,-0.00034360774,6.943375e-05,-0.00064841117,0.00037423713,6.4219144e-05,True,True
-5.7465095e-05,-7.39893e-05,4.2342373e-05,0.00020547734,-0.00015698036,9.001757e-06,-0.00027946662,0.00013148804,1.6524205e-05,True,True
-3.0572515e-05,3.8855003e-05,4.3934142e-05,0.0002132018,-4.725592e-05,0.00012496593,-0.00017434679,0.0002520568,6.942752e-05,True,True
5.3888187e-05,5.8470607e-05,4.1767995e-05,0.00020269,-2.3394663e-05,0.00014033588,-0.0001442194,0.0002611606,4.58242e-06,True,True
5.9223476e-05,0.00011329891,4.039865e-05,0.0001960449,3.4117562e-05,0.00019248026,-8.274599e-05,0.0003093438,5.4075437e-05,True,True
0.00010604468,0.00010054229,3.6077156e-05,0.00017507374,2.9831062e-05,0.00017125352,-7.4531454e-05,0.00027561604,5.502392e-06,True,True
0.00011589225,0.00013789862,3.5417783e-05,0.00017187397,6.847976e-05,0.00020731747,-3.3975346e-05,0.0003097726,2.2006367e-05,True,True
-5.3451695e-05,0.00011279011,3.951018e-05,0.00019173339,3.5350153e-05,0.00019023007,-7.8943274e-05,0.0003045235,0.0001662418,False,True
-0.00014854786,-4.973302e-05,5.779281e-05,0.00028045458,-0.00016300693,6.3540894e-05,-0.0003301876,0.00023072156,9.881484e-05,True,True
-5.9568632e-05,-0.00016263289,4.292435e-05,0.00020830151,-0.00024676463,-7.8501165e-05,-0.0003709344,4.5668625e-05,0.00010306426,False,True
-8.774286e-06,-0.000106121755,4.5191802e-05,0.00021930491,-0.0001946977,-1.7545819e-05,-0.00032542666,0.00011318316,9.734747e-05,False,True
0.00013226255,-3.13295e-05,3.8664697e-05,0.00018763044,-0.00010711231,4.445331e-05,-0.00021895995,0.00015630094,0.00016359205,False,True
0.00011437763,9.2610855e-05,6.0687045e-05,0.0002944996,-2.6335758e-05,0.00021155746,-0.00020188873,0.00038711046,2.1766777e-05,True,True
-5.742911e-05,8.522981e-05,3.8747276e-05,0.00018803119,9.285148e-06,0.00016117448,-0.00010280138,0.000273261,0.00014265892,False,True
-0.00014971901,-8.2494524e-05,4.8255886e-05,0.00023417418,-0.00017707606,1.2087017e-05,-0.0003166687,0.00015167965,6.7224486e-05,True,True
-6.867753e-05,-0.0001680052,3.7283786e-05,0.00018092923,-0.0002410814,-9.4928975e-05,-0.00034893444,1.2924036e-05,9.932766e-05,False,True
-2.1544722e-06,-9.882434e-05,3.8088994e-05,0.00018483671,-0.00017347877,-2.4169909e-05,-0.00028366107,8.601237e-05,9.666987e-05,False,True
0.0002010147,-1.5416226e-05,4.0592033e-05,0.00019698335,-9.497661e-05,6.414416e-05,-0.00021239958,0.00018156713,0.00021643093,False,False
0.0002240485,0.00016475901,7.181359e-05,0.00034849404,2.4004374e-05,0.00030551365,-0.00018373503,0.00051325304,5.9289494e-05,True,True
0.00031412434,0.00020260671,3.8741462e-05,0.00018800297,0.00012667343,0.00027853998,1.4603735e-05,0.00039060967,0.00011151763,False,True
0.0002974682,0.0002593355,5.2149884e-05,0.00025307082,0.00015712173,0.00036154926,6.264687e-06,0.00051240635,3.813271e-05,True,True
0.00018336994,0.00022887054,4.9056674e-05,0.00023806021,0.00013271946,0.00032502163,-9.189665e-06,0.00046693074,4.550061e-05,True,True
0.00038332143,0.00012263874,4.5556677e-05,0.00022107556,3.334765e-05,0.00021192983,-9.843682e-05,0.00034371432,0.0002606827,False,False
0.00012539652,0.00030364713,0.00010362981,0.0005028905,0.00010053269,0.0005067616,-0.00019924337,0.00080653763,0.00017825062,True,True
0.00021344099,0.00010702718,8.556175e-05,0.00041521052,-6.0673847e-05,0.00027472823,-0.00030818334,0.00052223774,0.000106413805,True,True
0.00023912273,0.00015529284,5.5252185e-05,0.00026812553,4.699856e-05,0.00026358714,-0.000112832684,0.00042341836,8.382989e-05,True,True
0.00025282404,0.00020377777,3.9388564e-05,0.0001911432,0.0001265762,0.00028097935,1.2634569e-05,0.000394921,4.904627e-05,True,True
6.431279e-05,0.00021059232,4.0571507e-05,0.00019688375,0.00013107216,0.00029011248,1.37085735e-05,0.00040747607,0.00014627952,False,True
2.0150612e-05,4.6934303e-05,6.4093074e-05,0.00031102824,-7.8688114e-05,0.00017255673,-0.00026409395,0.00035796253,2.6783691e-05,True,True
3.0039326e-05,-3.2147294e-05,3.9802566e-05,0.00019315226,-0.00011016033,4.5865734e-05,-0.00022529955,0.00016100497,6.218662e-05,True,True
-0.00010527384,3.716418e-07,3.3049866e-05,0.00016038303,-6.44061e-05,6.514938e-05,-0.00016001139,0.00016075467,0.00010564548,False,True
-0.0002672483,-0.00012069896,4.3710184e-05,0.00021211499,-0.00020637093,-3.5027e-05,-0.00033281394,9.141603e-05,0.00014654934,False,True
-0.00030850185,-0.00027879275,4.901926e-05,0.00023787866,-0.0003748705,-0.000182715,-0.0005166714,-4.0914092e-05,2.9709103e-05,True,True
-0.00030846195,-0.00033568803,3.739116e-05,0.00018145029,-0.0004089747,-0.00026240136,-0.00051713834,-0.00015423774,2.722608e-05,True,True
-0.0003169325,-0.0003479022,3.206309e-05,0.00015559445,-0.00041074585,-0.00028505857,-0.0005034967,-0.00019230777,3.0969706e-05,True,True
-0.00025248676,-0.00035418797,3.808922e-05,0.0001848378,-0.00042884285,-0.0002795331,-0.00053902576,-0.00016935017,0.00010170121,False,True
-0.00025136594,-0.000273519,4.622996e-05,0.00022434286,-0.00036412972,-0.00018290826,-0.0004978619,-4.917613e-05,2.215305e-05,True,True
-0.00022513686,-0.00024807677,3.5661273e-05,0.00017305555,-0.00031797285,-0.00017818068,-0.0004211323,-7.502122e-05,2.2939916e-05,True,True
-0.00037528877,-0.00022599338,3.1751744e-05,0.00015408357,-0.00028822682,-0.00016375996,-0.00038007693,-7.190982e-05,0.00014929539,False,True
-0.00021483186,-0.00031842478,6.1384715e-05,0.0002978852,-0.00043873882,-0.00019811073,-0.00061631,-2.0539563e-05,0.000103592916,True,True
-0.00012578274,-0.00022544379,7.434725e-05,0.00036078927,-0.0003711644,-7.972318e-05,-0.00058623304,0.00013534549,9.966105e-05,True,True
0.00018025201,-7.606237e-05,4.0152685e-05,0.0001948513,-0.00015476163,2.636887e-06,-0.00027091368,0.00011878892,0.00025631438,False,False
0.0003095685,0.00017998707,0.00011175739,0.00054233166,-3.9057428e-05,0.00039903156,-0.0003623446,0.0007223187,0.00012958144,True,True
0.00047598648,0.00036352078,6.050277e-05,0.00029360535,0.00024493533,0.00048210623,6.991543e-05,0.00065712613,0.0001124657,True,True
0.0006584847,0.0005032886,8.684293e-05,0.00042142777,0.00033307646,0.0006735007,8.186081e-05,0.00092471635,0.00015519612,True,True
0.00088236004,0.0006826099,9.3126146e-05,0.00045191872,0.0005000827,0.00086513715,0.00023069119,0.0011345287,0.00019975012,False,True
0.00092429854,0.0008733326,0.00010660066,0.0005173073,0.0006643953,0.0010822699,0.0003560253,0.0013906399,5.096593e-05,True,True
0.0009760207,0.00090699404,8.303547e-05,0.00040295112,0.00074424455,0.0010697435,0.00050404295,0.0013099451,6.902666e-05,True,True
0.0008322269,0.0009553586,8.812936e-05,0.00042767054,0.00078262505,0.0011280922,0.00052768807,0.0013830292,0.00012313173,True,True
0.0006707321,0.0007962992,7.25285e-05,0.00035196333,0.00065414334,0.00093845505,0.00044433586,0.0011482625,0.00012556708,True,True
0.0006601008,0.0006151196,7.826014e-05,0.0003797776,0.0004617297,0.00076850946,0.00023534198,0.0009948972,4.4981192e-05,True,True
0.0006878555,0.0005938788,6.7243425e-05,0.00032631613,0.0004620817,0.0007256759,0.00026756266,0.0009201949,9.3976734e-05,True,True
0.000715982,0.0006014963,6.3502295e-05,0.00030816134,0.0004770318,0.0007259608,0.00029333498,0.0009096577,0.00011448568,True,True
0.0007828244,0.0006562601,6.477944e-05,0.000314359,0.0005292924,0.00078322785,0.00034190112,0.00097061915,0.0001265643,True,True
0.00076647877,0.0006935577,6.891672e-05,0.00033443622,0.00055848097,0.0008286345,0.0003591215,0.001027994,7.2921044e-05,True,True
0.00073469005,0.00068038923,6.503755e-05,0.00031561154,0.0005529156,0.00080786285,0.0003647777,0.0009960008,5.430082e-05,True,True
0.00047819354,0.0006543188,5.445876e-05,0.00026427524,0.0005475796,0.00076105795,0.00039004354,0.000918594,0.00017612524,False,True
0.0003810823,0.00042324216,7.8627556e-05,0.00038156056,0.00026913214,0.0005773522,4.1681604e-05,0.00080480275,4.2159867e-05,True,True
0.00034347747,0.00029378032,4.6090907e-05,0.00022366806,0.00020344215,0.0003841185,7.011226e-05,0.0005174484,4.9697148e-05,True,True
0.00032153752,0.00026667293,3.5763103e-05,0.00017354972,0.00019657725,0.0003367686,9.3123206e-05,0.00044022265,5.486459e-05,True,True
0.00028900156,0.0002554285,3.3234475e-05,0.00016127889,0.0001902889,0.00032056807,9.41496e-05,0.00041670736,3.3573073e-05,True,True
4.687565e-05,0.00023358369,3.8061895e-05,0.0001847052,0.00015898238,0.000308185,4.8878486e-05,0.0004182889,0.00018670804,False,False
4.2477535e-05,7.519604e-06,7.651046e-05,0.00037128682,-0.00014244091,0.00015748011,-0.0003637672,0.00037880644,3.495793e-05,True,True
-3.712172e-05,-2.7262708e-05,4.2422853e-05,0.00020586788,-0.0001104115,5.5886085e-05,-0.00023313059,0.00017860517,9.8590135e-06,True,True
0.00011690713,-8.676321e-05,3.8582068e-05,0.00018722947,-0.00016238407,-1.1142358e-05,-0.0002739927,0.000100466255,0.00020367035,False,False
8.522672e-05,6.259975e-05,5.7506044e-05,0.00027906295,-5.0112096e-05,0.0001753116,-0.0002164632,0.0003416627,2.262697e-05,True,True
0.00010677357,3.836448e-05,3.7048078e-05,0.00017978539,-3.424975e-05,0.00011097871,-0.00014142091,0.00021814987,6.840909e-05,True,True
0.00010064126,5.911212e-05,3.6069567e-05,0.00017503691,-1.1584234e-05,0.00012980847,-0.00011592479,0.00023414903,4.1529136e-05,True,True
-2.7456193e-05,5.803828e-05,3.4227283e-05,0.00016609675,-9.047199e-06,0.00012512376,-0.00010805848,0.00022413503,8.5494474e-05,False,True
-6.021293e-05,-6.0168397e-05,4.6106245e-05,0.00022374249,-0.00015053664,3.019984e-05,-0.0002839109,0.00016357409,4.45325e-08,True,True
-0.00013377944,-0.00011874124,3.139681e-05,0.00015236114,-0.00018027899,-5.72035e-05,-0.00027110238,3.36199e-05,1.5038197e-05,True,True
-9.973538e-06,-0.00018150345,3.7246144e-05,0.00018074656,-0.0002545059,-0.00010850101,-0.00036225002,-7.5688877e-07,0.00017152991,False,True
-0.0002671804,-6.0308976e-05,4.9048667e-05,0.00023802136,-0.00015644437,3.582641e-05,-0.00029833033,0.00017771238,0.00020687144,False,True
