target,prediction,uncertainty_std,lower_95,upper_95,absolute_error,inside_95_interval
0.00019542611,0.00024670697,3.9223847e-05,0.00016982823,0.0003235857,5.1280862e-05,True
6.463287e-06,0.00017778478,4.42508e-05,9.105321e-05,0.00026451633,0.00017132149,False
-5.832371e-05,-1.0753621e-06,5.4022777e-05,-0.00010696001,0.00010480928,5.7248348e-05,True
-8.318149e-05,-8.779382e-05,3.3815115e-05,-0.00015407146,-2.1516193e-05,4.6123314e-06,True
-0.00023309086,-0.00013171001,3.1959124e-05,-0.0001943499,-6.907013e-05,0.00010138085,False
-0.00010380655,-0.0002699937,3.8859805e-05,-0.00034615892,-0.00019382848,0.00016618715,False
-6.778239e-05,-0.00015171306,4.3953343e-05,-0.00023786162,-6.5564505e-05,8.393067e-05,True
-7.703975e-05,-0.00010981059,4.4841046e-05,-0.00019769905,-2.192214e-05,3.277084e-05,True
-0.00029584297,-0.0001324581,2.9881883e-05,-0.00019102659,-7.3889605e-05,0.00016338487,False
-0.00023016101,-0.00034113319,5.2586845e-05,-0.0004442034,-0.00023806296,0.00011097218,False
-0.00036120726,-0.00031184714,4.693215e-05,-0.00040383416,-0.00021986011,4.9360126e-05,True
-0.00042216247,-0.0004083212,4.255054e-05,-0.0004917203,-0.00032492215,1.3841258e-05,True
-0.00040132328,-0.00046228842,3.6678906e-05,-0.0005341791,-0.00039039776,6.0965132e-05,True
-0.00030163483,-0.0004231548,3.5326615e-05,-0.00049239496,-0.00035391463,0.00012151996,False
-0.0004397269,-0.00033199915,4.207597e-05,-0.00041446806,-0.00024953025,0.00010772774,False
-0.00042816522,-0.00046122656,5.369102e-05,-0.00056646095,-0.00035599218,3.306134e-05,True
-0.00062842894,-0.0004510008,4.0718118e-05,-0.0005308083,-0.00037119328,0.00017742816,False
-0.000682317,-0.0006241351,6.423264e-05,-0.0007500311,-0.00049823907,5.8181933e-05,True
-0.00079354615,-0.00068809435,5.8356847e-05,-0.00080247375,-0.00057371496,0.00010545179,True
-0.00075824844,-0.0007777331,6.100056e-05,-0.0008972942,-0.000658172,1.9484665e-05,True
-0.0008462044,-0.00075114623,5.0826715e-05,-0.0008507666,-0.00065152586,9.5058174e-05,True
-0.0006707463,-0.0007952737,5.3163007e-05,-0.0008994732,-0.0006910742,0.00012452737,False
-0.00061484735,-0.00063688355,7.354824e-05,-0.0007810381,-0.000492729,2.2036198e-05,True
-0.0005615872,-0.0005849041,4.6896024e-05,-0.0006768203,-0.0004929879,2.3316883e-05,True
-0.00044570368,-0.00053739443,4.531031e-05,-0.0006262026,-0.00044858622,9.1690745e-05,False
-0.0003814624,-0.000435782,4.5667235e-05,-0.0005252898,-0.00034627423,5.4319622e-05,True
-0.00048869365,-0.0003770035,4.090281e-05,-0.00045717304,-0.00029683398,0.00011169014,False
-0.0004927713,-0.0004708683,4.4327702e-05,-0.0005577506,-0.00038398601,2.190296e-05,True
-0.00066688727,-0.00046641298,4.3631426e-05,-0.00055193057,-0.0003808954,0.00020047429,False
-0.0007230944,-0.00059395964,6.590772e-05,-0.0007231388,-0.00046478052,0.00012913474,True
-0.00059425214,-0.0006550156,4.0294868e-05,-0.00073399354,-0.0005760376,6.0763443e-05,True
-0.0006405124,-0.00057577447,4.4591783e-05,-0.0006631744,-0.00048837456,6.473792e-05,True
-0.0005588326,-0.0005980868,4.572783e-05,-0.0006877133,-0.0005084603,3.92542e-05,True
-0.0005065209,-0.000525713,5.6246925e-05,-0.000635957,-0.00041546905,1.9192114e-05,True
-0.0005520494,-0.0004659827,4.016962e-05,-0.00054471515,-0.00038725027,8.606666e-05,False
-0.00021896148,-0.00048700284,4.0616713e-05,-0.0005666116,-0.00040739408,0.00026804136,False
-0.00020311163,-0.0001989791,0.00010014992,-0.00039527295,-2.685265e-06,4.1325256e-06,True
-0.00023714056,-0.00015018269,2.8657945e-05,-0.00020635227,-9.4013114e-05,8.6957865e-05,False
0.0001076145,-0.00018363033,3.2589727e-05,-0.0002475062,-0.00011975446,0.00029124483,False
0.00019014873,8.907188e-05,9.479734e-05,-9.67309e-05,0.00027487468,0.00010107685,True
0.00020285105,0.00020755501,5.3102704e-05,0.000103473714,0.0003116363,4.703965e-06,True
0.00027216307,0.00021097326,3.6441263e-05,0.00013954839,0.00028239813,6.1189814e-05,True
0.00035681255,0.00027244588,4.5432786e-05,0.00018339761,0.00036149414,8.436668e-05,True
0.0002678728,0.00034349746,5.813389e-05,0.00022955504,0.0004574399,7.562467e-05,True
0.00016197619,0.00024230684,5.8097743e-05,0.00012843526,0.0003561784,8.033065e-05,True
0.00011002218,0.00015352276,4.2526415e-05,7.017099e-05,0.00023687453,4.3500586e-05,True
0.00025277375,0.000104364604,3.363898e-05,3.8432205e-05,0.000170297,0.00014840915,False
0.00039674164,0.00021162402,5.3635882e-05,0.00010649769,0.00031675035,0.00018511762,False
0.00037372884,0.00036764648,5.2026862e-05,0.00026567382,0.00046961915,6.0823513e-06,True
0.00039470717,0.0003341398,4.642269e-05,0.00024315133,0.00042512827,6.056737e-05,True
0.00027108451,0.0003504218,4.4448647e-05,0.00026330244,0.00043754114,7.9337275e-05,True
0.00032141575,0.00023692168,4.802163e-05,0.00014279928,0.00033104408,8.4494066e-05,True
0.00022903478,0.000268526,4.6347755e-05,0.00017768439,0.0003593676,3.949122e-05,True
0.00020789997,0.00020006226,3.3781456e-05,0.00013385061,0.0002662739,7.837705e-06,True
0.000118748285,0.00018237505,3.315995e-05,0.00011738155,0.00024736856,6.3626765e-05,True
0.00029105032,0.00010141322,3.7884933e-05,2.7158749e-05,0.0001756677,0.0001896371,False
0.00019350223,0.0002568894,6.720567e-05,0.00012516629,0.00038861253,6.338718e-05,True
3.2988468e-05,0.00017437039,4.766318e-05,8.095056e-05,0.00026779022,0.00014138193,False
0.00011825808,4.6838413e-05,4.9434006e-05,-5.005224e-05,0.00014372906,7.1419665e-05,True
0.00015338743,0.00013048644,5.8892594e-05,1.5056954e-05,0.00024591593,2.290099e-05,True
0.0003507053,0.00018282156,3.0014864e-05,0.00012399243,0.00024165069,0.00016788373,False
0.00039061776,0.00036513657,7.356089e-05,0.00022095721,0.0005093159,2.548119e-05,True
0.00034643922,0.0004080484,4.922311e-05,0.00031157112,0.00050452567,6.160917e-05,True
0.00039044133,0.00035105753,5.0275863e-05,0.00025251682,0.00044959824,3.9383798e-05,True
0.00036528628,0.00038061268,6.0787035e-05,0.0002614701,0.00049975526,1.5326397e-05,True
0.0004003615,0.00037108778,4.331126e-05,0.0002861977,0.00045597786,2.927371e-05,True
0.00044712125,0.00039622103,5.0587565e-05,0.0002970694,0.0004953727,5.0900213e-05,True
0.0007022872,0.00042678072,5.4555596e-05,0.00031985174,0.0005337097,0.00027550646,False
0.0006738749,0.00064763875,9.796955e-05,0.00045561843,0.0008396591,2.6236172e-05,True
0.0006259101,0.00061782164,6.149099e-05,0.0004972993,0.000738344,8.088478e-06,True
0.0007503867,0.000562194,4.5708985e-05,0.00047260436,0.0006517836,0.0001881927,False
0.00071403646,0.00066117273,8.167963e-05,0.00050108065,0.0008212648,5.2863732e-05,True
0.00062664883,0.00063610764,5.7226287e-05,0.0005239441,0.0007482712,9.458803e-06,True
0.0006606651,0.000537649,6.285393e-05,0.00041445525,0.0006608427,0.00012301613,True
0.00064696325,0.0005757868,5.4928594e-05,0.00046812676,0.0006834469,7.1176444e-05,True
0.0005399837,0.00056688895,6.640388e-05,0.00043673732,0.0006970406,2.6905269e-05,True
0.00039036304,0.00046140366,5.601304e-05,0.0003516181,0.0005711892,7.104062e-05,True
0.00027055657,0.000297683,4.3127213e-05,0.00021315366,0.00038221234,2.7126429e-05,True
0.00015014227,0.00018412685,3.7536247e-05,0.00011055581,0.0002576979,3.3984586e-05,True
-6.0959705e-05,8.38203e-05,3.7997834e-05,9.3445415e-06,0.00015829605,0.00014478,False
-0.00030075255,-9.9627665e-05,4.9549664e-05,-0.00019674501,-2.5103218e-06,0.00020112489,False
-0.00052160595,-0.00031763577,6.363109e-05,-0.0004423527,-0.00019291884,0.00020397018,False
-0.0006413821,-0.00051893515,6.859607e-05,-0.00065338344,-0.00038448686,0.00012244697,True
-0.0006100047,-0.0006118432,5.0508464e-05,-0.00071083975,-0.00051284663,1.838489e-06,True
-0.0006500056,-0.0005751144,5.12361e-05,-0.00067553716,-0.00047469162,7.48912e-05,True
-0.00064205466,-0.00056836894,4.3401564e-05,-0.000653436,-0.00048330188,7.368572e-05,True
-0.0004618807,-0.0005382559,4.440519e-05,-0.0006252901,-0.0004512217,7.63752e-05,True
-0.00042981823,-0.00035361716,6.524706e-05,-0.0004815014,-0.00022573292,7.6201075e-05,True
-0.00018564916,-0.00029765294,3.1863612e-05,-0.00036010562,-0.00023520025,0.00011200378,False
-5.1827133e-06,-6.3897314e-05,7.111294e-05,-0.00020327867,7.5484044e-05,5.8714602e-05,True
0.00020419469,0.00012250099,5.8511814e-05,7.817835e-06,0.00023718414,8.1693695e-05,True
0.00039587202,0.00032361635,6.934599e-05,0.00018769821,0.00045953447,7.225567e-05,True
0.0006258053,0.00052232516,6.433895e-05,0.00039622083,0.0006484295,0.000103480124,True
0.0005582168,0.00073344016,9.241225e-05,0.0005523121,0.0009145682,0.00017522334,True
0.0007606022,0.00067319244,7.616146e-05,0.000523916,0.0008224689,8.7409746e-05,True
0.000796834,0.0008130007,0.000109780485,0.000597831,0.0010281705,1.6166712e-05,True
0.00065375975,0.0008765807,6.886274e-05,0.0007416097,0.0010115517,0.00022282096,False
0.00076996116,0.00070868566,8.4117906e-05,0.00054381456,0.00087355677,6.1275496e-05,True
0.0007408227,0.0007798877,9.185412e-05,0.00059985364,0.0009599218,3.9065024e-05,True
0.00081932405,0.0007537786,7.462459e-05,0.0006075144,0.0009000428,6.5545435e-05,True
0.00084810046,0.0008209644,7.193289e-05,0.00067997596,0.00096195284,2.7136062e-05,True
0.0010519356,0.0008438065,7.2480485e-05,0.00070174475,0.0009858683,0.00020812912,False
0.00090963516,0.0009975272,9.151496e-05,0.0008181578,0.0011768965,8.7892e-05,True
0.0011144647,0.0008682553,9.718645e-05,0.0006777698,0.0010587408,0.00024620944,False
0.0011448298,0.0010095343,0.00010581425,0.0008021384,0.0012169303,0.00013529544,True
0.0009805114,0.0010544743,9.341097e-05,0.00087138877,0.0012375598,7.3962845e-05,True
0.0010201074,0.00090148806,0.00010510283,0.0006954865,0.0011074896,0.000118619355,True
0.0010347142,0.0009147703,8.085006e-05,0.0007563042,0.0010732365,0.00011994387,True
0.0008027054,0.0009254168,7.418967e-05,0.00078000507,0.0010708286,0.00012271141,True
0.0005980058,0.00072375016,7.1954666e-05,0.000582719,0.0008647813,0.00012574438,True
0.0005876697,0.00051994476,7.6422635e-05,0.0003701564,0.00066973316,6.772496e-05,True
0.00043136367,0.0005114504,5.51962e-05,0.00040326585,0.000619635,8.008673e-05,True
0.000320697,0.0003732066,5.7849466e-05,0.00025982165,0.00048659154,5.2509597e-05,True
0.00032325165,0.0002636776,4.5667985e-05,0.00017416834,0.00035318686,5.9574057e-05,True
0.00019086707,0.00029784723,4.7661004e-05,0.00020443166,0.00039126282,0.000106980166,False
0.00017769326,0.00018924224,4.0409344e-05,0.00011003993,0.00026844456,1.1548982e-05,True
0.00022723063,0.00018632041,4.1347455e-05,0.000105279396,0.0002673614,4.091022e-05,True
0.00014629483,0.00022770629,3.7416325e-05,0.0001543703,0.00030104228,8.141146e-05,False
0.00028503887,0.00016746225,3.361528e-05,0.0001015763,0.0002333482,0.00011757662,False
0.000317028,0.0002997038,5.9100807e-05,0.00018386621,0.00041554138,1.73242e-05,True
0.00036312887,0.00033697885,4.6761437e-05,0.00024532643,0.00042863126,2.6150024e-05,True
0.00052827894,0.00037264836,4.3709726e-05,0.0002869773,0.0004583194,0.00015563058,False
0.0005280382,0.00051633205,8.640247e-05,0.0003469832,0.0006856809,1.1706143e-05,True
0.00053230004,0.0005268715,5.1570267e-05,0.00042579375,0.0006279492,5.428563e-06,True
0.0005414226,0.00050454476,5.2636733e-05,0.00040137675,0.0006077128,3.6877813e-05,True
0.0005542471,0.0004997996,5.7533816e-05,0.00038703333,0.0006125659,5.4447504e-05,True
0.00026712948,0.00051233044,6.625733e-05,0.00038246607,0.0006421948,0.00024520096,False
0.00013853847,0.00024290921,8.399919e-05,7.8270794e-05,0.00040754763,0.000104370745,True
5.5404933e-05,0.000107336455,4.012559e-05,2.8690301e-05,0.00018598262,5.193152e-05,True
0.000116155235,4.1994695e-05,3.3891036e-05,-2.4431734e-05,0.000108421125,7.416054e-05,False
0.00024227845,0.00011221745,4.0627117e-05,3.25883e-05,0.0001918466,0.000130061,False
0.00039999108,0.0002626703,6.361911e-05,0.00013797685,0.00038736378,0.00013732078,False
0.0003193345,0.00041315015,6.4657994e-05,0.00028642046,0.00053987984,9.3815645e-05,True
0.00038741404,0.00033459644,5.637818e-05,0.0002240952,0.00044509768,5.2817602e-05,True
0.00023928392,0.00040880582,6.353998e-05,0.00028426747,0.00053334417,0.0001695219,False
0.00048245434,0.000273029,5.895175e-05,0.00015748356,0.00038857444,0.00020942534,False
0.000507482,0.00051565917,0.00010859362,0.0003028157,0.00072850264,8.177187e-06,True
0.00058578857,0.000579361,6.308699e-05,0.00045571048,0.0007030115,6.427581e-06,True
0.0007790312,0.00065603835,7.6994154e-05,0.0005051298,0.0008069469,0.00012299285,True
0.0008149944,0.0008281245,7.960074e-05,0.0006721071,0.000984142,1.3130135e-05,True
0.00087750907,0.0008465105,7.851105e-05,0.00069262885,0.0010003923,3.0998548e-05,True
0.00087686005,0.00087426684,7.145232e-05,0.00073422026,0.0010143134,2.5932095e-06,True
0.0009952128,0.00087497017,6.640709e-05,0.00074481225,0.001005128,0.00012024265,True
0.0010765134,0.0009768881,8.0822494e-05,0.000818476,0.0011353001,9.962532e-05,True
0.00094278035,0.0010288522,8.002776e-05,0.0008719978,0.0011857066,8.607184e-05,True
0.00089150213,0.0008706665,7.211016e-05,0.0007293306,0.0010120025,2.0835607e-05,True
0.00080125587,0.0008110462,6.73387e-05,0.0006790624,0.00094303006,9.790354e-06,True
0.00080845004,0.00072766864,6.08495e-05,0.0006084036,0.0008469337,8.078141e-05,True
0.0008583565,0.00071248447,4.9520542e-05,0.0006154242,0.00080954476,0.000145872,False
0.00073105365,0.00075416046,5.637017e-05,0.0006436749,0.000864646,2.3106812e-05,True
0.00045424007,0.00062926905,5.378173e-05,0.00052385684,0.00073468126,0.00017502898,False
0.0002726974,0.0003776342,8.4315994e-05,0.00021237484,0.00054289354,0.0001049368,True
0.00017711024,0.00018525291,4.574985e-05,9.55832e-05,0.0002749226,8.14267e-06,True
0.0001734092,0.00012044083,4.2359443e-05,3.741632e-05,0.00020346534,5.296836e-05,True
0.00017816585,0.0001326523,2.5806208e-05,8.207213e-05,0.00018323248,4.5513545e-05,True
0.0001073576,0.00012618247,3.5291014e-05,5.7012076e-05,0.00019535286,1.8824867e-05,True
0.00011328159,4.752198e-05,3.5617944e-05,-2.228919e-05,0.00011733315,6.575961e-05,True
0.00010230526,5.742541e-05,3.14755e-05,-4.2665743e-06,0.000119117394,4.487985e-05,True
8.636888e-05,4.1765637e-05,2.8156526e-05,-1.3421155e-05,9.6952426e-05,4.460324e-05,True
-2.0686755e-06,3.5564935e-05,2.8170478e-05,-1.9649204e-05,9.0779075e-05,3.763361e-05,True
-7.7251985e-05,-2.6715123e-05,3.4986937e-05,-9.528952e-05,4.185927e-05,5.0536863e-05,True
-0.00024609576,-0.000105541905,3.494225e-05,-0.00017402871,-3.705509e-05,0.00014055386,False
-0.0001507843,-0.00025332236,4.642032e-05,-0.00034430617,-0.00016233853,0.00010253806,False
-7.337859e-05,-0.0001639357,4.2320797e-05,-0.00024688448,-8.0986945e-05,9.0557114e-05,False
0.00012636065,-6.506173e-05,3.5251174e-05,-0.00013415403,4.030575e-06,0.00019142238,False
7.213522e-05,0.00015095656,6.416571e-05,2.5191766e-05,0.00027672137,7.8821344e-05,True
5.2432377e-05,9.6195356e-05,3.82384e-05,2.1248095e-05,0.00017114262,4.376298e-05,True
7.2387134e-06,4.634003e-05,3.192732e-05,-1.6237522e-05,0.00010891758,3.9101316e-05,True
0.0001523709,6.9763496e-06,2.8100205e-05,-4.8100053e-05,6.205275e-05,0.00014539456,False
0.00011684089,0.00015064594,6.0549373e-05,3.196916e-05,0.0002693227,3.3805045e-05,True
0.00026057838,0.00011659732,3.51866e-05,4.7631584e-05,0.00018556305,0.00014398106,False
0.00032948598,0.00024569326,5.4807555e-05,0.00013827044,0.00035311608,8.379272e-05,True
0.00042553074,0.00031428284,4.5883462e-05,0.00022435124,0.00040421443,0.00011124791,False
0.00062707,0.000400809,4.8329723e-05,0.00030608271,0.00049553526,0.00022626104,False
0.00046816433,0.00058931764,9.418861e-05,0.00040470797,0.0007739273,0.00012115331,True
0.0004276319,0.0004173745,8.491808e-05,0.0002509351,0.00058381393,1.0257383e-05,True
0.00039558174,0.00035874985,4.4703324e-05,0.00027113134,0.00044636836,3.6831887e-05,True
0.00045167553,0.0003480228,3.6012985e-05,0.00027743733,0.00041860825,0.00010365274,False
0.00029299312,0.00037271462,4.7630332e-05,0.00027935917,0.00046607008,7.97215e-05,True
0.00022988398,0.00025584313,4.568001e-05,0.0001663103,0.00034537597,2.5959147e-05,True
9.187272e-05,0.00016963841,3.0646443e-05,0.00010957138,0.00022970545,7.77657e-05,False
-9.820569e-05,5.2536936e-05,4.503275e-05,-3.5727255e-05,0.00014080113,0.00015074262,False
-0.0002537676,-0.00013739798,4.8960355e-05,-0.00023336028,-4.1435676e-05,0.000116369614,False
-0.00024198064,-0.00026555106,4.1868072e-05,-0.00034761248,-0.00018348964,2.3570421e-05,True
-0.00030451565,-0.0002881242,3.0019268e-05,-0.00034696196,-0.00022928644,1.6391452e-05,True
-0.0005065802,-0.0003367162,3.5679663e-05,-0.00040664835,-0.00026678407,0.00016986401,False
-0.00055493246,-0.00050399604,6.382965e-05,-0.0006291022,-0.0003788899,5.0936418e-05,True
-0.0007411784,-0.00055155833,3.9830113e-05,-0.00062962534,-0.00047349132,0.00018962007,False
-0.0008266481,-0.00067945116,7.247277e-05,-0.0008214978,-0.0005374045,0.00014719693,False
-0.0007373072,-0.00075521035,5.0638184e-05,-0.0008544612,-0.0006559595,1.7903163e-05,True
-0.0008345858,-0.0006541603,4.5180976e-05,-0.00074271497,-0.0005656056,0.00018042553,False
-0.0008570805,-0.00071201613,5.8148624e-05,-0.00082598743,-0.00059804483,0.00014506438,False
-0.00082611985,-0.0007516292,5.521605e-05,-0.00085985265,-0.0006434057,7.449067e-05,True
-0.00076295837,-0.00073004933,4.0599087e-05,-0.0008096235,-0.00065047515,3.290904e-05,True
-0.0006298251,-0.00063719286,5.0890612e-05,-0.00073693844,-0.0005374473,7.367751e-06,True
-0.00063617324,-0.0005113322,3.78448e-05,-0.000585508,-0.00043715638,0.00012484106,False
-0.0005427198,-0.0005163062,4.373211e-05,-0.0006020211,-0.00043059126,2.6413589e-05,True
-0.00047728827,-0.00044666886,3.4656216e-05,-0.00051459507,-0.00037874267,3.0619412e-05,True
-0.0005488013,-0.00038423072,3.922115e-05,-0.00046110418,-0.00030735726,0.0001645706,False
-0.0005081668,-0.000455443,3.2194268e-05,-0.00051854376,-0.00039234222,5.27238e-05,True
-0.00040645368,-0.0004311529,3.9532497e-05,-0.0005086366,-0.00035366922,2.4699228e-05,True
-0.00032382805,-0.00031402995,3.5556885e-05,-0.00038372143,-0.00024433847,9.798096e-06,True
-0.00029631684,-0.00024902445,3.124727e-05,-0.0003102691,-0.0001877798,4.7292386e-05,True
-0.00030467936,-0.00022090605,3.6013265e-05,-0.00029149203,-0.00015032005,8.377331e-05,False
-0.00041494027,-0.00024545868,3.056269e-05,-0.00030536155,-0.00018555581,0.00016948159,False
-0.00039593747,-0.00034114515,5.0418483e-05,-0.00043996537,-0.00024232492,5.4792326e-05,True
-0.00022344224,-0.00032265886,3.283851e-05,-0.00038702233,-0.0002582954,9.921662e-05,False
-0.000242453,-0.0001500112,4.6065565e-05,-0.0002402997,-5.972269e-05,9.24418e-05,False
2.2225227e-05,-0.00016257774,3.2918928e-05,-0.00022709883,-9.805664e-05,0.00018480296,False
0.00016114391,8.350727e-05,8.480937e-05,-8.2719096e-05,0.00024973362,7.7636636e-05,True
4.783734e-06,0.00026196125,6.427498e-05,0.00013598229,0.0003879402,0.0002571775,False
0.00033967567,0.000118288954,6.515506e-05,-9.414958e-06,0.00024599285,0.00022138671,False
0.00046690064,0.00037118568,0.00013306523,0.00011037782,0.0006319935,9.571496e-05,True
0.00043394024,0.00053097145,7.1881e-05,0.0003900847,0.0006718582,9.703121e-05,True
0.00048749076,0.00049269595,5.2114894e-05,0.00039055076,0.00059484114,5.205191e-06,True
0.00045293637,0.0005048696,5.891242e-05,0.00038940128,0.00062033796,5.1933253e-05,True
0.00045616462,0.00048775386,4.932975e-05,0.00039106756,0.0005844402,3.158924e-05,True
0.00050388713,0.00047467556,4.0754083e-05,0.00039479756,0.0005545536,2.9211573e-05,True
0.0003367239,0.00048811856,5.287195e-05,0.00038448954,0.0005917476,0.00015139466,False
0.0003490158,0.0003401025,6.2925865e-05,0.0002167678,0.0004634372,8.91331e-06,True
0.0003629055,0.00029384857,3.750676e-05,0.00022033532,0.00036736182,6.905693e-05,True
0.00025090663,0.0003274983,4.218777e-05,0.00024481028,0.00041018633,7.659168e-05,True
0.00034513822,0.00020988559,4.507551e-05,0.00012153759,0.0002982336,0.00013525263,False
0.00036585543,0.00028443377,5.5291508e-05,0.00017606241,0.00039280514,8.142166e-05,True
0.00033042277,0.00031290593,3.7521466e-05,0.00023936386,0.000386448,1.7516839e-05,True
0.00022907293,0.00030660682,4.017289e-05,0.00022786795,0.0003853457,7.7533885e-05,True
0.00018256913,0.00019791322,4.547744e-05,0.000108777436,0.000287049,1.5344092e-05,True
0.00018654088,0.000153534,4.1402694e-05,7.238472e-05,0.00023468328,3.3006887e-05,True
0.0002006575,0.00017436614,2.7235577e-05,0.000120984405,0.00022774788,2.6291353e-05,True
0.0002664001,0.00019050385,3.707669e-05,0.00011783354,0.00026317418,7.5896256e-05,False
0.0001611116,0.00024498033,3.8441685e-05,0.00016963462,0.00032032604,8.386873e-05,False
0.00015178345,0.00017000729,4.231616e-05,8.7067616e-05,0.00025294698,1.8223844e-05,True
0.0003731876,0.00014035782,3.8295508e-05,6.529863e-05,0.000215417,0.00023282977,False
0.0003676886,0.00037556182,8.68969e-05,0.0002052439,0.00054587977,7.873226e-06,True
0.00039571733,0.00037143144,5.0543505e-05,0.00027236616,0.0004704967,2.4285895e-05,True
0.00038701663,0.00040299335,4.9933224e-05,0.00030512424,0.0005008625,1.5976722e-05,True
0.00037375043,0.00037614306,3.8584607e-05,0.00030051722,0.0004517689,2.392626e-06,True
0.0004434699,0.00035691864,3.858704e-05,0.00028128803,0.00043254925,8.655127e-05,False
0.00039911087,0.00042423923,4.547771e-05,0.0003351029,0.00051337556,2.5128364e-05,True
0.00029976244,0.00037472654,3.89931e-05,0.00029830006,0.00045115303,7.4964104e-05,True
0.0003726524,0.00025374946,4.063795e-05,0.00017409907,0.00033339986,0.00011890294,False
0.00022453739,0.00031554795,5.0019713e-05,0.00021750931,0.0004135866,9.101056e-05,True
0.00010820427,0.00018259457,5.078229e-05,8.306127e-05,0.00028212788,7.439029e-05,True
-3.4026598e-05,4.3174703e-05,3.5234385e-05,-2.5884692e-05,0.0001122341,7.72013e-05,False
-0.00015683069,-7.846575e-05,5.0416358e-05,-0.00017728182,2.0350308e-05,7.836494e-05,True
-0.00016281646,-0.0002088995,3.3456363e-05,-0.00027447398,-0.00014332501,4.6083034e-05,True
-0.00016754807,-0.00022435647,3.1902266e-05,-0.0002868849,-0.00016182802,5.6808392e-05,True
-0.00012772589,-0.00020578563,3.2357057e-05,-0.00026920545,-0.00014236581,7.805975e-05,False
-6.596423e-05,-0.00016135321,3.1983524e-05,-0.00022404091,-9.86655e-05,9.5388976e-05,False
3.225157e-05,-0.000111010835,3.7318558e-05,-0.00018415521,-3.7866463e-05,0.00014326241,False
-3.4093013e-05,-7.4633963e-06,4.2250456e-05,-9.027429e-05,7.53475e-05,2.6629616e-05,True
-4.261111e-05,-5.9975548e-05,3.767213e-05,-0.00013381292,1.3861823e-05,1.7364437e-05,True
-5.9352555e-05,-6.7288376e-05,3.0678304e-05,-0.00012741785,-7.1588984e-06,7.9358215e-06,True
-5.8048285e-05,-7.850091e-05,2.5171226e-05,-0.00012783651,-2.9165305e-05,2.0452626e-05,True
-0.00017839891,-6.9300026e-05,3.7998725e-05,-0.00014377752,5.177477e-06,0.00010909889,False
-8.332978e-05,-0.00018678728,3.8616563e-05,-0.00026247575,-0.000111098816,0.000103457496,False
-2.9220684e-05,-9.4080606e-05,4.7127778e-05,-0.00018645106,-1.7101556e-06,6.485992e-05,True
-0.00015483279,-2.8940902e-05,3.3133223e-05,-9.3882016e-05,3.6000216e-05,0.00012589188,False
-0.00010588092,-0.00011966793,4.75263e-05,-0.00021281949,-2.6516376e-05,1.3787008e-05,True
9.186619e-05,-9.3005874e-05,4.0330007e-05,-0.00017205269,-1.3959056e-05,0.00018487207,False
0.00018359267,0.000124678,5.3606087e-05,1.9610066e-05,0.00022974593,5.8914666e-05,True
0.00019684454,0.00021539704,4.0562725e-05,0.00013589411,0.00029489998,1.8552499e-05,True
0.00026076738,0.00021233268,3.8943825e-05,0.00013600278,0.0002886626,4.8434697e-05,True
0.00018339188,0.0002546952,4.6063284e-05,0.00016441115,0.00034497923,7.130331e-05,True
-5.673154e-06,0.00018914505,4.0982195e-05,0.00010881995,0.00026947015,0.0001948182,False
4.8055375e-05,1.3766795e-05,5.5258486e-05,-9.453984e-05,0.00012207343,3.428858e-05,True
0.00013105053,2.9655796e-05,4.5312805e-05,-5.91573e-05,0.00011846889,0.00010139473,False
8.5162086e-05,0.00010486724,5.0730214e-05,5.4360207e-06,0.00020429847,1.9705156e-05,True
-2.621203e-05,7.092569e-05,3.3439213e-05,5.3848344e-06,0.00013646655,9.713772e-05,False
7.610668e-07,-2.7182963e-05,4.5511035e-05,-0.000116384595,6.201867e-05,2.794403e-05,True
4.1191044e-05,-1.6600634e-05,2.4485293e-05,-6.459181e-05,3.139054e-05,5.779168e-05,False
0.00011548457,4.2462172e-05,3.566804e-05,-2.7447186e-05,0.000112371534,7.30224e-05,False
0.00031478578,0.00011612341,4.0074072e-05,3.7578226e-05,0.0001946686,0.00019866237,False
0.00041084224,0.00032351643,7.207231e-05,0.0001822547,0.00046477816,8.732581e-05,True
0.00036797463,0.0004181676,5.388354e-05,0.00031255584,0.0005237793,5.019296e-05,True
0.0004055025,0.0003561946,5.018447e-05,0.00025783305,0.00045455614,4.9307913e-05,True
0.00031692578,0.00037618403,5.541427e-05,0.00026757206,0.000484796,5.925825e-05,True
0.0003016738,0.00028017274,6.278539e-05,0.00015711338,0.00040323212,2.1501066e-05,True
0.00033960937,0.0002517152,3.840002e-05,0.00017645114,0.00032697924,8.789418e-05,False
0.0004038201,0.000285503,4.096868e-05,0.00020520437,0.00036580162,0.00011831711,False
0.00032301058,0.00034046345,4.8234037e-05,0.00024592475,0.00043500215,1.7452869e-05,True
0.00015007149,0.00027794114,4.6217607e-05,0.00018735463,0.00036852766,0.00012786966,False
5.2631876e-06,9.3251554e-05,5.4359414e-05,-1.3292898e-05,0.000199796,8.798837e-05,True
-9.218012e-05,-5.328366e-05,3.9475795e-05,-0.00013065622,2.4088902e-05,3.8896458e-05,True
-0.00024643197,-0.00016711628,3.8682778e-05,-0.00024293452,-9.129803e-05,7.9315694e-05,False
-0.0002477516,-0.00030590745,5.859866e-05,-0.00042076083,-0.00019105407,5.8155856e-05,True
-0.00033811547,-0.0003065937,3.5782985e-05,-0.00037672833,-0.00023645905,3.1521777e-05,True
-0.00036239607,-0.00037445006,4.7981302e-05,-0.0004684934,-0.0002804067,1.2053992e-05,True
-0.00039195555,-0.0003975424,3.7568403e-05,-0.00047117646,-0.00032390835,5.5868586e-06,True
-0.0005355947,-0.00041911303,3.6119705e-05,-0.00048990763,-0.0003483184,0.00011648168,False
-0.0004896081,-0.00054005836,4.9979088e-05,-0.0006380174,-0.00044209935,5.0450268e-05,True
-0.00044947586,-0.0005094166,4.1187886e-05,-0.0005901449,-0.00042868836,5.9940765e-05,True
-0.0004219554,-0.0004506256,4.021936e-05,-0.00052945554,-0.00037179567,2.8670212e-05,True
-0.0003658462,-0.0004138845,3.0210918e-05,-0.0004730979,-0.0003546711,4.8038288e-05,True
-0.00045806615,-0.00037437625,3.2542346e-05,-0.00043815924,-0.00031059326,8.36899e-05,False
-0.00038414306,-0.00044805725,3.9383238e-05,-0.0005252484,-0.0003708661,6.3914194e-05,True
-0.00018100145,-0.00039905333,4.971949e-05,-0.00049650355,-0.00030160314,0.00021805188,False
-8.209565e-05,-0.00019686416,6.6763765e-05,-0.00032772112,-6.600718e-05,0.00011476851,True
-0.00014711112,-0.00010266378,4.3203574e-05,-0.00018734278,-1.798477e-05,4.444734e-05,True
-5.174401e-05,-0.00014501819,3.9214676e-05,-0.00022187896,-6.8157424e-05,9.327418e-05,False
-0.0002591746,-6.7561385e-05,3.941071e-05,-0.00014480637,9.683608e-06,0.0001916132,False
-0.00023100975,-0.00022915703,6.873625e-05,-0.00036388007,-9.4433984e-05,1.8527207e-06,True
-0.00026454095,-0.00023039416,3.9701157e-05,-0.00030820843,-0.00015257989,3.4146797e-05,True
-0.00024081055,-0.0002337444,3.5452354e-05,-0.000303231,-0.00016425778,7.066148e-06,True
-0.00039954833,-0.00022304007,3.2981647e-05,-0.0002876841,-0.00015839604,0.00017650826,False
-0.00025177674,-0.00034647126,5.363351e-05,-0.00045159296,-0.00024134958,9.469452e-05,True
-0.00012574131,-0.00023622144,5.1156007e-05,-0.00033648722,-0.00013595566,0.000110480134,False
0.00014412173,-0.00010133065,4.3023163e-05,-0.00018565604,-1.7005244e-05,0.0002454524,False
0.00010335954,0.00014024189,7.6627264e-05,-9.947558e-06,0.00029043132,3.6882346e-05,True
7.899034e-05,0.00012734917,4.5729692e-05,3.7718964e-05,0.00021697936,4.8358823e-05,True
0.00019181914,0.00011399349,3.372896e-05,4.788473e-05,0.00018010224,7.782565e-05,False
0.00012283197,0.00020255925,4.922097e-05,0.000106086154,0.00029903237,7.972728e-05,True
0.00022170169,0.00013694479,4.7158264e-05,4.4514585e-05,0.00022937499,8.47569e-05,True
0.0003410241,0.00020194013,5.0546514e-05,0.00010286896,0.0003010113,0.00013908398,False
0.00022734812,0.0003304622,6.781887e-05,0.00019753721,0.0004633872,0.000103114086,True
7.580414e-06,0.00024904893,5.4315376e-05,0.00014259078,0.00035550707,0.00024146852,False
-5.4217602e-05,3.12544e-05,5.762231e-05,-8.168533e-05,0.00014419413,8.5472e-05,True
-8.5710686e-05,-3.3712466e-05,3.9914594e-05,-0.00011194507,4.4520137e-05,5.199822e-05,True
-0.0001468352,-6.1089944e-05,3.1389656e-05,-0.00012261368,4.3378532e-07,8.5745254e-05,False
-0.00021200665,-0.00012057404,3.708101e-05,-0.00019325281,-4.7895264e-05,9.143261e-05,False
-0.00028356022,-0.00018890413,3.6523554e-05,-0.00026049028,-0.00011731796,9.465609e-05,False
-0.00029676993,-0.00025723892,4.2631757e-05,-0.00034079718,-0.00017368067,3.9531005e-05,True
-0.00027044173,-0.00026681568,3.3576922e-05,-0.00033262646,-0.0002010049,3.6260462e-06,True
-0.00024101988,-0.00024143884,2.7658427e-05,-0.00029564937,-0.00018722832,4.189642e-07,True
-0.00032582867,-0.00019904933,3.1754313e-05,-0.0002612878,-0.00013681088,0.00012677934,False
-0.00043001742,-0.00026230412,3.759122e-05,-0.0003359829,-0.00018862533,0.0001677133,False
-0.00078640546,-0.00036415888,5.11519e-05,-0.0004644166,-0.00026390117,0.00042224658,False
-0.00053231814,-0.00065937825,0.00010104798,-0.0008574323,-0.00046132418,0.0001270601,True
-0.0005449456,-0.00051788863,9.2655726e-05,-0.00069949386,-0.0003362834,2.7056958e-05,True
-0.00050586107,-0.00047438583,3.922576e-05,-0.00055126834,-0.00039750335,3.147524e-05,True
-0.00059997407,-0.000443813,2.959611e-05,-0.0005018214,-0.00038580463,0.00015616106,False
-0.000759286,-0.00051729934,5.2471845e-05,-0.0006201442,-0.00041445452,0.00024198665,False
-0.00069768744,-0.00067146786,6.4067055e-05,-0.0007970393,-0.0005458964,2.6219583e-05,True
-0.00060624804,-0.0006439423,4.8805654e-05,-0.0007396013,-0.0005482832,3.7694233e-05,True
-0.00059681677,-0.0005381426,4.4204393e-05,-0.00062478316,-0.00045150195,5.8674195e-05,True
-0.00059675664,-0.0005186221,3.7283018e-05,-0.0005916968,-0.0004455474,7.813453e-05,False
-0.00085414713,-0.00049391674,3.0305555e-05,-0.0005533156,-0.00043451786,0.0003602304,False
-0.0006999446,-0.0007280618,8.715987e-05,-0.0008988951,-0.00055722846,2.8117152e-05,True
-0.00048256892,-0.00064357155,6.503515e-05,-0.00077104045,-0.00051610265,0.00016100262,False
-0.000256538,-0.00044030658,5.6874844e-05,-0.00055178127,-0.0003288319,0.00018376857,False
-0.0001820798,-0.00019755907,5.5661792e-05,-0.00030665618,-8.846196e-05,1.5479265e-05,True
-0.0002732232,-0.00014636132,3.297713e-05,-0.00021099648,-8.1726146e-05,0.0001268619,False
-2.5646192e-05,-0.00023981377,4.314582e-05,-0.0003243796,-0.00015524795,0.00021416758,False
3.3476543e-05,-4.2112293e-05,6.5285814e-05,-0.0001700725,8.58479e-05,7.558883e-05,True
4.5872406e-05,2.7438531e-05,3.493304e-05,-4.103023e-05,9.590729e-05,1.8433875e-05,True
6.747637e-05,4.889316e-05,3.150567e-05,-1.28579595e-05,0.00011064428,1.8583214e-05,True
-5.1045536e-05,5.1290477e-05,3.1738306e-05,-1.0916603e-05,0.00011349756,0.00010233601,False
-1.9063262e-05,-5.8488702e-05,3.554935e-05,-0.00012816544,1.1188029e-05,3.942544e-05,True
0.00013168156,-1.679666e-05,3.332587e-05,-8.211536e-05,4.8522044e-05,0.00014847823,False
0.000114796545,8.982058e-05,7.1054055e-05,-4.9445363e-05,0.00022908652,2.4975961e-05,True
6.998376e-05,0.00010156149,4.0521252e-05,2.2139837e-05,0.00018098314,3.157773e-05,True
-0.000115078634,6.461828e-05,4.3043754e-05,-1.974748e-05,0.00014898405,0.00017969692,False
-5.3924832e-05,-0.0001080256,5.523972e-05,-0.00021629545,2.4426117e-07,5.4100765e-05,True
-9.1320086e-05,-8.256076e-05,3.4266894e-05,-0.00014972387,-1.5397643e-05,8.759329e-06,True
-4.4606066e-05,-0.00010456352,2.8524679e-05,-0.00016047189,-4.865515e-05,5.9957456e-05,False
3.725284e-05,-6.373051e-05,3.3679513e-05,-0.00012974236,2.2813329e-06,0.00010098335,False
-6.4583204e-05,-1.6964011e-06,3.534407e-05,-7.097078e-05,6.7577974e-05,6.28868e-05,True
-0.00023849976,-8.417201e-05,4.6240628e-05,-0.00017480364,6.4596243e-06,0.00015432775,False
-0.00012645467,-0.00024973977,4.6370416e-05,-0.0003406258,-0.00015885374,0.00012328509,False
-9.422822e-05,-0.00015619193,4.24533e-05,-0.0002394004,-7.2983465e-05,6.1963714e-05,True
-0.00015294629,-0.00010864274,3.543209e-05,-0.00017808963,-3.919584e-05,4.4303553e-05,True
-0.0002321693,-0.00016617497,3.8216327e-05,-0.00024107897,-9.1270966e-05,6.599433e-05,True
-5.01564e-05,-0.00023768541,4.201572e-05,-0.00032003623,-0.0001553346,0.00018752902,False
-3.850773e-05,-6.549144e-05,6.804577e-05,-0.00019886115,6.787826e-05,2.6983711e-05,True
0.00023135066,-3.166597e-05,3.452929e-05,-9.934338e-05,3.6011435e-05,0.0002630166,False
0.00012126185,0.00020941946,6.6713634e-05,7.866074e-05,0.0003401782,8.815761e-05,True
0.00016732025,9.620366e-05,5.2016552e-05,-5.748785e-06,0.0001981561,7.111659e-05,True
0.00019575974,0.0001197081,4.0324532e-05,4.0672014e-05,0.00019874418,7.605164e-05,True
0.00017653995,0.00017217005,3.5942372e-05,0.000101723,0.0002426171,4.3698965e-06,True
2.8875686e-05,0.00013667504,4.1043448e-05,5.622988e-05,0.00021712019,0.00010779935,False
-1.2029883e-05,-4.711542e-06,4.6629833e-05,-9.6106014e-05,8.6682936e-05,7.318341e-06,True
-1.2398512e-05,-4.998044e-05,2.6166785e-05,-0.00010126734,1.3064564e-06,3.758193e-05,True
-4.56398e-06,-3.6022608e-05,3.6123645e-05,-0.000106824955,3.4779736e-05,3.145863e-05,True
-1.3761466e-05,-1.5794945e-05,3.5536083e-05,-8.5445674e-05,5.385578e-05,2.0334792e-06,True
2.137463e-05,-3.842324e-05,2.8497543e-05,-9.4278425e-05,1.7431943e-05,5.9797872e-05,False
-1.68123e-05,-8.423095e-06,3.2542463e-05,-7.220632e-05,5.536013e-05,8.3892055e-06,True
-0.00010499502,-5.175025e-05,3.069439e-05,-0.00011191126,8.41076e-06,5.3244774e-05,True
-2.4448003e-05,-0.00014297542,3.4033386e-05,-0.00020968086,-7.626998e-05,0.000118527416,False
-0.00013485891,-5.980536e-05,3.384478e-05,-0.00012614112,6.530412e-06,7.5053555e-05,False
-3.1877953e-05,-0.00016581085,4.1431715e-05,-0.00024701701,-8.460469e-05,0.0001339329,False
9.2140435e-05,-7.1044626e-05,4.282125e-05,-0.00015497429,1.288503e-05,0.00016318506,False
0.00013228963,4.642003e-05,4.803978e-05,-4.773794e-05,0.000140578,8.58696e-05,True
6.179328e-05,7.314153e-05,3.336776e-05,7.740717e-06,0.00013854234,1.1348246e-05,True
8.140749e-05,-1.108793e-05,4.1347972e-05,-9.212995e-05,6.99541e-05,9.249542e-05,False
3.5976253e-05,6.72927e-06,3.8982864e-05,-6.9677146e-05,8.313569e-05,2.9246983e-05,True
-3.446882e-05,-3.1801716e-05,3.2658998e-05,-9.5813346e-05,3.220992e-05,2.6671041e-06,True
-0.00013284461,-9.299685e-05,3.9983337e-05,-0.0001713642,-1.4629513e-05,3.9847757e-05,True
-0.00030376893,-0.00018561071,4.3826945e-05,-0.00027151153,-9.97099e-05,0.00011815822,False
-0.00029173802,-0.00034620255,4.600716e-05,-0.00043637658,-0.00025602852,5.446453e-05,True
-0.00048232736,-0.00033308702,4.124957e-05,-0.00041393618,-0.00025223786,0.00014924034,False
-0.0006579651,-0.00048264247,5.53382e-05,-0.0005911053,-0.0003741796,0.00017532261,False
-0.0005829141,-0.0006369245,7.0456204e-05,-0.0007750187,-0.00049883034,5.4010423e-05,True
-0.0004348002,-0.0005948275,4.631953e-05,-0.0006856138,-0.00050404127,0.00016002732,False
-0.0005670268,-0.0004378316,4.3804175e-05,-0.0005236878,-0.0003519754,0.00012919519,False
-0.00041025397,-0.00054486503,6.071933e-05,-0.0006638749,-0.00042585516,0.00013461107,False
-0.00029470984,-0.00044286065,6.2258274e-05,-0.00056488684,-0.00032083443,0.00014815081,False
-0.00034005046,-0.00027729303,4.304385e-05,-0.00036165898,-0.00019292708,6.275743e-05,True
-0.00026149748,-0.0003173991,3.6956735e-05,-0.00038983428,-0.0002449639,5.590162e-05,True
-8.597672e-05,-0.00025033447,3.914695e-05,-0.0003270625,-0.00017360644,0.00016435776,False
-8.498231e-05,-7.329937e-05,5.665177e-05,-0.00018433685,3.77381e-05,1.168294e-05,True
4.046771e-05,-5.121023e-05,3.013301e-05,-0.00011027093,7.850467e-06,9.167794e-05,False
0.00022721566,6.0818857e-05,4.0129773e-05,-1.7835497e-05,0.00013947321,0.0001663968,False
0.00018033638,0.0002762063,7.126412e-05,0.00013652862,0.00041588396,9.586991e-05,True
0.0001368766,0.00022296833,3.7628386e-05,0.00014921669,0.00029671995,8.6091735e-05,False
0.00023902467,0.00015107483,3.5342568e-05,8.1803395e-05,0.00022034626,8.794984e-05,False
-1.07065125e-05,0.00022632394,4.824676e-05,0.00013176029,0.0003208876,0.00023703046,False
-7.436947e-06,-2.2593687e-05,9.608019e-05,-0.00021091086,0.0001657235,1.515674e-05,True
7.606062e-05,-3.901496e-05,4.3918863e-05,-0.00012509593,4.7066012e-05,0.000115075585,False
7.188837e-05,8.653819e-05,4.616533e-05,-3.945861e-06,0.00017702224,1.46498205e-05,True
-2.3127914e-06,8.258979e-05,3.18887e-05,2.0087937e-05,0.00014509165,8.490258e-05,False
-2.8428123e-05,-2.5162612e-06,3.404223e-05,-6.923903e-05,6.420651e-05,2.5911862e-05,True
-3.0010444e-05,-2.8082877e-05,3.7987582e-05,-0.000102538535,4.6372785e-05,1.9275667e-06,True
0.00032575004,-2.5293077e-05,3.5634992e-05,-9.5137664e-05,4.455151e-05,0.00035104313,False
0.0003170887,0.00034120158,0.00012695366,9.2372415e-05,0.00059003074,2.4112873e-05,True
0.000447275,0.00035752382,5.3366613e-05,0.00025292527,0.00046212238,8.975118e-05,True
0.0005568817,0.0004393731,5.725327e-05,0.00032715668,0.00055158953,0.00011750861,False
0.0005535461,0.0005315455,6.0118175e-05,0.00041371386,0.0006493771,2.2000633e-05,True
0.00056383794,0.0005171145,5.0039835e-05,0.0004190364,0.0006151926,4.6723464e-05,True
0.00052445463,0.00048162052,5.3979595e-05,0.0003758205,0.00058742054,4.2834115e-05,True
0.00044068357,0.00043104927,4.4798788e-05,0.00034324365,0.0005188549,9.634299e-06,True
0.00032824613,0.00033395865,5.2198746e-05,0.00023164912,0.0004362682,5.712529e-06,True
0.0003356807,0.00023736047,3.4657944e-05,0.00016943089,0.00030529004,9.832023e-05,False
0.00023029502,0.00023189012,3.3308002e-05,0.00016660645,0.0002971738,1.5951082e-06,True
0.0002570187,0.00012407922,3.6624744e-05,5.2294716e-05,0.00019586371,0.00013293947,False
0.00013838283,0.00013353625,3.4949036e-05,6.503613e-05,0.00020203636,4.846588e-06,True
9.8578384e-05,4.9717713e-05,3.6500922e-05,-2.1824093e-05,0.00012125952,4.886067e-05,True
9.433383e-05,6.710562e-06,3.1463776e-05,-5.495844e-05,6.8379566e-05,8.7623266e-05,False
0.00010724692,4.8973625e-06,2.9395054e-05,-5.2716943e-05,6.2511666e-05,0.00010234956,False
9.9026736e-05,-1.2554501e-07,3.328613e-05,-6.536637e-05,6.511527e-05,9.915228e-05,False
0.00016836343,-8.6539085e-06,3.196904e-05,-7.131323e-05,5.4005417e-05,0.00017701734,False
-1.0327697e-05,4.9023467e-05,3.914356e-05,-2.7697912e-05,0.00012574485,5.9351165e-05,True
-0.00014625092,-9.922729e-05,5.0027047e-05,-0.00019728031,-1.1742741e-06,4.7023634e-05,True
-0.00016075505,-0.00023787274,3.7848396e-05,-0.00031205558,-0.00016368988,7.7117686e-05,False
-9.397008e-05,-0.0002599588,2.8741666e-05,-0.00031629245,-0.00020362512,0.00016598872,False
-0.00022442928,-0.00020316454,4.0233484e-05,-0.00028202217,-0.00012430691,2.1264743e-05,True
-0.00036458808,-0.00030253298,4.1615618e-05,-0.0003840996,-0.00022096637,6.20551e-05,True
-0.00018261319,-0.00041903355,4.046211e-05,-0.0004983393,-0.00033972782,0.00023642035,False
-0.00030862546,-0.00027407208,6.638083e-05,-0.0004041785,-0.00014396565,3.4553377e-05,True
-0.00039242712,-0.00035237227,4.0642244e-05,-0.00043203105,-0.00027271349,4.0054845e-05,True
-0.00023698201,-0.0004412476,4.206813e-05,-0.00052370114,-0.00035879406,0.00020426558,False
-0.00018144162,-0.00027453824,4.9851653e-05,-0.00037224748,-0.000176829,9.309662e-05,True
-0.0001290322,-0.0002106884,3.4653167e-05,-0.0002786086,-0.0001427682,8.165621e-05,False
-0.00028576687,-0.00016051352,2.6912967e-05,-0.00021326293,-0.000107764106,0.00012525335,False
-0.0002778848,-0.00029485754,4.2247495e-05,-0.00037766263,-0.00021205246,1.6972743e-05,True
-0.0003227182,-0.00028353604,3.409218e-05,-0.0003503567,-0.00021671536,3.9182167e-05,True
-0.0004571342,-0.00032646413,4.1715182e-05,-0.0004082259,-0.00024470236,0.00013067009,False
-0.00023861942,-0.000429215,4.967941e-05,-0.00052658666,-0.00033184336,0.00019059557,False
-0.00019618653,-0.00024310335,5.546935e-05,-0.00035182328,-0.00013438342,4.6916815e-05,True
-0.00028014302,-0.00020450479,3.2976444e-05,-0.0002691386,-0.00013987096,7.5638236e-05,False
-0.00020359001,-0.00028659735,2.9993575e-05,-0.00034538476,-0.00022780994,8.300734e-05,False
-0.00024257669,-0.00021612829,3.6630554e-05,-0.0002879242,-0.0001443324,2.6448397e-05,True
-0.0003705599,-0.00024055138,3.8019356e-05,-0.00031506934,-0.00016603344,0.00013000851,False
-0.000326186,-0.0003405682,4.429135e-05,-0.00042737924,-0.00025375714,1.4382182e-05,True
-0.00036191696,-0.0003169625,3.7848888e-05,-0.00039114634,-0.00024277868,4.4954446e-05,True
-0.00028879612,-0.00034350957,3.4933666e-05,-0.00041197956,-0.00027503958,5.4713455e-05,True
-0.00019640247,-0.0002784088,3.5972847e-05,-0.00034891558,-0.00020790203,8.200634e-05,False
-0.00010616615,-0.00017917724,3.373896e-05,-0.0002453056,-0.000113048874,7.3011084e-05,False
0.0001430842,-9.495826e-05,3.5516347e-05,-0.0001645703,-2.534622e-05,0.00023804246,False
0.00033667352,0.00017075619,8.128527e-05,1.1437063e-05,0.00033007533,0.00016591733,False
0.00029967373,0.00037358183,7.061641e-05,0.00023517368,0.00051199,7.39081e-05,True
0.00021766621,0.00032241538,6.129922e-05,0.0002022689,0.00044256187,0.00010474917,True
0.0004475742,0.00023233744,4.603106e-05,0.00014211657,0.0003225583,0.00021523675,False
0.0006059298,0.0004178051,8.16256e-05,0.00025781893,0.00057779124,0.00018812472,False
0.0005596141,0.00059557246,7.541438e-05,0.00044776028,0.00074338465,3.5958365e-05,True
0.0006034427,0.0005391601,4.4431265e-05,0.0004520748,0.0006262454,6.428262e-05,True
0.0005529345,0.0005694197,6.0608094e-05,0.00045062782,0.0006882116,1.6485224e-05,True
0.00042637825,0.00048394274,5.155994e-05,0.00038288525,0.0005850002,5.7564495e-05,True
0.00030887793,0.00038135928,4.2280593e-05,0.00029848932,0.00046422923,7.248134e-05,True
0.00047408728,0.0002494742,3.7706744e-05,0.00017556897,0.0003233794,0.00022461309,False
0.00045833696,0.00039236166,7.991644e-05,0.00023572543,0.0005489979,6.59753e-05,True
0.00038199578,0.0004037413,6.2558924e-05,0.00028112577,0.0005263568,2.1745509e-05,True
0.00029652065,0.00030600396,4.055186e-05,0.00022652232,0.0003854856,9.4833085e-06,True
-1.2696265e-06,0.00020329237,3.3383807e-05,0.0001378601,0.00026872463,0.00020456199,False
-0.00012461691,-8.938576e-05,8.121951e-05,-0.000248576,6.980448e-05,3.5231154e-05,True
-0.00019832182,-0.00022878403,3.9552397e-05,-0.00030630673,-0.00015126134,3.0462208e-05,True
-0.00031359354,-0.00030533865,3.411654e-05,-0.00037220708,-0.00023847022,8.254894e-06,True
-0.00031288873,-0.00040185574,3.972559e-05,-0.00047971788,-0.0003239936,8.8967005e-05,False
-0.00057477347,-0.00040449237,3.5141984e-05,-0.00047337066,-0.00033561408,0.0001702811,False
-0.00046773857,-0.0006157299,7.676561e-05,-0.00076619047,-0.0004652693,0.00014799132,True
-0.00036589688,-0.0005793189,6.100891e-05,-0.00069889636,-0.00045974145,0.00021342203,False
-0.0005006508,-0.00044110417,4.270382e-05,-0.00052480365,-0.0003574047,5.954661e-05,True
-0.0005532092,-0.00053558615,6.273092e-05,-0.0006585388,-0.00041263353,1.7623068e-05,True
-0.00070146547,-0.0005952575,3.590325e-05,-0.0006656279,-0.0005248871,0.00010620797,False
-0.00058574317,-0.0007113444,6.695771e-05,-0.0008425815,-0.0005801073,0.00012560125,True
-0.0006337637,-0.0006301698,5.3986398e-05,-0.00073598314,-0.0005243565,3.5938574e-06,True
-0.00068692456,-0.000648572,5.0168514e-05,-0.0007469023,-0.0005502417,3.8352562e-05,True
-0.00070276187,-0.0006921408,5.3853135e-05,-0.0007976929,-0.00058658863,1.0621094e-05,True
-0.00081761,-0.0006999248,4.157832e-05,-0.00078141835,-0.0006184313,0.00011768518,False
-0.0008367669,-0.00078359316,5.717773e-05,-0.00089566153,-0.0006715248,5.3173746e-05,True
-0.0008757113,-0.0008094899,5.375061e-05,-0.00091484113,-0.0007041387,6.62214e-05,True
-0.0007740911,-0.0008380748,6.2126426e-05,-0.0009598426,-0.00071630697,6.3983665e-05,True
-0.00066466373,-0.0007122229,6.487285e-05,-0.0008393737,-0.0005850721,4.755915e-05,True
-0.000491125,-0.0005796197,4.7596066e-05,-0.00067290803,-0.00048633144,8.849474e-05,True
-0.00050135696,-0.00043670437,4.236542e-05,-0.0005197406,-0.00035366815,6.465259e-05,True
-0.00048231552,-0.00043257818,3.9180108e-05,-0.00050937117,-0.00035578516,4.973734e-05,True
-0.0004306276,-0.0004078806,2.9840858e-05,-0.00046636869,-0.00034939253,2.2747001e-05,True
-0.0003719829,-0.0003664359,3.2513482e-05,-0.00043016233,-0.0003027095,5.5469864e-06,True
-0.00031761586,-0.00029795413,3.4950885e-05,-0.00036645785,-0.0002294504,1.9661733e-05,True
-9.6259166e-05,-0.00024035168,3.8907143e-05,-0.0003166097,-0.00016409368,0.00014409251,False
-4.062926e-05,-4.0182564e-05,7.124724e-05,-0.00017982716,9.946202e-05,4.466965e-07,True
8.0396145e-05,2.1072794e-05,3.8300066e-05,-5.3995333e-05,9.6140924e-05,5.932335e-05,True
6.09065e-05,0.00012252248,5.1115498e-05,2.2336106e-05,0.00022270886,6.161598e-05,True
0.00012095819,0.00010137452,4.06605e-05,2.1679938e-05,0.0001810691,1.958367e-05,True
5.2335537e-05,0.00015962412,3.9784383e-05,8.164673e-05,0.00023760152,0.00010728858,False
-3.4710425e-05,0.000110779016,4.7719877e-05,1.7248058e-05,0.00020430997,0.00014548944,False
9.684157e-05,2.8634046e-05,3.679835e-05,-4.349072e-05,0.00010075881,6.8207526e-05,True
0.00021685315,0.00014291723,5.7890506e-05,2.9451832e-05,0.00025638263,7.3935924e-05,True
0.00028094967,0.0002675196,4.7963786e-05,0.00017351056,0.0003615286,1.3430079e-05,True
0.00045473382,0.0003186357,5.900569e-05,0.00020298453,0.00043428683,0.00013609813,False
0.00053376035,0.0004951062,9.06548e-05,0.0003174228,0.00067278964,3.8654136e-05,True
0.0005970434,0.00056268054,6.5661574e-05,0.00043398386,0.0006913772,3.4362893e-05,True
0.0007177308,0.000645721,6.205304e-05,0.000524097,0.00076734496,7.20098e-05,True
0.0006596135,0.00075215666,6.9811e-05,0.0006153271,0.0008889862,9.254314e-05,True
0.00070164347,0.00067944743,6.068795e-05,0.00056049903,0.00079839583,2.2196036e-05,True
0.0007811271,0.000683318,6.229944e-05,0.0005612111,0.00080542493,9.780907e-05,True
0.0005932795,0.00076552265,7.850716e-05,0.0006116486,0.0009193967,0.00017224316,False
0.0006860234,0.00058746693,7.634852e-05,0.00043782382,0.00073711004,9.8556455e-05,True
0.00045894473,0.0006226817,7.696684e-05,0.0004718267,0.0007735367,0.00016373696,False
0.00039822876,0.0004294207,7.6657045e-05,0.0002791729,0.0005796685,3.1191943e-05,True
0.00026671073,0.00035049662,4.324786e-05,0.0002657308,0.00043526242,8.378588e-05,True
0.00044292884,0.00022340693,3.9678875e-05,0.00014563632,0.00030117753,0.00021952191,False
0.00047642094,0.00036395222,6.794081e-05,0.00023078822,0.00049711624,0.000112468726,True
0.00034344647,0.00040759056,5.2312276e-05,0.0003050585,0.0005101226,6.4144086e-05,True
0.00021471146,0.0002547467,5.1247753e-05,0.0001543011,0.0003551923,4.0035244e-05,True
0.00028221527,0.00013925061,3.976299e-05,6.131515e-05,0.00021718607,0.00014296467,False
0.0003232165,0.00021578088,5.1893257e-05,0.00011407009,0.00031749165,0.00010743561,False
0.0002322962,0.00026809174,3.9643422e-05,0.00019039062,0.00034579285,3.5795543e-05,True
0.00021216924,0.00018727256,3.659764e-05,0.000115541174,0.00025900395,2.4896683e-05,True
0.00017436102,0.00016553562,3.8040584e-05,9.097607e-05,0.00024009516,8.825402e-06,True
0.00025553154,0.00013405275,3.819832e-05,5.9184043e-05,0.00020892147,0.00012147879,False
0.00022819583,0.00021703677,4.664304e-05,0.00012561641,0.00030845712,1.1159063e-05,True
0.00022293796,0.00022432269,4.4849014e-05,0.00013641862,0.00031222677,1.3847311e-06,True
0.0001346707,0.00022779212,3.4240762e-05,0.00016068021,0.00029490402,9.3121416e-05,False
-4.0470118e-06,0.00016103714,3.9029004e-05,8.454029e-05,0.000237534,0.00016508416,False
0.00020599081,2.9448984e-05,5.1405434e-05,-7.1305665e-05,0.00013020364,0.00017654183,False
0.00014553814,0.00022867374,6.932276e-05,9.280113e-05,0.00036454637,8.31356e-05,True
5.251093e-05,0.00019151194,4.3839613e-05,0.000105586296,0.00027743756,0.000139001,False
2.9741796e-05,8.675589e-05,3.527222e-05,1.762234e-05,0.00015588944,5.70141e-05,True
4.0430004e-05,6.341583e-05,3.6778343e-05,-8.6697255e-06,0.00013550138,2.2985823e-05,True
0.00022586533,6.9235044e-05,3.709884e-05,-3.478679e-06,0.00014194877,0.00015663028,False
0.0002097305,0.00025528055,6.626378e-05,0.00012540353,0.0003851576,4.5550056e-05,True
0.0003597866,0.00025024594,4.0021347e-05,0.0001718041,0.00032868778,0.00010954065,False
0.0004248126,0.00037491895,5.5790253e-05,0.00026557007,0.00048426783,4.9893657e-05,True
0.00043633545,0.00045551124,5.1949453e-05,0.0003536903,0.0005573322,1.9175786e-05,True
0.00048125084,0.00046194455,5.2144307e-05,0.0003597417,0.00056414737,1.9306288e-05,True
0.0005868616,0.00050266425,5.8964124e-05,0.00038709457,0.0006182339,8.419738e-05,True
0.0006732892,0.000594377,5.6403736e-05,0.0004838257,0.0007049283,7.8912184e-05,True
0.0005913916,0.00068868505,6.468012e-05,0.000561912,0.0008154581,9.7293465e-05,True
0.00034373955,0.0005990478,6.5520515e-05,0.0004706276,0.00072746805,0.00025530826,False
0.00051875616,0.00035873614,7.408032e-05,0.0002135387,0.0005039336,0.00016002002,False
0.0004170027,0.00046680908,7.308143e-05,0.0003235695,0.00061004865,4.9806375e-05,True
0.0002695744,0.00041270748,6.9108035e-05,0.00027725572,0.00054815924,0.00014313307,False
0.00017339605,0.00027914016,5.6613197e-05,0.00016817829,0.00039010204,0.00010574411,True
0.00012005135,0.00019016309,3.8898772e-05,0.000113921495,0.00026640468,7.011174e-05,True
0.00015632826,0.00012092063,3.687932e-05,4.8637165e-05,0.00019320409,3.5407626e-05,True
8.444956e-05,0.00016922805,4.494404e-05,8.1137725e-05,0.00025731837,8.477849e-05,True
1.2645809e-06,0.00012962258,3.5214995e-05,6.060119e-05,0.00019864397,0.000128358,False
2.1872771e-05,3.2610133e-05,3.7521102e-05,-4.093123e-05,0.00010615149,1.0737362e-05,True
-5.7716436e-05,4.713015e-05,3.4565554e-05,-2.0618336e-05,0.00011487864,0.000104846586,False
-4.2299794e-06,-1.4369895e-05,3.8510854e-05,-8.985117e-05,6.111139e-05,1.0139916e-05,True
3.9239076e-05,3.7150752e-05,3.626234e-05,-3.3923436e-05,0.00010822494,2.0883235e-06,True
0.00026184588,6.951069e-05,3.7239035e-05,-3.4778204e-06,0.0001424992,0.0001923352,False
0.00038111562,0.0002856009,7.2594055e-05,0.00014331655,0.00042788524,9.5514726e-05,True
0.0004921755,0.00040803012,5.544159e-05,0.0002993646,0.0005166956,8.41454e-05,True
0.00052612944,0.00051464944,5.5553057e-05,0.00040576543,0.00062353344,1.1480006e-05,True
0.00036497382,0.00054979575,5.4622822e-05,0.000442735,0.00065685646,0.00018482193,False
0.00053623616,0.00038495916,4.812085e-05,0.0002906423,0.00047927603,0.000151277,False
0.0006898639,0.00053241884,7.7342826e-05,0.00038082688,0.0006840108,0.00015744509,False
0.0007872988,0.0006997839,7.790801e-05,0.0005470842,0.0008524836,8.751487e-05,True
0.0008655303,0.0007918347,7.5780925e-05,0.0006433041,0.00094036537,7.3695555e-05,True
0.0008398562,0.00085637666,7.6125216e-05,0.0007071712,0.001005582,1.652044e-05,True
0.0007041345,0.0008452298,7.216903e-05,0.00070377847,0.0009866811,0.00014109525,True
0.00076951936,0.0007067721,6.8859015e-05,0.0005718084,0.00084173575,6.274728e-05,True
0.00083097257,0.0007446344,7.235066e-05,0.0006028271,0.00088644173,8.633814e-05,True
0.00084404316,0.0008544365,8.1269136e-05,0.00069514895,0.001013724,1.0393327e-05,True
0.0007827935,0.0008594301,6.587498e-05,0.00073031517,0.0009885451,7.6636614e-05,True
0.00090238644,0.0007741814,6.526479e-05,0.00064626243,0.00090210035,0.00012820505,False
0.00082316867,0.0008937948,9.047408e-05,0.00071646564,0.001071124,7.062615e-05,True
0.00078189914,0.00083336944,6.945828e-05,0.0006972312,0.0009695077,5.14703e-05,True
0.0007385742,0.00075136253,7.60812e-05,0.00060224335,0.0009004817,1.27883395e-05,True
0.00079054,0.00073883147,5.528991e-05,0.00063046324,0.0008471997,5.1708543e-05,True
0.00084761187,0.00078021036,7.9291414e-05,0.00062479917,0.00093562156,6.74015e-05,True
0.0006973861,0.0008185453,8.197156e-05,0.000657881,0.0009792096,0.00012115919,True
0.00067310384,0.00065893604,7.83249e-05,0.0005054192,0.00081245287,1.4167803e-05,True
0.0004950231,0.00064561336,5.2081097e-05,0.0005435344,0.0007476923,0.00015059026,False
0.0003938256,0.000485194,5.5997658e-05,0.0003754386,0.0005949494,9.136839e-05,True
0.00047759374,0.0003533478,4.9218135e-05,0.00025688024,0.00044981536,0.00012424594,False
0.00048197655,0.00042860967,6.0567305e-05,0.00030989776,0.0005473216,5.336688e-05,True
0.00048307076,0.00044442803,4.993236e-05,0.0003465606,0.00054229546,3.8642727e-05,True
0.0004541893,0.00044934795,5.4937747e-05,0.00034166995,0.00055702595,4.841364e-06,True
0.00036349063,0.00042358055,4.374193e-05,0.00033784637,0.0005093147,6.0089922e-05,True
0.0005356219,0.00033323083,4.5539688e-05,0.00024397305,0.0004224886,0.00020239106,False
0.00047271413,0.00047121037,9.502992e-05,0.0002849517,0.00065746903,1.5037658e-06,True
0.0005076767,0.00046108727,4.9405837e-05,0.00036425184,0.0005579227,4.658941e-05,True
0.0004430375,0.0004767697,5.0602303e-05,0.0003775892,0.0005759502,3.3732184e-05,True
0.0004524781,0.0004238613,5.0131093e-05,0.00032560434,0.00052211824,2.8616807e-05,True
0.0005715878,0.00042990252,5.859701e-05,0.00031505237,0.00054475263,0.0001416853,False
0.00059872057,0.0005562992,7.8323355e-05,0.00040278537,0.000709813,4.2421394e-05,True
0.0005520636,0.0005887912,5.9086102e-05,0.00047298244,0.00070459995,3.6727637e-05,True
0.00048750432,0.00050537667,4.6237532e-05,0.0004147511,0.0005960022,1.7872342e-05,True
0.00047361842,0.00043548353,5.3991997e-05,0.0003296592,0.00054130785,3.8134895e-05,True
0.00027248482,0.00041688036,4.6134857e-05,0.00032645604,0.0005073047,0.00014439554,False
0.00040779213,0.00024160378,6.826399e-05,0.00010780635,0.0003754012,0.00016618836,False
0.00046669197,0.00037939782,7.9851125e-05,0.00022288962,0.00053590606,8.7294145e-05,True
0.00038846067,0.00041947878,5.3667172e-05,0.0003142911,0.00052466645,3.1018106e-05,True
0.00052096794,0.00035776015,5.7594683e-05,0.00024487457,0.00047064573,0.00016320779,False
0.00047433874,0.0004471787,6.7482855e-05,0.0003149123,0.0005794451,2.7160044e-05,True
0.00052127056,0.00041112944,4.5739995e-05,0.00032147905,0.00050077983,0.00011014112,False
0.00039103272,0.0004434931,6.3355335e-05,0.00031931663,0.0005676696,5.2460382e-05,True
0.00028492394,0.00035993184,5.4092026e-05,0.00025391148,0.0004659522,7.5007905e-05,True
0.00010057012,0.00023850492,4.9112365e-05,0.00014224468,0.00033476515,0.0001379348,False
0.00016581517,6.448152e-05,4.9410883e-05,-3.236381e-05,0.00016132685,0.00010133365,False
0.00020521333,0.00014180392,4.568345e-05,5.2264353e-05,0.00023134348,6.340942e-05,True
0.00011687643,0.00017734969,3.423951e-05,0.00011024025,0.00024445914,6.0473263e-05,True
0.00023077008,0.00011172871,5.189023e-05,1.0023854e-05,0.00021343357,0.00011904137,False
0.00014181148,0.00020635848,4.644899e-05,0.000115318464,0.0002973985,6.4547e-05,True
0.0002746304,0.00013967857,4.0123374e-05,6.103675e-05,0.00021832038,0.00013495184,False
0.0002733194,0.00027496155,6.400215e-05,0.00014951733,0.00040040578,1.6421545e-06,True
0.00043583053,0.00030586866,3.4071854e-05,0.00023908782,0.0003726495,0.00012996187,False
0.0005639773,0.00047460958,6.709252e-05,0.00034310823,0.0006061109,8.9367706e-05,True
0.00047781304,0.00060903473,6.636981e-05,0.00047894992,0.00073911954,0.00013122169,False
0.00046583096,0.00051934255,6.0154303e-05,0.0004014401,0.000637245,5.3511583e-05,True
0.0005707793,0.00049196085,5.118035e-05,0.00039164737,0.00059227436,7.881847e-05,True
0.00055060606,0.00057571806,6.56263e-05,0.0004470905,0.00070434564,2.5112007e-05,True
0.000670904,0.0005529067,6.166063e-05,0.0004320519,0.00067376153,0.00011799729,True
0.00068980997,0.0006754952,7.910454e-05,0.0005204503,0.0008305401,1.4314777e-05,True
0.0007206713,0.00069160125,6.0660135e-05,0.0005727074,0.0008104951,2.907007e-05,True
0.0005105555,0.00072991865,6.217828e-05,0.0006080492,0.0008517881,0.00021936314,False
0.000505176,0.00052818976,6.727533e-05,0.0003963301,0.0006600494,2.3013738e-05,True
0.00049481116,0.00049562997,5.315526e-05,0.00039144565,0.0005998143,8.1880717e-07,True
0.0005230815,0.0004890402,4.2289674e-05,0.00040615245,0.000571928,3.4041295e-05,True
0.00030531886,0.00050570787,5.8502475e-05,0.00039104302,0.0006203727,0.00020038901,False
0.0005797101,0.00027999745,6.810782e-05,0.0001465061,0.00041348877,0.00029971267,False
0.00031658143,0.00053128967,0.00011700489,0.00030196007,0.0007606193,0.00021470824,True
0.00010559777,0.00029064144,9.446884e-05,0.00010548251,0.00047580036,0.00018504367,True
3.7659884e-05,6.7995206e-05,5.7443085e-05,-4.4593246e-05,0.00018058365,3.0335323e-05,True
-0.00012961021,6.4441642e-06,3.8309176e-05,-6.864182e-05,8.153015e-05,0.00013605438,False
-0.00013327839,-0.000118759766,5.2311152e-05,-0.00022128964,-1.6229904e-05,1.451862e-05,True
-0.00021055689,-0.00015222764,3.652725e-05,-0.00022382106,-8.063423e-05,5.8329242e-05,True
-2.6289566e-05,-0.00020616353,4.541323e-05,-0.00029517346,-0.0001171536,0.00017987397,False
-7.18953e-05,-3.8215345e-05,6.133427e-05,-0.00015843051,8.199983e-05,3.3679957e-05,True
-6.676649e-05,-7.652836e-05,3.9753133e-05,-0.00015444451,1.3877798e-06,9.761869e-06,True
-7.68031e-05,-7.5607415e-05,2.769177e-05,-0.0001298833,-2.1331543e-05,1.1956872e-06,True
-0.00016649463,-9.608742e-05,3.219218e-05,-0.0001591841,-3.299074e-05,7.0407215e-05,False
-9.410506e-05,-0.00014801895,3.874983e-05,-0.00022396861,-7.2069284e-05,5.3913893e-05,True
-0.00017377795,-7.11773e-05,3.851992e-05,-0.00014667635,4.321744e-06,0.00010260065,False
2.4509502e-06,-0.00013501337,4.053416e-05,-0.00021446032,-5.5566416e-05,0.00013746432,False
-5.6658322e-05,3.482598e-05,6.647942e-05,-9.547369e-05,0.00016512565,9.14843e-05,True
2.827236e-05,4.5159536e-06,3.5280602e-05,-6.463403e-05,7.3665935e-05,2.3756405e-05,True
0.00016315962,7.129817e-05,3.5223602e-05,2.2599124e-06,0.00014033643,9.186145e-05,False
0.0002949533,0.00021666993,4.8888363e-05,0.00012084873,0.00031249112,7.828337e-05,True
0.00031519434,0.00034822387,6.4644344e-05,0.00022152095,0.00047492678,3.302953e-05,True
0.0003605399,0.000363449,3.6631853e-05,0.0002916506,0.00043524744,2.9091025e-06,True
0.0005709043,0.00038786538,4.7665835e-05,0.00029444034,0.00048129042,0.00018303891,False
0.00057237566,0.00057140645,7.608372e-05,0.00042228235,0.0007205305,9.692158e-07,True
0.0005389763,0.0005578437,4.9909937e-05,0.00046002024,0.00065566716,1.8867431e-05,True
0.0006733625,0.0005076405,5.9764774e-05,0.00039050152,0.00062477944,0.00016572204,False
0.000673966,0.000622951,8.398294e-05,0.00045834447,0.00078755757,5.1015e-05,True
0.0005799261,0.0006059479,4.80851e-05,0.0005117011,0.00070019474,2.6021793e-05,True
0.00045864293,0.0004982541,5.952258e-05,0.00038158984,0.00061491836,3.9611157e-05,True
0.00026517216,0.00036945718,4.3928296e-05,0.00028335772,0.00045555664,0.00010428502,False
0.00019435598,0.00019772469,4.762377e-05,0.000104382096,0.0002910673,3.3687102e-06,True
9.445634e-05,0.00011687385,3.112763e-05,5.5863697e-05,0.00017788401,2.241751e-05,True
9.645611e-05,1.2434552e-05,3.9655723e-05,-6.529067e-05,9.0159774e-05,8.402156e-05,False
-6.3808766e-05,2.3120767e-06,3.0728566e-05,-5.7915913e-05,6.2540064e-05,6.612084e-05,False
-0.00016783104,-0.00013356152,5.190632e-05,-0.00023529792,-3.1825133e-05,3.4269513e-05,True
-1.1606705e-05,-0.00023571814,3.7972193e-05,-0.00031014363,-0.00016129264,0.00022411143,False
9.662025e-05,-9.335581e-05,4.218836e-05,-0.000176045,-1.0666627e-05,0.00018997607,False
-5.8408452e-05,3.760428e-05,2.858644e-05,-1.8425144e-05,9.36337e-05,9.6012736e-05,False
-6.793807e-05,-0.00011709453,4.7320496e-05,-0.0002098427,-2.4346358e-05,4.9156464e-05,True
-8.987331e-05,-0.00011767314,2.8749893e-05,-0.00017402293,-6.132334e-05,2.7799826e-05,True
-0.00014340931,-0.00013864994,2.4583665e-05,-0.00018683392,-9.0465954e-05,4.7593785e-06,True
-0.00012762603,-0.00019252671,2.7905226e-05,-0.00024722095,-0.00013783247,6.490068e-05,False
-2.9523442e-05,-0.0001620448,2.2889308e-05,-0.00020690785,-0.00011718176,0.00013252135,False
-8.235936e-05,-7.6343415e-05,3.205013e-05,-0.00013916168,-1.3525154e-05,6.0159437e-06,True
-0.00014635992,-0.00012613318,3.338551e-05,-0.00019156878,-6.069758e-05,2.022674e-05,True
-0.00022183631,-0.00020734462,3.7185484e-05,-0.00028022818,-0.00013446106,1.4491685e-05,True
-0.00026538593,-0.00026748094,4.0369854e-05,-0.00034660584,-0.00018835602,2.0950101e-06,True
-0.00011389972,-0.00032274163,3.9641982e-05,-0.00040043992,-0.00024504334,0.00020884191,False
-0.00023380252,-0.00018324378,5.084856e-05,-0.00028290696,-8.3580606e-05,5.0558738e-05,True
-0.00038276028,-0.00028431352,4.4662105e-05,-0.00037185126,-0.00019677579,9.844676e-05,False
-0.00045256928,-0.00042043076,5.2452466e-05,-0.0005232376,-0.00031762393,3.2138516e-05,True
-0.00049505837,-0.00048803393,3.5146095e-05,-0.00055692025,-0.00041914757,7.0244423e-06,True
-0.0004707565,-0.00050497294,4.0346684e-05,-0.0005840524,-0.00042589344,3.4216442e-05,True
-0.00052988797,-0.00048570384,4.1956857e-05,-0.0005679393,-0.0004034684,4.4184126e-05,True
-0.0006118538,-0.00055114325,4.1137842e-05,-0.00063177344,-0.00047051307,6.0710532e-05,True
-0.0005968438,-0.00062620005,5.151441e-05,-0.0007271683,-0.0005252318,2.9356277e-05,True
-0.00074233493,-0.0006333331,3.732815e-05,-0.0007064963,-0.0005601699,0.00010900182,False
-0.000730915,-0.0007360215,6.377731e-05,-0.000861025,-0.000611018,5.1065e-06,True
-0.0007673111,-0.00070886686,4.766404e-05,-0.0008022884,-0.0006154453,5.8444217e-05,True
-0.0006007273,-0.0007494531,5.159149e-05,-0.0008505724,-0.00064833375,0.00014872581,False
-0.00042776263,-0.0006087766,5.7617235e-05,-0.00072170637,-0.0004958468,0.00018101395,False
-0.00046060715,-0.00042684414,5.1997107e-05,-0.00052875845,-0.0003249298,3.3763004e-05,True
-0.00042537888,-0.00044862358,4.5030738e-05,-0.00053688383,-0.00036036334,2.3244706e-05,True
-0.00048824667,-0.00043105226,3.6773894e-05,-0.0005031291,-0.00035897543,5.719441e-05,True
-0.00031950747,-0.0004986406,4.1217867e-05,-0.0005794276,-0.00041785356,0.00017913312,False
-0.00043888978,-0.0003733499,5.2057127e-05,-0.00047538188,-0.00027131793,6.5539876e-05,True
-0.00043484205,-0.00046002932,5.6750894e-05,-0.00057126104,-0.00034879756,2.518727e-05,True
-0.0007479758,-0.0004684921,4.4546676e-05,-0.0005558036,-0.0003811806,0.00027948368,False
-0.00074494496,-0.0007348597,9.904013e-05,-0.0009289784,-0.0005407411,1.0085234e-05,True
-0.00093484984,-0.000780679,6.115457e-05,-0.00090054196,-0.00066081603,0.00015417085,False
-0.0010084147,-0.0008953948,9.315411e-05,-0.0010779769,-0.00071281276,0.000113019836,True
-0.00087873114,-0.00096655363,7.8694036e-05,-0.001120794,-0.0008123133,8.78225e-05,True
-0.00076509675,-0.000871,5.1519408e-05,-0.00097197806,-0.0007700219,0.00010590325,False
-0.0007740537,-0.0007392336,6.3207044e-05,-0.00086311944,-0.0006153478,3.4820056e-05,True
-0.0006098909,-0.000725579,5.9371043e-05,-0.0008419462,-0.00060921174,0.000115688075,True
-0.00046251953,-0.000600511,6.3585096e-05,-0.00072513777,-0.00047588418,0.00013799145,False
-0.0005825228,-0.0004532694,5.2079555e-05,-0.0005553453,-0.00035119348,0.00012925343,False
-0.0005235167,-0.00053613144,5.4955275e-05,-0.0006438438,-0.0004284191,1.2614764e-05,True
-0.00049480563,-0.000494579,3.6404967e-05,-0.0005659328,-0.00042322528,2.2660242e-07,True
-0.00033326537,-0.0004695218,3.539411e-05,-0.00053889427,-0.00040014932,0.00013625642,False
-0.0001970574,-0.00032880876,4.6263613e-05,-0.00041948544,-0.00023813208,0.00013175137,False
-0.00018518395,-0.00019539792,3.9777264e-05,-0.00027336137,-0.00011743449,1.0213975e-05,True
-0.00051137933,-0.00020237967,3.2708645e-05,-0.0002664886,-0.00013827073,0.00030899968,False
-0.0003902878,-0.0004666112,9.3833616e-05,-0.0006505251,-0.00028269732,7.63234e-05,True
-0.00040882704,-0.00040506027,6.0614744e-05,-0.00052386516,-0.00028625538,3.7667633e-06,True
-0.00047668666,-0.0003751498,3.5565445e-05,-0.00044485807,-0.00030544153,0.00010153686,False
-0.0003767938,-0.00042564314,3.6825604e-05,-0.0004978213,-0.00035346497,4.8849353e-05,True
-0.0001955037,-0.00033022973,3.175868e-05,-0.00039247674,-0.00026798272,0.00013472603,False
-0.00042002523,-0.00016486154,5.344303e-05,-0.00026960988,-6.0113205e-05,0.0002551637,False
-0.00034190726,-0.00033386255,9.109246e-05,-0.0005124038,-0.00015532134,8.044706e-06,True
-0.00038598367,-0.00033446544,4.1667256e-05,-0.00041613326,-0.00025279762,5.1518233e-05,True
-0.0003199444,-0.000358695,3.5958492e-05,-0.00042917364,-0.00028821634,3.8750586e-05,True
-0.00011839659,-0.00031321112,3.236498e-05,-0.00037664647,-0.00024977577,0.00019481452,False
-7.628905e-05,-0.0001229847,5.965483e-05,-0.00023990817,-6.061229e-06,4.6695648e-05,True
-8.929213e-05,-5.491299e-05,3.1687883e-05,-0.00011702124,7.19526e-06,3.437914e-05,True
3.6642086e-05,-9.457699e-05,3.4978137e-05,-0.00016313414,-2.6019843e-05,0.00013121907,False
-7.6662094e-05,1.5400248e-05,4.6633042e-05,-7.600051e-05,0.00010680101,9.206234e-05,False
-0.00023135399,-8.512598e-05,5.851485e-05,-0.00019981508,2.9563125e-05,0.000146228,False
-0.00010247241,-0.0002343199,4.523029e-05,-0.00032297126,-0.00014566854,0.00013184748,False
-9.074369e-05,-0.00013183225,4.314782e-05,-0.00021640197,-4.7262518e-05,4.1088555e-05,True
-0.00027017816,-0.00010349268,3.1329982e-05,-0.00016489945,-4.2085914e-05,0.00016668548,False
-0.00017345678,-0.00025178943,6.139273e-05,-0.0003721192,-0.00013145967,7.8332654e-05,True
-8.546631e-05,-0.00021412589,4.7156856e-05,-0.00030655332,-0.000121698446,0.00012865958,False
-0.00018133085,-9.218308e-05,4.0589635e-05,-0.00017173876,-1.2627395e-05,8.914777e-05,False
-0.0002190842,-0.00016188703,3.831078e-05,-0.00023697616,-8.67979e-05,5.7197176e-05,True
-9.326819e-05,-0.0002030013,3.056007e-05,-0.00026289903,-0.00014310356,0.00010973311,False
-0.00011253117,-0.000114102586,5.130414e-05,-0.0002146587,-1.3546465e-05,1.5714177e-06,True
-0.0002541433,-0.00011306489,3.7580958e-05,-0.00018672357,-3.9406208e-05,0.0001410784,False
-0.00023870633,-0.0002491382,4.9226455e-05,-0.00034562204,-0.00015265433,1.0431861e-05,True
-0.00012252289,-0.00022666216,3.762002e-05,-0.0003003974,-0.00015292692,0.00010413927,False
-6.0135357e-05,-0.00011972367,4.4931243e-05,-0.00020778891,-3.1658434e-05,5.9588314e-05,True
-2.077178e-05,-4.7016012e-05,4.6227633e-05,-0.00013762218,4.359015e-05,2.6244232e-05,True
-0.00014079726,-1.2491978e-05,3.497132e-05,-8.103576e-05,5.6051806e-05,0.00012830528,False
-0.00025649587,-0.00014530121,4.9131988e-05,-0.0002415999,-4.9002512e-05,0.00011119466,False
-0.00017276952,-0.00028600945,4.872183e-05,-0.00038150424,-0.00019051466,0.000113239934,False
-5.594588e-05,-0.00020610211,3.59621e-05,-0.00027658782,-0.0001356164,0.00015015624,False
2.7120846e-05,-7.522236e-05,4.668661e-05,-0.00016672812,1.6283404e-05,0.000102343205,False
1.4373637e-05,1.8044457e-05,4.2064312e-05,-6.4401596e-05,0.000100490506,3.6708198e-06,True
-0.00016722223,9.732914e-06,3.4762994e-05,-5.840256e-05,7.786839e-05,0.00017695515,False
-0.00035883428,-0.00016950091,6.020942e-05,-0.0002875114,-5.1490446e-05,0.00018933337,False
-0.00066483615,-0.00033971178,4.920712e-05,-0.00043615774,-0.00024326582,0.00032512436,False
-0.00084306,-0.0006359113,7.760075e-05,-0.0007880088,-0.0004838138,0.00020714873,False
-0.0007435452,-0.00077140337,6.066022e-05,-0.0008902974,-0.00065250933,2.7858187e-05,True
-0.00078810914,-0.0006803045,4.7310372e-05,-0.00077303284,-0.0005875761,0.00010780466,False
-0.0008951638,-0.0007042116,4.70141e-05,-0.0007963592,-0.000612064,0.00019095221,False
-0.000833071,-0.0007840672,5.8305402e-05,-0.0008983458,-0.0006697886,4.9003807e-05,True
-0.0007082101,-0.0007083086,4.8199327e-05,-0.0008027793,-0.0006138379,9.848736e-08,True
-0.00050738076,-0.00060208695,4.796577e-05,-0.0006960998,-0.00050807407,9.470619e-05,False
-0.00044399366,-0.00039893904,5.7290716e-05,-0.00051122886,-0.00028664924,4.505462e-05,True
-0.00038303196,-0.00032382854,3.3643857e-05,-0.0003897705,-0.0002578866,5.920342e-05,True
-0.00042040134,-0.0002738798,3.507376e-05,-0.00034262438,-0.00020513522,0.00014652155,False
-0.0002686288,-0.00031714982,3.7377722e-05,-0.00039041016,-0.00024388949,4.8521033e-05,True
-0.0001364468,-0.0001719503,5.107726e-05,-0.00027206173,-7.183888e-05,3.55035e-05,True
-0.00010166476,-2.1338448e-05,4.0945335e-05,-0.00010159131,5.891441e-05,8.032631e-05,False
7.9521065e-05,6.3396337e-06,3.6081867e-05,-6.438082e-05,7.70601e-05,7.318143e-05,False
0.00018432745,0.00016546468,5.46235e-05,5.840262e-05,0.00027252673,1.8862775e-05,True
0.00032383695,0.00028170264,5.6352008e-05,0.0001712527,0.00039215258,4.2134314e-05,True
0.00036703705,0.00038455916,5.3163432e-05,0.00028035883,0.0004887595,1.7522107e-05,True
0.00064355345,0.0003993396,4.935598e-05,0.00030260187,0.0004960773,0.00024421385,False
0.00070451404,0.0005954183,0.000104073035,0.00039143517,0.0007994015,0.00010909571,True
0.0006415476,0.0006921522,7.34863e-05,0.000548119,0.00083618535,5.0604576e-05,True
0.00061375933,0.0006218023,6.4341635e-05,0.0004956927,0.00074791186,8.04296e-06,True
0.00075765164,0.00055787223,5.8135647e-05,0.00044392637,0.0006718181,0.0001997794,False
0.0006682643,0.0006750643,7.2885065e-05,0.0005322095,0.00081791903,6.7999936e-06,True
0.0008267926,0.0005886413,6.0937346e-05,0.00046920413,0.0007080785,0.00023815129,False
0.0006581835,0.0007065977,9.517816e-05,0.0005200485,0.0008931469,4.8414222e-05,True
0.00059174694,0.00056464074,8.799332e-05,0.00039217382,0.00073710765,2.7106202e-05,True
0.00048647085,0.00044821188,5.602356e-05,0.0003384057,0.00055801804,3.8258964e-05,True
0.00028534853,0.00035817226,4.3207143e-05,0.00027348625,0.00044285826,7.282372e-05,True
0.00030169825,0.00015270346,6.001097e-05,3.5081954e-05,0.00027032496,0.00014899479,False
0.00017989644,0.00015879315,4.0328232e-05,7.9749814e-05,0.00023783647,2.110329e-05,True
0.00011919281,6.977157e-05,3.9234328e-05,-7.12771e-06,0.00014667085,4.9421236e-05,True
5.3781205e-05,1.4216186e-05,3.627581e-05,-5.6884404e-05,8.531678e-05,3.956502e-05,True
-1.3016613e-05,-5.0731636e-05,3.4614717e-05,-0.000118576485,1.7113212e-05,3.7715025e-05,True
-8.465446e-05,-0.00011543204,2.852225e-05,-0.00017133565,-5.952843e-05,3.0777584e-05,True
-1.9534777e-05,-0.00019319275,3.160563e-05,-0.00025513978,-0.00013124573,0.00017365797,False
-7.927627e-05,-0.00014085145,4.0480416e-05,-0.00022019306,-6.150983e-05,6.157518e-05,True
-2.282322e-05,-0.00016673718,3.4604796e-05,-0.00023456258,-9.891178e-05,0.00014391396,False
-0.00015982625,-0.00011233289,4.1652853e-05,-0.00019397249,-3.06933e-05,4.7493355e-05,True
-0.00015371024,-0.00024070371,4.7737707e-05,-0.0003342696,-0.0001471378,8.6993474e-05,True
-6.646219e-05,-0.00022415943,3.2688902e-05,-0.00028822967,-0.00016008918,0.00015769724,False
-0.0001950018,-0.00014094487,3.4919558e-05,-0.00020938722,-7.250254e-05,5.405693e-05,True
-0.00017968674,-0.00027542262,4.4852743e-05,-0.000363334,-0.00018751124,9.573587e-05,False
4.4930366e-05,-0.0002586312,3.4404413e-05,-0.00032606383,-0.00019119855,0.00030356157,False
-6.750634e-05,-2.043584e-06,7.5326054e-05,-0.00014968266,0.00014559549,6.546276e-05,True
-0.00012866309,-9.482155e-05,5.3153348e-05,-0.00019900213,9.359013e-06,3.3841534e-05,True
-0.00024685386,-0.00015993937,3.5611945e-05,-0.00022973878,-9.013996e-05,8.6914486e-05,False
-0.00037586107,-0.00026512082,3.6299996e-05,-0.0003362688,-0.00019397282,0.00011074025,False
-0.0002639467,-0.0003890628,4.071013e-05,-0.00046885465,-0.00030927095,0.00012511609,False
-0.00017621432,-0.00027845427,3.693544e-05,-0.00035084772,-0.00020606082,0.00010223995,False
-0.00020167122,-0.00020499447,3.2633165e-05,-0.00026895548,-0.00014103347,3.32325e-06,True
-0.00020148185,-0.00024051851,3.2822376e-05,-0.00030485037,-0.00017618664,3.9036662e-05,True
-3.713982e-05,-0.00024456202,2.797589e-05,-0.00029939477,-0.00018972927,0.0002074222,False
-0.00015786527,-7.312627e-05,5.0944454e-05,-0.0001729774,2.6724862e-05,8.4739004e-05,True
-3.319579e-05,-0.0001759583,4.87157e-05,-0.00027144107,-8.047552e-05,0.00014276251,False
-0.000121210825,-8.015961e-05,5.7822745e-05,-0.00019349219,3.3172968e-05,4.1051215e-05,True
-0.00016044098,-0.00016130619,4.4626988e-05,-0.0002487751,-7.383729e-05,8.652132e-07,True
-0.0002923821,-0.00019297378,2.7592923e-05,-0.0002470559,-0.00013889164,9.940831e-05,False
-0.00042790483,-0.00031052175,4.0097944e-05,-0.00038911373,-0.00023192978,0.00011738308,False
-0.00051940535,-0.0004266365,3.584544e-05,-0.0004968936,-0.00035637943,9.276884e-05,False
-0.00066810485,-0.0005037361,4.3000524e-05,-0.0005880171,-0.00041945506,0.00016436877,False
-0.00065166835,-0.00064325484,5.5069715e-05,-0.00075119146,-0.0005353182,8.41351e-06,True
-0.0005870454,-0.00059574743,4.1100942e-05,-0.00067630527,-0.0005151896,8.702045e-06,True
-0.0005710871,-0.00051725184,4.2573767e-05,-0.0006006964,-0.00043380726,5.3835276e-05,True
-0.00053246843,-0.00048723706,3.6274017e-05,-0.00055833417,-0.00041613998,4.523137e-05,True
-0.00045648933,-0.0004392164,3.4596003e-05,-0.0005070246,-0.00037140824,1.727292e-05,True
-0.00035730453,-0.0003680893,3.5077413e-05,-0.00043684104,-0.00029933755,1.0784774e-05,True
-0.00020079431,-0.00025885328,4.4233628e-05,-0.00034555118,-0.00017215537,5.805897e-05,True
-0.00017075555,-9.806548e-05,6.362663e-05,-0.00022277367,2.6642716e-05,7.269007e-05,True
-0.00020930186,-5.5038818e-05,3.453971e-05,-0.00012273664,1.2659013e-05,0.00015426303,False
4.3758564e-06,-0.00010234404,2.9119483e-05,-0.00015941822,-4.5269855e-05,0.0001067199,False
4.7180605e-05,8.221596e-05,7.863238e-05,-7.19035e-05,0.00023633543,3.503536e-05,True
0.00019126364,0.00015262021,4.2205626e-05,6.9897185e-05,0.00023534324,3.8643426e-05,True
0.000307571,0.0002643035,6.044256e-05,0.00014583608,0.0003827709,4.32675e-05,True
0.00055113947,0.00038302116,5.96644e-05,0.00026607895,0.0004999634,0.0001681183,False
0.000501274,0.0005976021,0.00010017037,0.0004012682,0.000793936,9.632809e-05,True
0.00044453845,0.0005215793,6.514047e-05,0.000393904,0.0006492546,7.704084e-05,True
0.00038940768,0.00044500202,4.565739e-05,0.00035551353,0.0005344905,5.559434e-05,True
0.00026486922,0.00035759888,4.3748678e-05,0.0002718515,0.00044334627,9.2729664e-05,False
0.00045365375,0.00025548603,4.4850156e-05,0.00016757971,0.00034339234,0.00019816772,False
0.00035421783,0.0003962699,9.285994e-05,0.00021426441,0.0005782754,4.2052066e-05,True
0.00044064366,0.00034160056,5.0953084e-05,0.00024173252,0.0004414686,9.90431e-05,True
0.00039206597,0.00041284674,5.4473214e-05,0.00030607922,0.00051961426,2.0780775e-05,True
0.00050035585,0.00038600003,5.3934313e-05,0.00028028878,0.0004917113,0.00011435582,False
0.0007359403,0.000484215,6.504326e-05,0.0003567302,0.0006116998,0.0002517253,False
0.0009807708,0.00074230955,0.00011702711,0.0005129364,0.0009716827,0.00023846125,False
0.00082314893,0.0009587881,0.00011276792,0.00073776295,0.0011798132,0.00013563916,True
0.00060951133,0.0007958787,9.433091e-05,0.0006109901,0.0009807673,0.00018636737,False
0.0005169074,0.00056253374,7.4846495e-05,0.0004158346,0.0007092329,4.5626308e-05,True
0.0003759161,0.0004501147,5.292388e-05,0.0003463839,0.0005538455,7.4198586e-05,True
0.00021648509,0.0003342307,5.389936e-05,0.00022858795,0.00043987343,0.0001177456,False
0.0001185406,0.00015808002,5.1548017e-05,5.70459e-05,0.00025911414,3.9539416e-05,True
-1.8138963e-06,6.812723e-05,4.4398497e-05,-1.8893828e-05,0.00015514829,6.9941125e-05,True
0.00018922304,-4.7285503e-05,3.6349607e-05,-0.000118530734,2.3959728e-05,0.00023650854,False
0.00010257335,0.00012748597,7.768847e-05,-2.478344e-05,0.0002797554,2.4912617e-05,True
-2.4102878e-06,6.062958e-05,4.556465e-05,-2.867714e-05,0.0001499363,6.3039864e-05,True
2.5256046e-05,-3.5712394e-05,4.38547e-05,-0.0001216676,5.0242816e-05,6.096844e-05,True
-6.849307e-05,-2.9475984e-06,3.2612632e-05,-6.686836e-05,6.0973158e-05,6.554547e-05,False
-6.811993e-05,-8.765225e-05,4.4161126e-05,-0.00017420806,-1.0964432e-06,1.9532323e-05,True
-0.00011654141,-0.00012360259,3.38984e-05,-0.00019004344,-5.716172e-05,7.0611786e-06,True
-0.00022581067,-0.00017070769,3.4349796e-05,-0.00023803329,-0.00010338209,5.510298e-05,True
-0.00037075582,-0.0002842931,4.1785148e-05,-0.00036619202,-0.00020239422,8.646271e-05,False
-0.0002854636,-0.00040110867,4.4563425e-05,-0.00048845296,-0.00031376435,0.00011564506,False
-6.998787e-05,-0.00032432275,4.5111996e-05,-0.00041274226,-0.00023590325,0.00025433488,False
-1.8332243e-05,-7.618381e-05,6.358723e-05,-0.00020081477,4.844716e-05,5.785157e-05,True
4.5449997e-05,-1.24682565e-05,3.4943183e-05,-8.0956896e-05,5.6020384e-05,5.7918252e-05,True
-1.4847425e-05,5.4382315e-05,4.4890545e-05,-3.3603155e-05,0.00014236779,6.922974e-05,True
-6.526671e-05,1.4635552e-05,3.910882e-05,-6.201774e-05,9.128884e-05,7.990226e-05,False
-7.452116e-05,-5.4761913e-05,3.7505277e-05,-0.00012827225,1.8748433e-05,1.9759245e-05,True
-1.381999e-05,-7.8946345e-05,3.6167585e-05,-0.00014983481,-8.057876e-06,6.5126354e-05,True
-0.00011005018,-2.4806519e-05,3.0488045e-05,-8.4563086e-05,3.495005e-05,8.5243664e-05,False
8.7879016e-05,-0.00011291474,4.651043e-05,-0.00020407519,-2.1754298e-05,0.00020079376,False
3.8335435e-05,4.213296e-05,5.5713448e-05,-6.70654e-05,0.00015133132,3.797526e-06,True
7.7254575e-05,1.3102391e-05,4.133042e-05,-6.790523e-05,9.4110015e-05,6.4152184e-05,True
-5.4479602e-05,2.842149e-05,3.1985197e-05,-3.42695e-05,9.111248e-05,8.290109e-05,False
-6.6454515e-05,-9.691904e-05,4.484969e-05,-0.00018482443,-9.0136455e-06,3.0464522e-05,True
-9.763164e-05,-0.00011624333,2.8777533e-05,-0.0001726473,-5.9839367e-05,1.8611696e-05,True
-1.1670139e-06,-0.0001533619,3.3223372e-05,-0.00021847972,-8.8244095e-05,0.00015219489,False
9.691615e-05,-6.4658394e-05,4.375945e-05,-0.00015042692,2.1110129e-05,0.00016157454,False
2.1835984e-05,6.276576e-05,5.086032e-05,-3.692047e-05,0.000162452,4.092977e-05,True
7.1624156e-05,-9.885295e-06,3.725998e-05,-8.2914856e-05,6.314426e-05,8.150945e-05,False
2.6903488e-05,1.1167966e-05,3.5155805e-05,-5.7737412e-05,8.007334e-05,1.5735523e-05,True
3.4147513e-05,-2.4021405e-05,3.6469326e-05,-9.550129e-05,4.7458474e-05,5.8168916e-05,True
-7.067541e-05,-2.4459117e-05,3.1148174e-05,-8.550954e-05,3.6591304e-05,4.621629e-05,True
-8.738201e-05,-0.00012437532,4.418413e-05,-0.00021097621,-3.777443e-05,3.699331e-05,True
-3.98245e-05,-0.00014260097,3.192656e-05,-0.00020517703,-8.002491e-05,0.00010277647,False
-0.00022419228,-9.117208e-05,2.8876608e-05,-0.00014777023,-3.4573924e-05,0.00013302019,False
-0.00031192543,-0.00023430052,7.302003e-05,-0.00037741978,-9.118125e-05,7.762491e-05,True
-0.00050347345,-0.0003436413,4.461254e-05,-0.00043108186,-0.00025620073,0.00015983215,False
-0.00034697392,-0.00052385725,5.7614758e-05,-0.00063678215,-0.00041093232,0.00017688333,False
-0.00045410206,-0.00040279413,7.394297e-05,-0.00054772233,-0.00025786593,5.130793e-05,True
-0.0004949103,-0.00045333058,5.0648596e-05,-0.0005526018,-0.00035405933,4.157971e-05,True
-0.0005461488,-0.00051078247,3.8893304e-05,-0.0005870133,-0.0004345516,3.5366334e-05,True
-0.0005414136,-0.00053305924,3.862213e-05,-0.0006087586,-0.00045735986,8.354371e-06,True
-0.0005100278,-0.0005362137,3.5871442e-05,-0.00060652173,-0.00046590564,2.618588e-05,True
-0.0006399615,-0.00051251217,3.215177e-05,-0.00057552964,-0.0004494947,0.00012744934,False
-0.0007000289,-0.000605895,5.5170418e-05,-0.000714029,-0.000497761,9.4133895e-05,True
-0.0007504422,-0.00068256544,4.6999914e-05,-0.0007746853,-0.0005904456,6.787677e-05,True
-0.00059378694,-0.00072537176,4.866184e-05,-0.000820749,-0.00062999455,0.00013158482,False
-0.00056185224,-0.0006002261,6.0181937e-05,-0.0007181827,-0.0004822695,3.8373866e-05,True
-0.00064331637,-0.00054363994,4.5527304e-05,-0.00063287345,-0.00045440643,9.967643e-05,False
-0.0005154192,-0.00064296654,5.2837822e-05,-0.0007465287,-0.0005394044,0.00012754736,False
-0.00038934272,-0.0005382624,4.9884893e-05,-0.0006360368,-0.00044048805,0.0001489197,False
-0.00055109186,-0.00041274566,4.281554e-05,-0.00049666414,-0.0003288272,0.0001383462,False
-0.00069355674,-0.00056541635,6.3980086e-05,-0.0006908173,-0.0004400154,0.00012814038,False
-0.0007090914,-0.0007046268,6.872422e-05,-0.00083932624,-0.00056992733,4.464586e-06,True
-0.00069730496,-0.00073181256,5.0976552e-05,-0.0008317266,-0.0006318985,3.4507597e-05,True
-0.00090789923,-0.00071396126,4.8741847e-05,-0.0008094953,-0.00061842724,0.00019393797,False
-0.0009061084,-0.00089251215,8.900499e-05,-0.0010669619,-0.0007180624,1.3596262e-05,True
-0.0009148663,-0.00089903636,5.7815283e-05,-0.0010123543,-0.0007857184,1.5829923e-05,True
-0.00079176493,-0.0008787837,7.318225e-05,-0.0010222209,-0.00073534646,8.7018765e-05,True
-0.0007124598,-0.000765981,5.8616537e-05,-0.0008808694,-0.00065109256,5.3521188e-05,True
-0.0004741838,-0.0006535314,5.3429223e-05,-0.0007582527,-0.0005488101,0.00017934761,False
-0.00046359893,-0.00041723854,8.3697014e-05,-0.0005812847,-0.00025319238,4.6360394e-05,True
-0.00047283294,-0.00039644502,4.243675e-05,-0.00047962106,-0.00031326897,7.638792e-05,True
-0.0003943321,-0.0003996688,3.5933448e-05,-0.00047009834,-0.00032923924,5.336682e-06,True
-0.00034160053,-0.00033684797,3.917954e-05,-0.00041363988,-0.00026005605,4.752568e-06,True
-0.00031072935,-0.0002952359,3.2797736e-05,-0.00035951944,-0.00023095233,1.5493453e-05,True
-0.00016491198,-0.00025425194,3.7573587e-05,-0.00032789615,-0.0001806077,8.9339956e-05,False
-0.00010756474,-0.00013515333,4.9147355e-05,-0.00023148215,-3.882451e-05,2.758859e-05,True
-0.00018348737,-8.026597e-05,3.674155e-05,-0.0001522794,-8.252537e-06,0.0001032214,False
-0.00019035561,-0.00015227195,4.1601386e-05,-0.00023381067,-7.073324e-05,3.8083657e-05,True
-0.00031536946,-0.0001819602,3.0169542e-05,-0.00024109251,-0.0001228279,0.00013340925,False
-0.00031684514,-0.0003012603,5.759808e-05,-0.00041415254,-0.00018836805,1.558484e-05,True
-0.00057770946,-0.00034970927,3.64521e-05,-0.0004211554,-0.00027826315,0.0002280002,False
-0.0004922864,-0.0005556167,9.586907e-05,-0.0007435201,-0.0003677133,6.3330284e-05,True
-0.0003416894,-0.0005436289,6.733252e-05,-0.0006756006,-0.00041165715,0.00020193949,False
-0.00041403854,-0.0003891997,5.2659856e-05,-0.000492413,-0.00028598637,2.4838839e-05,True
-0.00031554958,-0.00045924296,5.201121e-05,-0.00056118495,-0.00035730097,0.00014369338,False
-0.00054124993,-0.0003772036,4.4706947e-05,-0.0004648292,-0.000289578,0.00016404633,False
-0.00064810325,-0.00055807986,6.326055e-05,-0.00068207056,-0.00043408916,9.0023386e-05,True
-0.000646227,-0.00062842673,4.904631e-05,-0.0007245575,-0.00053229596,1.7800252e-05,True
-0.00076133135,-0.00063242385,4.8924998e-05,-0.00072831684,-0.00053653086,0.0001289075,False
-0.0007270965,-0.00073753914,5.3130858e-05,-0.0008416756,-0.00063340267,1.0442629e-05,True
-0.0008001323,-0.0007129286,6.1602404e-05,-0.0008336693,-0.00059218786,8.720369e-05,True
-0.0007060969,-0.0007684992,5.1915787e-05,-0.0008702542,-0.00066674425,6.240234e-05,True
-0.000815193,-0.00069567456,6.007407e-05,-0.00081341976,-0.0005779294,0.00011951843,False
-0.0008425336,-0.000769554,6.5783745e-05,-0.00089849014,-0.00064061786,7.29796e-05,True
-0.000895708,-0.000800142,5.2885316e-05,-0.0009037972,-0.0006964868,9.556598e-05,True
-0.0009543401,-0.0008532124,5.0764575e-05,-0.0009527109,-0.00075371383,0.00010112772,False
-0.0009520306,-0.0009018086,6.217595e-05,-0.0010236735,-0.0007799438,5.0221977e-05,True
-0.0009618012,-0.00086776464,5.4040167e-05,-0.0009736834,-0.0007618459,9.403657e-05,True
-0.00081872684,-0.00088130357,5.9784637e-05,-0.0009984814,-0.00076412567,6.257673e-05,True
-0.0007391505,-0.0007759241,4.9064718e-05,-0.000872091,-0.0006797573,3.677362e-05,True
-0.0008523162,-0.00068087527,5.0128685e-05,-0.00077912747,-0.00058262306,0.00017144094,False
-0.0009065507,-0.00079188985,7.1087314e-05,-0.000931221,-0.0006525587,0.00011466083,True
-0.0007808709,-0.0008644025,6.27674e-05,-0.0009874266,-0.0007413784,8.35316e-05,True
-0.0006562302,-0.00075765053,5.6034234e-05,-0.0008674776,-0.00064782344,0.00010142033,True
-0.0007361411,-0.000654991,5.1719948e-05,-0.0007563621,-0.00055361993,8.1150094e-05,True
-0.00065300305,-0.00069439696,5.368602e-05,-0.0007996216,-0.00058917236,4.1393912e-05,True
-0.0006899021,-0.0006624981,5.663623e-05,-0.00077350513,-0.0005514911,2.7403992e-05,True
-0.00083871547,-0.00065268186,4.865027e-05,-0.0007480364,-0.00055732735,0.0001860336,False
-0.0007748118,-0.0007653217,5.7379933e-05,-0.00087778637,-0.00065285707,9.490061e-06,True
-0.000782851,-0.000728703,5.4726985e-05,-0.0008359679,-0.0006214381,5.4148026e-05,True
-0.0006267583,-0.0007092489,4.842501e-05,-0.0008041619,-0.0006143359,8.249056e-05,True
-0.0006433459,-0.00056585926,5.6316705e-05,-0.00067624,-0.0004554785,7.748662e-05,True
-0.00055645814,-0.0005685491,4.4149212e-05,-0.00065508153,-0.00048201665,1.20909535e-05,True
-0.00046808957,-0.00049570954,4.8812795e-05,-0.0005913826,-0.00040003646,2.7619972e-05,True
-0.0004907361,-0.0004423113,4.3945878e-05,-0.00052844523,-0.0003561774,4.8424787e-05,True
-0.00065225665,-0.00046025816,3.6317295e-05,-0.0005314401,-0.00038907625,0.0001919985,False
-0.0007004297,-0.0005804669,6.5315915e-05,-0.00070848607,-0.00045244768,0.000119962846,True
-0.000681201,-0.000635095,4.658484e-05,-0.0007264013,-0.0005437887,4.6105997e-05,True
-0.0005231884,-0.00062876946,4.38787e-05,-0.0007147717,-0.00054276723,0.00010558107,False
-0.0004825901,-0.00047338093,6.180829e-05,-0.0005945252,-0.00035223668,9.20918e-06,True
-0.000548152,-0.00041983955,3.5323974e-05,-0.00048907456,-0.00035060456,0.00012831247,False
-0.0004466068,-0.00050499727,4.0281306e-05,-0.0005839486,-0.0004260459,5.8390462e-05,True
-0.000495528,-0.0004232513,4.254431e-05,-0.00050663814,-0.00033986446,7.2276685e-05,True
-0.0006231008,-0.00047379543,4.4737644e-05,-0.0005614812,-0.00038610963,0.00014930536,False
-0.0007205654,-0.0005805137,4.64985e-05,-0.00067165075,-0.0004893766,0.0001400517,False
-0.00081167376,-0.00068327575,5.0428764e-05,-0.00078211614,-0.00058443536,0.00012839801,False
-0.00091524253,-0.0007464224,5.583732e-05,-0.00085586356,-0.0006369812,0.00016882014,False
-0.0009587736,-0.0008412721,6.143531e-05,-0.0009616853,-0.0007208589,0.00011750148,True
-0.0009803826,-0.0008956644,5.7958783e-05,-0.0010092636,-0.00078206515,8.4718165e-05,True
-0.0009183321,-0.0009154225,5.87109e-05,-0.0010304959,-0.00080034917,2.9095681e-06,True
-0.0009555129,-0.00086405256,5.959831e-05,-0.0009808652,-0.00074723986,9.146036e-05,True
-0.00077189854,-0.0008505635,5.3342726e-05,-0.00095511525,-0.0007460118,7.8664976e-05,True
-0.00071430096,-0.0006706002,6.741035e-05,-0.0008027245,-0.0005384759,4.370074e-05,True
-0.0007546325,-0.00060410384,3.6737078e-05,-0.0006761085,-0.00053209916,0.00015052868,False
-0.00068616454,-0.0006663205,5.2704487e-05,-0.0007696213,-0.0005630197,1.984404e-05,True
-0.0007525707,-0.00060771295,4.411233e-05,-0.0006941731,-0.0005212528,0.00014485774,False
-0.000767061,-0.000664914,4.7327492e-05,-0.0007576759,-0.00057215214,0.000102146994,False
-0.00083746586,-0.0006850707,4.3008655e-05,-0.0007693677,-0.0006007737,0.00015239517,False
-0.00079196977,-0.00074198795,5.077527e-05,-0.00084150746,-0.00064246845,4.9981812e-05,True
-0.0008602797,-0.00071453006,5.3401112e-05,-0.0008191962,-0.0006098639,0.00014574965,False
-0.0008912156,-0.0007693783,5.910462e-05,-0.0008852234,-0.00065353326,0.00012183725,False
-0.0008726771,-0.0008175584,6.808744e-05,-0.00095100974,-0.000684107,5.5118697e-05,True
-0.0010587848,-0.0008164057,4.781945e-05,-0.00091013184,-0.00072267954,0.00024237909,False
-0.0009898749,-0.0009468836,7.56512e-05,-0.0010951599,-0.00079860725,4.2991363e-05,True
-0.00083968486,-0.0009130361,7.20572e-05,-0.0010542682,-0.000771804,7.335126e-05,True
-0.0006998971,-0.0007377738,4.9355596e-05,-0.0008345108,-0.0006410368,3.7876656e-05,True
-0.00038216505,-0.0006281826,5.79562e-05,-0.0007417768,-0.00051458844,0.00024601756,False
-0.0005061818,-0.00035522907,7.966243e-05,-0.00051136746,-0.0001990907,0.00015095272,True
-0.0006959439,-0.0004267679,6.153278e-05,-0.00054737215,-0.00030616362,0.000269176,False
-0.0007355355,-0.00061332854,7.757618e-05,-0.00076537783,-0.00046127924,0.00012220698,True
-0.00069530087,-0.0007045572,5.1152474e-05,-0.0008048161,-0.0006042984,9.256357e-06,True
-0.000702677,-0.00063781225,5.356808e-05,-0.0007428057,-0.0005328188,6.4864755e-05,True
-0.0006991543,-0.00062276307,3.927101e-05,-0.00069973426,-0.0005457919,7.639121e-05,True
-0.0006716549,-0.00061380875,4.1225005e-05,-0.0006946098,-0.0005330077,5.7846133e-05,True
-0.0005186152,-0.000597992,4.4665358e-05,-0.00068553607,-0.0005104479,7.93768e-05,True
-0.0004963776,-0.0004788921,5.85355e-05,-0.0005936217,-0.0003641625,1.7485494e-05,True
-0.00025543346,-0.000433138,3.197797e-05,-0.00049581483,-0.00037046117,0.00017770453,False
-0.00030894033,-0.0002220637,7.268988e-05,-0.00036453587,-7.9591526e-05,8.687664e-05,True
-0.0003514632,-0.00026277357,5.0184448e-05,-0.00036113508,-0.00016441205,8.8689645e-05,True
-0.00035029525,-0.00030591653,3.294999e-05,-0.0003704985,-0.00024133455,4.4378714e-05,True
-0.00024357103,-0.00033703377,3.4432065e-05,-0.0004045206,-0.00026954693,9.346273e-05,False
6.77794e-05,-0.00023503762,4.542483e-05,-0.00032407028,-0.00014600495,0.00030281703,False
0.00011666608,3.9438117e-05,0.00010334919,-0.0001631263,0.00024200254,7.722796e-05,True
0.00016729713,8.623719e-05,4.1357587e-05,5.17632e-06,0.00016729806,8.105994e-05,True
0.00013982909,0.000119520395,4.661011e-05,2.8164584e-05,0.0002108762,2.0308697e-05,True
0.00013058077,7.8237674e-05,3.9883762e-05,6.549817e-08,0.00015640985,5.2343094e-05,True
4.5873214e-05,3.5376765e-05,3.3054057e-05,-2.9409191e-05,0.000100162724,1.0496449e-05,True
-5.7998703e-05,-3.0993753e-05,3.3631663e-05,-9.691181e-05,3.4924306e-05,2.700495e-05,True
-6.735273e-05,-0.00013522069,3.426857e-05,-0.00020238709,-6.805429e-05,6.786796e-05,False
-3.5076613e-05,-0.00014836252,3.1926847e-05,-0.00021093915,-8.5785905e-05,0.00011328591,False
-0.00024007935,-0.00010255981,4.071408e-05,-0.0001823594,-2.2760214e-05,0.00013751953,False
-0.00025604243,-0.00028379192,7.3391195e-05,-0.00042763865,-0.00013994517,2.7749484e-05,True
-0.00038639648,-0.00034510216,3.582722e-05,-0.0004153235,-0.00027488082,4.129432e-05,True
-0.00059707614,-0.0004440015,4.62891e-05,-0.0005347281,-0.00035327487,0.00015307465,False
-0.0006998976,-0.00066111557,7.6827055e-05,-0.00081169663,-0.0005105345,3.878202e-05,True
-0.0007135085,-0.0007548399,4.9986753e-05,-0.00085281394,-0.0006568659,4.1331397e-05,True
-0.00061282684,-0.00076927093,5.1168023e-05,-0.0008695603,-0.0006689816,0.00015644409,False
-0.0006270061,-0.00063262763,6.2580104e-05,-0.0007552846,-0.00050997065,5.6215213e-06,True
-0.0006432312,-0.0006450253,4.9732942e-05,-0.00074250187,-0.0005475487,1.7940765e-06,True
-0.00056765595,-0.000655828,4.6782196e-05,-0.00074752106,-0.0005641349,8.817203e-05,True
-0.00059365155,-0.0005969054,4.076759e-05,-0.0006768099,-0.0005170009,3.2538665e-06,True
-0.00073783076,-0.0006120786,4.2976048e-05,-0.00069631165,-0.0005278455,0.00012575218,False
-0.00075510173,-0.00070598925,6.081143e-05,-0.0008251797,-0.0005867988,4.911248e-05,True
-0.0006251122,-0.0007512571,4.443711e-05,-0.0008383539,-0.00066416035,0.0001261449,False
-0.0005112068,-0.0006185768,6.319382e-05,-0.00074243674,-0.0004947169,0.000107370026,True
-0.00035840625,-0.00047472416,4.9123857e-05,-0.0005710069,-0.00037844141,0.00011631791,False
-0.00016147924,-0.0003489495,4.966497e-05,-0.00044629286,-0.00025160616,0.00018747027,False
-0.00021473714,-0.00014542714,5.2047177e-05,-0.0002474396,-4.341467e-05,6.931e-05,True
-7.0766e-05,-0.00019104847,3.8884227e-05,-0.00026726155,-0.000114835384,0.00012028247,False
-0.00015491583,-9.590932e-05,5.016186e-05,-0.00019422657,2.4079272e-06,5.900651e-05,True
-0.00037237143,-0.00015832935,4.382307e-05,-0.00024422258,-7.243613e-05,0.00021404208,False
-0.0004417126,-0.0003578047,6.483676e-05,-0.00048488475,-0.00023072466,8.3907886e-05,True
-0.00040331128,-0.000445382,3.7684644e-05,-0.0005192439,-0.0003715201,4.2070722e-05,True
-0.0004952968,-0.00041810414,3.5655445e-05,-0.00048798881,-0.00034821947,7.719264e-05,False
-0.0005062187,-0.0004705788,4.4120592e-05,-0.0005570552,-0.00038410243,3.563991e-05,True
-0.00043075427,-0.00050483824,3.8688075e-05,-0.0005806669,-0.0004290096,7.4083975e-05,True
-0.00057399075,-0.0004416594,5.1184794e-05,-0.0005419816,-0.00034133717,0.00013233136,False
-0.0005693992,-0.00052772014,5.0756073e-05,-0.00062720204,-0.00042823824,4.167907e-05,True
-0.00039341717,-0.0005302932,3.8821796e-05,-0.00060638395,-0.0004542025,0.00013687604,False
-0.00041125616,-0.00033295128,5.876182e-05,-0.00044812445,-0.00021777811,7.8304874e-05,True
-0.00019719407,-0.00032617874,3.720685e-05,-0.00039910414,-0.00025325333,0.00012898467,False
0.00014009075,-0.00015461542,5.93366e-05,-0.00027091516,-3.8315688e-05,0.00029470617,False
0.00016427279,0.00018630078,9.5637224e-05,-1.1481898e-06,0.00037374976,2.202799e-05,True
0.00024119556,0.00022164798,5.2092426e-05,0.00011954682,0.00032374915,1.9547588e-05,True
0.00015720303,0.00026163022,5.0158746e-05,0.00016331908,0.00035994136,0.00010442719,False
0.0002461691,0.00018648013,4.7493802e-05,9.339228e-05,0.000279568,5.9688973e-05,True
0.00021609514,0.00024571398,4.7143432e-05,0.00015331285,0.0003381151,2.9618837e-05,True
4.522337e-05,0.00022071245,4.366778e-05,0.0001351236,0.00030630128,0.00017548908,False
6.7540816e-05,8.184985e-05,5.6519926e-05,-2.8929207e-05,0.00019262891,1.43090365e-05,True
-6.065538e-06,6.596402e-05,4.2729083e-05,-1.7784987e-05,0.00014971303,7.202956e-05,True
0.00013361887,8.340228e-06,3.669447e-05,-6.3580934e-05,8.026139e-05,0.00012527865,False
7.067124e-05,0.00012542268,5.754274e-05,1.2638906e-05,0.00023820646,5.4751443e-05,True
-1.0277641e-05,6.21163e-05,4.062076e-05,-1.7500388e-05,0.00014173298,7.239394e-05,True
4.4488304e-05,-2.2281269e-05,3.623374e-05,-9.32994e-05,4.8736867e-05,6.676957e-05,True
0.00013228493,1.5593952e-05,3.7538204e-05,-5.798093e-05,8.916884e-05,0.00011669098,False
0.00031132574,0.000113804825,4.8360973e-05,1.9017316e-05,0.00020859233,0.00019752092,False
0.00033324806,0.00024091445,5.0776493e-05,0.00014139252,0.00034043638,9.2333605e-05,True
0.00020358902,0.0002465224,5.0005696e-05,0.00014851123,0.00034453356,4.2933374e-05,True
0.00016797538,8.6487235e-05,5.7281373e-05,-2.5784262e-05,0.00019875873,8.148814e-05,True
3.8329053e-05,4.430192e-05,2.9736868e-05,-1.3982342e-05,0.000102586186,5.9728663e-06,True
-5.761051e-05,-7.33474e-05,4.1683707e-05,-0.00015504747,8.352668e-06,1.5736892e-05,True
-0.00013041808,-0.00015370981,3.3138953e-05,-0.00021866217,-8.8757464e-05,2.3291737e-05,True
-0.00031345332,-0.00022911718,3.464762e-05,-0.00029702653,-0.00016120785,8.4336134e-05,False
-0.00034946162,-0.00039224926,5.7916546e-05,-0.00050576567,-0.00027873283,4.2787637e-05,True
-0.0005322931,-0.00046147167,3.9554074e-05,-0.00053899764,-0.0003839457,7.0821436e-05,True
-0.0005538745,-0.00060556224,7.2057075e-05,-0.0007467941,-0.00046433037,5.1687763e-05,True
-0.00065722124,-0.0006474429,4.5388482e-05,-0.0007364043,-0.00055848144,9.778363e-06,True
-0.0007096162,-0.000736703,4.631789e-05,-0.00082748604,-0.00064591994,2.7086819e-05,True
-0.00068580674,-0.0007618158,4.5019708e-05,-0.00085005444,-0.0006735772,7.600908e-05,True
-0.00069810514,-0.0007533329,4.5095952e-05,-0.00084172096,-0.0006649449,5.5227778e-05,True
-0.0006955676,-0.00075195625,4.430511e-05,-0.0008387943,-0.0006651182,5.638867e-05,True
-0.000873944,-0.00073028705,4.0134462e-05,-0.00080895063,-0.0006516235,0.00014365697,False
-0.0008330406,-0.0008668514,6.752514e-05,-0.0009992007,-0.00073450216,3.3810793e-05,True
-0.00096750323,-0.0008310635,4.5256467e-05,-0.00091976614,-0.00074236083,0.00013643975,False
-0.0011213473,-0.0009028763,5.6580742e-05,-0.0010137745,-0.0007919781,0.00021847099,False
-0.00093106227,-0.001036488,7.6738914e-05,-0.0011868962,-0.00088607974,0.000105425715,True
-0.00090670306,-0.00091414654,6.93958e-05,-0.0010501624,-0.0007781308,7.4434793e-06,True
-0.0006963667,-0.0008472211,3.8704078e-05,-0.0009230811,-0.0007713611,0.00015085441,False
-0.0005264658,-0.00064904557,8.452041e-05,-0.00081470556,-0.00048338558,0.00012257975,True
-0.00048613007,-0.000444332,6.158543e-05,-0.00056503946,-0.00032362455,4.1798077e-05,True
-0.00049261906,-0.0003847925,3.56107e-05,-0.0004545895,-0.00031499553,0.00010782655,False
-0.0005407922,-0.0004017386,3.8569575e-05,-0.00047733495,-0.00032614224,0.00013905359,False
-0.00039551695,-0.00045426577,3.5636465e-05,-0.00052411325,-0.0003844183,5.8748818e-05,True
-0.00033448573,-0.0003288316,6.104929e-05,-0.00044848822,-0.00020917499,5.6541176e-06,True
-0.00021890727,-0.00025939944,3.4723573e-05,-0.00032745764,-0.00019134124,4.0492174e-05,True
-0.00011230462,-0.0001593985,4.107522e-05,-0.00023990594,-7.889107e-05,4.709389e-05,True
-8.06629e-05,-6.0408704e-05,4.307311e-05,-0.000144832,2.401459e-05,2.02542e-05,True
-5.787178e-05,-2.026627e-05,3.0799805e-05,-8.0633894e-05,4.010135e-05,3.760551e-05,True
-2.6390097e-05,-1.3925248e-05,3.7338406e-05,-8.710852e-05,5.925803e-05,1.2464849e-05,True
0.00018372358,2.8922138e-06,3.7105576e-05,-6.9834714e-05,7.5619144e-05,0.00018083137,False
0.00017229785,0.00021456703,7.560057e-05,6.638991e-05,0.00036274415,4.226918e-05,True
0.00019753534,0.00019959288,4.5615863e-05,0.000110185785,0.00028899996,2.057539e-06,True
0.00018976122,0.00021548485,3.525875e-05,0.0001463777,0.00028459198,2.5723624e-05,True
0.00023978924,0.0002067963,4.1715837e-05,0.00012503326,0.00028855936,3.299293e-05,True
0.00038690164,0.00024536482,5.025383e-05,0.0001468673,0.00034386234,0.00014153682,False
0.00045508973,0.00036902912,5.948226e-05,0.0002524439,0.00048561435,8.606061e-05,True
0.00047923427,0.00043099132,5.317582e-05,0.00032676672,0.00053521595,4.8242946e-05,True
0.0005285552,0.00046512994,4.988758e-05,0.0003673503,0.0005629096,6.342525e-05,True
0.0004646251,0.00048805226,6.4472166e-05,0.0003616868,0.0006144177,2.3427157e-05,True
0.00031893083,0.00042151887,5.7144127e-05,0.00030951638,0.00053352135,0.000102588034,True
0.00020284201,0.00027242984,5.9359867e-05,0.0001560845,0.0003887752,6.9587826e-05,True
7.9023754e-05,0.00014506093,3.765532e-05,7.1256494e-05,0.00021886536,6.603717e-05,True
5.7670124e-05,1.7528804e-05,4.664121e-05,-7.388796e-05,0.000108945576,4.014132e-05,True
-8.903814e-05,-3.3713146e-05,2.7670825e-05,-8.794796e-05,2.0521671e-05,5.5324996e-05,False
-7.677737e-05,-0.00016624587,4.1703195e-05,-0.00024798414,-8.450761e-05,8.94685e-05,False
-0.00010490966,-0.00016749252,3.298055e-05,-0.00023213439,-0.00010285063,6.2582854e-05,True
-5.4168508e-05,-0.00017765311,2.9523924e-05,-0.00023552001,-0.00011978622,0.00012348461,False
-0.00016263327,-0.000107385145,4.1157466e-05,-0.00018805379,-2.6716509e-05,5.524812e-05,True
-0.00017107175,-0.00020224707,4.3824595e-05,-0.0002881433,-0.000116350864,3.1175325e-05,True
-0.0001446742,-0.0002156452,2.868699e-05,-0.0002718717,-0.00015941869,7.0971e-05,False
-0.00023326561,-0.00019015232,3.0429495e-05,-0.00024979413,-0.00013051051,4.3113294e-05,True
-0.00049587816,-0.0002552193,3.8984603e-05,-0.00033162913,-0.00017880947,0.00024065888,False
-0.00042741277,-0.00048904197,7.535678e-05,-0.0006367413,-0.00034134267,6.1629195e-05,True
-0.0005383011,-0.0004447576,4.7204016e-05,-0.0005372775,-0.00035223772,9.3543465e-05,False
-0.00052560057,-0.0005215488,4.0715862e-05,-0.0006013519,-0.0004417457,4.051777e-06,True
-0.0006020652,-0.00051518535,3.7890033e-05,-0.00058944983,-0.00044092088,8.687982e-05,False
-0.0006808267,-0.00054609287,3.7027236e-05,-0.00061866624,-0.0004735195,0.00013473385,False
-0.00063559576,-0.00060522265,4.2465756e-05,-0.00068845553,-0.0005219898,3.0373107e-05,True
-0.00069231295,-0.00056040625,4.3118223e-05,-0.00064491795,-0.00047589454,0.00013190671,False
-0.0005784016,-0.00057735475,4.349336e-05,-0.0006626017,-0.00049210776,1.0468648e-06,True
-0.000601029,-0.00050025084,4.737866e-05,-0.000593113,-0.00040738867,0.00010077818,False
-0.00068970845,-0.000501402,3.895133e-05,-0.0005777466,-0.0004250574,0.00018830644,False
-0.00060223264,-0.0005912127,5.4105178e-05,-0.00069725886,-0.00048516656,1.1019933e-05,True
-0.0005409619,-0.0005316559,4.389695e-05,-0.00061769394,-0.0004456179,9.306008e-06,True
-0.0006210216,-0.00045901965,4.0608124e-05,-0.00053861155,-0.0003794277,0.00016200196,False
-0.00060158933,-0.0005376592,4.186026e-05,-0.0006197053,-0.0004556131,6.3930114e-05,True
-0.00065146596,-0.000516985,4.2368716e-05,-0.00060002774,-0.00043394233,0.00013448094,False
-0.00067379215,-0.0005633773,4.4993958e-05,-0.00065156544,-0.00047518912,0.00011041487,False
-0.00076241285,-0.00057556335,4.206808e-05,-0.00065801677,-0.0004931099,0.0001868495,False
-0.0005649205,-0.0006369161,5.056231e-05,-0.00073601824,-0.00053781393,7.19956e-05,True
-0.00039192758,-0.0004946385,6.474991e-05,-0.00062154833,-0.0003677287,0.00010271094,True
-0.0003858222,-0.00033784675,4.2232266e-05,-0.000420622,-0.0002550715,4.7975453e-05,True
-0.00046086218,-0.00030062665,2.9859477e-05,-0.00035915122,-0.00024210208,0.00016023553,False
-0.00032129072,-0.00037111517,4.339695e-05,-0.0004561732,-0.00028605713,4.9824448e-05,True
-0.0003187545,-0.00022561796,4.8791426e-05,-0.00032124916,-0.00012998676,9.3136536e-05,True
-7.1508e-05,-0.00023498014,4.157835e-05,-0.0003164737,-0.00015348656,0.00016347214,False
2.0834683e-05,-1.9881849e-05,6.748652e-05,-0.00015215544,0.00011239175,4.071653e-05,True
0.00015285569,7.6917495e-05,4.924564e-05,-1.9603955e-05,0.00017343895,7.5938195e-05,True
0.00029923848,0.0001758102,5.8784593e-05,6.0592392e-05,0.000291028,0.00012342828,False
0.0003391154,0.00030713444,6.998774e-05,0.00016995847,0.00044431043,3.1980948e-05,True
0.00036942292,0.00031877603,4.435597e-05,0.00023183832,0.00040571374,5.0646893e-05,True
0.0003689034,0.00034762308,5.636507e-05,0.00023714754,0.0004580986,2.1280313e-05,True
0.00049398106,0.0003539385,3.7459136e-05,0.00028051858,0.0004273584,0.00014004257,False
0.00041390918,0.0004364731,6.5977096e-05,0.00030715798,0.00056578824,2.2563938e-05,True
0.00052790856,0.00037564625,5.541654e-05,0.00026702983,0.00048426268,0.0001522623,False
0.0005914345,0.0004464681,6.686871e-05,0.00031540543,0.00057753077,0.00014496638,False
0.00052063377,0.0005357759,5.9730162e-05,0.0004187048,0.000652847,1.5142141e-05,True
0.0005402643,0.0004716714,5.746459e-05,0.0003590408,0.000584302,6.85929e-05,True
0.0005903184,0.00046018645,6.200884e-05,0.00033864912,0.00058172375,0.00013013196,False
0.0004255497,0.00050772127,5.6747802e-05,0.00039649557,0.000618947,8.217158e-05,True
0.0003397265,0.0003465138,6.732229e-05,0.00021456213,0.00047846552,6.7873043e-06,True
0.00027988965,0.00025665716,4.4688055e-05,0.00016906857,0.00034424575,2.3232482e-05,True
0.00011717998,0.00018570267,3.9748e-05,0.000107796586,0.00026360876,6.8522684e-05,True
-7.661891e-05,3.4650595e-05,5.743158e-05,-7.7915305e-05,0.0001472165,0.0001112695,True
-0.0001553153,-0.00014447857,6.3384636e-05,-0.00026871247,-2.0244683e-05,1.0836724e-05,True
-0.00025207808,-0.0002435925,3.8213988e-05,-0.00031849192,-0.00016869308,8.485586e-06,True
-0.00029327805,-0.000335297,3.3872184e-05,-0.00040168647,-0.00026890752,4.2018946e-05,True
-0.00040362464,-0.00038008296,3.4615958e-05,-0.00044793024,-0.00031223567,2.3541681e-05,True
-0.00069413264,-0.0004652727,4.7777274e-05,-0.00055891613,-0.00037162923,0.00022885995,False
-0.0007159727,-0.00072864204,8.656979e-05,-0.00089831883,-0.00055896526,1.2669363e-05,True
-0.0007210156,-0.0007475902,5.777809e-05,-0.00086083525,-0.00063434517,2.6574591e-05,True
-0.0007614375,-0.0007424294,4.495154e-05,-0.00083053444,-0.00065432437,1.900812e-05,True
-0.00061234034,-0.0007597669,5.316865e-05,-0.0008639775,-0.00065555633,0.00014742656,False
-0.00040339876,-0.00062658294,6.280266e-05,-0.00074967614,-0.00050348975,0.00022318418,False
-0.0003835144,-0.00034198555,5.3679287e-05,-0.00044719694,-0.00023677415,4.1528838e-05,True
-0.00033359573,-0.00034444712,3.4960434e-05,-0.00041296956,-0.00027592469,1.0851392e-05,True
-0.00037147803,-0.00031349657,3.667723e-05,-0.00038538393,-0.0002416092,5.7981466e-05,True
-0.00033160654,-0.00032138065,3.7356283e-05,-0.00039459896,-0.00024816234,1.0225893e-05,True
-0.0002928005,-0.00030922188,3.4483797e-05,-0.00037681015,-0.00024163364,1.642137e-05,True
-0.00024158764,-0.00028247834,3.115367e-05,-0.00034353955,-0.00022141714,4.0890707e-05,True
-7.5238335e-05,-0.00023075228,4.376601e-05,-0.00031653367,-0.0001449709,0.00015551395,False
-7.1838105e-05,-5.74011e-05,6.47219e-05,-0.00018425603,6.9453825e-05,1.4437006e-05,True
5.9953345e-06,-2.8111579e-05,3.6632726e-05,-9.9911726e-05,4.3688568e-05,3.4106914e-05,True
0.000114300216,2.3055398e-05,4.3215176e-05,-6.1646344e-05,0.00010775714,9.1244816e-05,False
1.1131497e-05,0.00012063349,5.4492153e-05,1.3828867e-05,0.00022743811,0.000109502,False
-0.00013293892,-3.2383248e-06,5.7606183e-05,-0.000116146446,0.000109669796,0.0001297006,False
4.0840976e-05,-0.00016689526,5.1603314e-05,-0.00026803775,-6.575276e-05,0.00020773624,False
5.7298053e-05,-3.7891732e-05,7.531081e-05,-0.00018550092,0.00010971745,9.518978e-05,True
0.0002023004,3.2417342e-06,3.804477e-05,-7.1326016e-05,7.780949e-05,0.00019905868,False
0.00016736952,0.00013793398,6.0419796e-05,1.9511179e-05,0.00025635678,2.9435541e-05,True
0.00010730397,0.00012339267,4.1674528e-05,4.17106e-05,0.00020507476,1.6088707e-05,True
7.1621136e-05,5.62821e-05,3.843701e-05,-1.9054445e-05,0.00013161864,1.5339036e-05,True
0.00025222474,4.0388215e-05,3.7239875e-05,-3.2601944e-05,0.00011337837,0.00021183652,False
0.00018583587,0.00022621498,6.591516e-05,9.702126e-05,0.0003554087,4.0379105e-05,True
0.00016109803,0.00015083067,4.6964597e-05,5.878006e-05,0.00024288129,1.0267351e-05,True
0.00033451754,0.00010642809,3.517086e-05,3.7493206e-05,0.00017536298,0.00022808946,False
0.0002854121,0.00025799838,6.8521564e-05,0.00012369611,0.00039230066,2.7413713e-05,True
0.00020929777,0.00020349764,4.4311793e-05,0.000116646515,0.00029034875,5.8001315e-06,True
1.14843515e-05,0.00014135631,4.208007e-05,5.887937e-05,0.00022383325,0.00012987196,False
2.9023784e-05,-3.0405472e-05,5.510645e-05,-0.00013841412,7.7603174e-05,5.9429258e-05,True
-0.0001350148,-5.1576306e-05,4.1660795e-05,-0.00013323147,3.0078856e-05,8.3438485e-05,False
-0.00016617576,-0.00016886127,4.33246e-05,-0.00025377749,-8.394505e-05,2.6855123e-06,True
-0.00036139053,-0.000204312,3.1424468e-05,-0.00026590395,-0.00014272005,0.00015707852,False
-0.00030528818,-0.00037092293,5.0399376e-05,-0.00046970573,-0.00027214014,6.5634755e-05,True
-0.00028229482,-0.00031801185,3.9472434e-05,-0.0003953778,-0.00024064588,3.5717036e-05,True
-0.00025534397,-0.000275736,3.448127e-05,-0.0003433193,-0.00020815272,2.0392035e-05,True
-0.000186801,-0.00023913158,2.5719015e-05,-0.00028954085,-0.0001887223,5.233058e-05,False
-0.00041670285,-0.00015934225,3.2980686e-05,-0.00022398439,-9.47001e-05,0.0002573606,False
-0.0005404662,-0.00035374917,8.184099e-05,-0.0005141575,-0.00019334083,0.00018671705,False
-0.00051733456,-0.0004896134,5.13133e-05,-0.00059018744,-0.0003890393,2.7721166e-05,True
-0.00048212637,-0.0004911061,3.8499315e-05,-0.0005665648,-0.00041564746,8.979754e-06,True
-0.0006603308,-0.0004610802,3.4232056e-05,-0.00052817503,-0.00039398536,0.00019925061,False
-0.0006402342,-0.0005905513,7.2198796e-05,-0.00073206093,-0.00044904166,4.9682916e-05,True
-0.00075600925,-0.00061670045,4.7680467e-05,-0.0007101542,-0.0005232467,0.0001393088,False
-0.0007838884,-0.0007005393,6.149617e-05,-0.0008210718,-0.00058000686,8.334906e-05,True
-0.0004927519,-0.00073847227,5.564442e-05,-0.0008475353,-0.0006294092,0.00024572038,False
-0.00040279154,-0.00047148138,7.9256846e-05,-0.0006268248,-0.00031613797,6.868984e-05,True
-0.0004384702,-0.000349763,4.2150292e-05,-0.00043237756,-0.00026714843,8.8707195e-05,False
-0.00041688964,-0.00039933587,3.9110953e-05,-0.00047599332,-0.00032267842,1.7553772e-05,True
-0.00027943694,-0.00039381412,3.617741e-05,-0.00046472184,-0.0003229064,0.00011437718,False
-0.00029140463,-0.00027563673,4.831033e-05,-0.00037032497,-0.0001809485,1.5767902e-05,True
-0.0003230856,-0.00026083848,3.1479547e-05,-0.0003225384,-0.00019913857,6.224713e-05,False
-0.0004950185,-0.000300276,3.114999e-05,-0.00036133,-0.00023922202,0.00019474249,False
-0.00039770952,-0.0004476954,6.322195e-05,-0.0005716104,-0.00032378038,4.9985887e-05,True
-0.00036012245,-0.00038289835,4.438254e-05,-0.00046988812,-0.00029590857,2.2775901e-05,True
-0.00028910805,-0.00033192444,2.9223726e-05,-0.00038920293,-0.00027464595,4.281639e-05,True
-0.00017405061,-0.0002887937,3.8099915e-05,-0.00036346953,-0.00021411787,0.00011474309,False
-0.00017318632,-0.0001819902,3.5015273e-05,-0.00025062013,-0.00011336026,8.80388e-06,True
-0.0002382329,-0.00016878067,3.8498936e-05,-0.0002442386,-9.332275e-05,6.945223e-05,True
-0.00045169014,-0.00022101667,3.0206145e-05,-0.0002802207,-0.00016181263,0.00023067347,False
-0.0003469719,-0.0003942385,5.0635274e-05,-0.0004934836,-0.00029499337,4.72666e-05,True
-0.0002902562,-0.00029401947,6.406595e-05,-0.00041958873,-0.0001684502,3.7632708e-06,True
-0.00013335643,-0.00020389982,3.438149e-05,-0.00027128754,-0.0001365121,7.054339e-05,False
0.00026474625,-5.1914612e-05,4.9347873e-05,-0.00014863643,4.4807217e-05,0.00031666085,False
0.0003655993,0.00036456357,0.0001185767,0.00013215323,0.0005969739,1.035718e-06,True
0.00052120263,0.00045107986,6.301662e-05,0.00032756728,0.00057459244,7.012277e-05,True
0.0005138397,0.0005699633,7.1477174e-05,0.00042986806,0.00071005855,5.6123594e-05,True
0.0005785153,0.00057914515,5.848707e-05,0.0004645105,0.0006937798,6.298651e-07,True
0.00063569803,0.0006193997,6.361662e-05,0.0004947111,0.0007440883,1.629832e-05,True
0.0006202151,0.0006545516,6.078021e-05,0.0005354224,0.0007736808,3.4336525e-05,True
0.0005870357,0.0006171027,6.112552e-05,0.0004972967,0.00073690875,3.0066993e-05,True
0.000666084,0.00054922164,6.178516e-05,0.00042812273,0.0006703206,0.00011686236,True
0.0006530664,0.0006188409,5.9537448e-05,0.00050214754,0.0007355343,3.4225464e-05,True
0.000684031,0.0005990419,6.594313e-05,0.00046979333,0.0007282904,8.498912e-05,True
0.00048192617,0.0006106135,6.263052e-05,0.00048785767,0.0007333693,0.00012868733,False
0.00051007693,0.00041373962,8.1459766e-05,0.00025407848,0.00057340076,9.633732e-05,True
0.00041844993,0.0004137688,5.4844037e-05,0.0003062745,0.0005212631,4.6811183e-06,True
0.0003207946,0.00033982325,4.059371e-05,0.00026025958,0.00041938692,1.9028637e-05,True
0.00033429076,0.00024840393,3.8385417e-05,0.00017316852,0.00032363934,8.588683e-05,False
0.00025799178,0.00025305012,3.6609137e-05,0.00018129621,0.00032480404,4.941656e-06,True
0.00041637168,0.00020427698,3.5332745e-05,0.0001350248,0.00027352915,0.0002120947,False
0.00027356035,0.00032675962,7.9830126e-05,0.00017029257,0.00048322667,5.319927e-05,True
1.9668973e-05,0.00023664375,4.861567e-05,0.00014135704,0.00033193047,0.00021697479,False
-0.00016652723,-2.3401291e-05,8.149222e-05,-0.00018312605,0.00013632345,0.00014312594,True
-0.0001591499,-0.00023084041,5.8323032e-05,-0.00034515356,-0.00011652726,7.1690505e-05,True
-0.0002836642,-0.00023571699,3.4063898e-05,-0.00030248222,-0.00016895175,4.7947222e-05,True
-0.00038499013,-0.00032392016,4.7646376e-05,-0.00041730708,-0.00023053326,6.1069964e-05,True
-0.00022919632,-0.00042224664,3.5799218e-05,-0.0004924131,-0.00035208015,0.00019305032,False
-0.0003088926,-0.0002679365,4.555966e-05,-0.00035723342,-0.00017863957,4.0956103e-05,True
-0.0003056008,-0.00033142313,4.4803244e-05,-0.00041923748,-0.00024360877,2.5822315e-05,True
-0.00028654767,-0.0003299643,3.6772635e-05,-0.00040203866,-0.00025788994,4.341663e-05,True
-0.00034517702,-0.0002941969,3.2628155e-05,-0.0003581481,-0.00023024573,5.0980103e-05,True
-0.00039831953,-0.00034685736,2.9460596e-05,-0.0004046001,-0.0002891146,5.146218e-05,True
-0.00032045026,-0.00039908092,3.1012572e-05,-0.00045986555,-0.0003382963,7.863066e-05,False
-0.00025587835,-0.0003189169,4.0956893e-05,-0.0003991924,-0.00023864138,6.303855e-05,True
-0.0002688472,-0.00024315514,3.700131e-05,-0.00031567772,-0.00017063257,2.5692047e-05,True
-0.00017209766,-0.00023735601,3.6303478e-05,-0.00030851085,-0.0001662012,6.5258355e-05,True
-7.0296104e-05,-0.00016112164,4.8166596e-05,-0.00025552817,-6.671511e-05,9.082554e-05,True
2.3075512e-05,-4.2395215e-05,4.6415636e-05,-0.00013336987,4.8579437e-05,6.5470726e-05,True
7.678466e-05,5.5216373e-05,4.209053e-05,-2.7281068e-05,0.00013771381,2.1568285e-05,True
5.370924e-05,0.00010636686,4.5926507e-05,1.6350903e-05,0.00019638281,5.2657622e-05,True
4.15228e-05,8.292128e-05,4.0362735e-05,3.8103171e-06,0.00016203224,4.139848e-05,True
0.00011702018,4.249785e-05,3.55462e-05,-2.7172704e-05,0.0001121684,7.452233e-05,False
0.00010001814,9.596993e-05,4.7832214e-05,2.2187887e-06,0.00018972108,4.0482046e-06,True
0.0001874096,9.109214e-05,4.0024224e-05,1.2644654e-05,0.00016953962,9.631747e-05,False
7.116171e-05,0.00017185695,4.4412503e-05,8.4808446e-05,0.00025890546,0.000100695244,False
0.00015462268,0.00010842944,3.9421902e-05,3.116251e-05,0.00018569638,4.6193243e-05,True
0.00026648634,0.00015270454,4.9916882e-05,5.486745e-05,0.00025054163,0.0001137818,False
0.00035332824,0.00026889826,5.3478117e-05,0.00016408115,0.00037371536,8.442998e-05,True
0.00035179645,0.00034742706,4.9350867e-05,0.00025069935,0.00044415478,4.369387e-06,True
0.0004773263,0.00035499316,5.318473e-05,0.0002507511,0.00045923522,0.00012233315,False
0.00036907662,0.00043714754,8.0470476e-05,0.0002794254,0.00059486966,6.807092e-05,True
0.0002900168,0.00035310152,5.304389e-05,0.0002491355,0.00045706754,6.3084735e-05,True
0.00028415557,0.00025159583,4.478004e-05,0.00016382695,0.00033936472,3.2559736e-05,True
0.00028507685,0.00023025858,3.9843555e-05,0.00015216522,0.00030835194,5.4818272e-05,True
8.3780746e-05,0.00023481155,3.8850365e-05,0.00015866483,0.00031095828,0.0001510308,False
-9.364052e-06,6.376776e-05,6.1275205e-05,-5.6331643e-05,0.00018386716,7.3131814e-05,True
-0.0001569444,-2.848175e-05,3.3486554e-05,-9.41154e-05,3.7151898e-05,0.00012846265,False
-0.00024817447,-0.00016823024,4.1641324e-05,-0.00024984725,-8.661324e-05,7.9944235e-05,True
-0.00022470212,-0.00026619408,3.1940093e-05,-0.00032879668,-0.0002035915,4.1491963e-05,True
-0.00017773699,-0.0002451278,3.180012e-05,-0.00030745604,-0.00018279956,6.739081e-05,False
-0.00014900476,-0.00017950297,3.105503e-05,-0.00024037083,-0.0001186351,3.049821e-05,True
-0.00021017694,-0.00015300052,3.0010684e-05,-0.00021182146,-9.417959e-05,5.717641e-05,True
-0.00020364036,-0.00020626321,3.7256126e-05,-0.00027928522,-0.0001332412,2.6228518e-06,True
-0.00025957313,-0.00018592113,3.586893e-05,-0.00025622424,-0.00011561803,7.3652e-05,False
-0.00030627122,-0.00021733501,2.8862618e-05,-0.00027390575,-0.00016076428,8.893621e-05,False
-0.00026602982,-0.0002791023,3.0208314e-05,-0.0003383106,-0.000219894,1.307248e-05,True
-0.0002561848,-0.00023329057,3.1946078e-05,-0.00029590487,-0.00017067626,2.2894237e-05,True
-0.00013964353,-0.00023138658,2.7780754e-05,-0.00028583687,-0.0001769363,9.174306e-05,False
-0.00012283954,-0.0001239758,5.412931e-05,-0.00023006924,-1.7882354e-05,1.1362572e-06,True
-0.00018128181,-7.404679e-05,3.5472647e-05,-0.00014357318,-4.5203997e-06,0.00010723502,False
-3.8808987e-05,-0.00012605869,4.6738398e-05,-0.00021766595,-3.4451426e-05,8.7249704e-05,True
-4.3465694e-05,-9.253309e-06,5.562166e-05,-0.00011827176,9.9765144e-05,3.4212386e-05,True
0.00010129949,2.373521e-06,4.0034294e-05,-7.60937e-05,8.0840735e-05,9.892597e-05,False
0.00017120581,0.00013635779,6.127901e-05,1.6250931e-05,0.00025646464,3.4848024e-05,True
0.00023368103,0.00020537752,4.082646e-05,0.00012535766,0.0002853974,2.8303504e-05,True
0.0004388172,0.00027044857,4.6460624e-05,0.00017938574,0.0003615114,0.00016836863,False
0.0006998014,0.0004686123,9.1321315e-05,0.00028962252,0.0006476021,0.00023118913,False
0.00085607416,0.0007125705,0.00011253015,0.00049201143,0.0009331296,0.00014350365,True
0.0008252677,0.00087847194,9.053577e-05,0.00070102187,0.001055922,5.3204247e-05,True
0.00078932923,0.00082249823,8.612159e-05,0.0006536999,0.0009912965,3.3168995e-05,True
0.0006713561,0.00072183576,6.7551955e-05,0.00058943394,0.0008542376,5.0479663e-05,True
0.00038207523,0.0006234388,8.59721e-05,0.0004549335,0.0007919441,0.00024136357,False
0.0004145491,0.00032896918,8.853564e-05,0.00015543932,0.00050249905,8.557993e-05,True
0.00036281097,0.00037668916,6.860562e-05,0.00024222214,0.00051115616,1.3878191e-05,True
0.00025210273,0.00033808875,4.7928905e-05,0.0002441481,0.0004320294,8.5986016e-05,True
0.0001998837,0.00022556768,5.213956e-05,0.00012337414,0.00032776123,2.5683985e-05,True
-6.4615438e-06,0.00016541393,4.132814e-05,8.441078e-05,0.0002464171,0.00017187548,False
1.4981871e-05,-2.8992734e-05,6.29468e-05,-0.00015236845,9.438299e-05,4.3974604e-05,True
3.381474e-05,-3.270844e-05,3.4366276e-05,-0.00010006635,3.4649463e-05,6.652318e-05,True
-4.083563e-05,-1.695231e-05,2.9465262e-05,-7.470422e-05,4.0799605e-05,2.3883322e-05,True
-0.0002531911,-8.860393e-05,3.7803e-05,-0.0001626978,-1.4510042e-05,0.00016458717,False
-0.00049361197,-0.00029911316,6.485423e-05,-0.00042622746,-0.00017199888,0.0001944988,False
-0.0005323828,-0.0004688271,9.434132e-05,-0.00065373606,-0.0002839181,6.355572e-05,True
-0.00046997613,-0.000521159,5.4474593e-05,-0.00062792917,-0.00041438878,5.118284e-05,True
-0.0003596614,-0.00047599993,3.764045e-05,-0.0005497752,-0.00040222466,0.00011633852,False
-0.00036680282,-0.00034343087,3.635896e-05,-0.00041469443,-0.00027216732,2.3371947e-05,True
-0.00039272642,-0.0003461931,2.96189e-05,-0.00040424612,-0.00028814006,4.653333e-05,True
-0.00012889913,-0.00034661303,3.2301523e-05,-0.00040992402,-0.00028330204,0.0002177139,False
-0.000111553614,-8.1805e-05,8.521257e-05,-0.00024882163,8.5211635e-05,2.9748611e-05,True
6.118792e-05,-2.7366359e-05,3.568706e-05,-9.7313e-05,4.258028e-05,8.855428e-05,False
0.00026325166,0.00012909336,6.216675e-05,7.2465264e-06,0.00025094018,0.0001341583,False
0.00045243677,0.0003422515,7.599726e-05,0.00019329686,0.0004912061,0.00011018527,True
0.00036050327,0.000507889,7.1734896e-05,0.00036728862,0.00064848945,0.00014738576,False
0.00041199636,0.00042506855,5.7062643e-05,0.00031322576,0.0005369113,1.3072189e-05,True
0.0004217323,0.00044332354,5.8292055e-05,0.00032907113,0.00055757596,2.1591259e-05,True
0.0005027867,0.0004535953,5.996257e-05,0.00033606865,0.0005711219,4.919141e-05,True
0.00040508487,0.0005384079,5.4254433e-05,0.00043206918,0.0006447466,0.00013332302,False
0.00033044734,0.00045282603,5.5717497e-05,0.00034361973,0.00056203234,0.0001223787,False
0.000300264,0.00036436252,4.7196587e-05,0.00027185722,0.00045686783,6.409854e-05,True
0.00029971846,0.00031181195,3.8128197e-05,0.00023708068,0.00038654322,1.2093486e-05,True
0.00022615143,0.0003174435,4.1138646e-05,0.00023681176,0.00039807527,9.129208e-05,False
0.00017039746,0.00025599104,3.9687835e-05,0.00017820287,0.0003337792,8.559358e-05,False
0.00019028108,0.00019601299,3.8598166e-05,0.00012036058,0.0002716654,5.731912e-06,True
0.0003403473,0.00022767433,3.2285738e-05,0.0001643943,0.00029095437,0.00011267296,False
0.00067921594,0.00035211816,5.644002e-05,0.00024149573,0.0004627406,0.00032709778,False
0.0008354119,0.0007027859,0.0001400565,0.00042827518,0.0009772966,0.00013262598,True
0.00090258796,0.00083273335,7.816779e-05,0.0006795245,0.0009859422,6.985461e-05,True
0.0008665424,0.00088069367,6.835015e-05,0.00074672734,0.00101466,1.4151272e-05,True
0.0010577707,0.00081751926,7.095258e-05,0.0006784522,0.00095658633,0.00024025142,False
0.00078182766,0.0009661766,0.00010746519,0.00075554487,0.0011768084,0.00018434896,True
0.00073036307,0.00072365336,0.00013507708,0.00045890227,0.0009884045,6.7097135e-06,True
0.00035706066,0.00059754035,6.0557708e-05,0.00047884724,0.00071623345,0.00024047968,False
0.000417754,0.00025967913,0.0001358624,-6.611168e-06,0.00052596943,0.00015807486,True
0.0003104585,0.00027967908,6.271332e-05,0.00015676097,0.0004025972,3.0779425e-05,True
0.00023582242,0.00021070553,4.1321655e-05,0.00012971509,0.000291696,2.5116882e-05,True
0.00015672998,0.00014416181,3.387135e-05,7.777396e-05,0.00021054965,1.2568169e-05,True
0.00016617897,4.8861973e-05,4.0268864e-05,-3.0065003e-05,0.00012778895,0.000117317,False
2.3261588e-05,5.429028e-05,3.7960985e-05,-2.0113246e-05,0.0001286938,3.1028692e-05,True
-0.00010177098,-9.181499e-05,4.666472e-05,-0.00018327785,-3.5213452e-07,9.955991e-06,True
-0.00016874674,-0.00022442761,3.602176e-05,-0.00029503024,-0.00015382496,5.5680866e-05,True
-0.00021939215,-0.0002693507,3.7547823e-05,-0.00034294446,-0.00019575698,4.995856e-05,True
-0.00027503126,-0.00030633796,3.9904564e-05,-0.0003845509,-0.000228125,3.13067e-05,True
-0.00033327547,-0.0003593641,3.3625256e-05,-0.0004252696,-0.00029345858,2.6088615e-05,True
-0.00046915564,-0.00040862866,3.3186483e-05,-0.00047367418,-0.00034358315,6.0526974e-05,True
-0.00056167017,-0.0005252715,5.2216703e-05,-0.00062761625,-0.0004229268,3.6398647e-05,True
-0.0006297446,-0.00060962123,5.484628e-05,-0.00071711995,-0.0005021225,2.0123378e-05,True
-0.0007071054,-0.0006782911,5.3119285e-05,-0.0007824049,-0.00057417725,2.8814306e-05,True
-0.0006643864,-0.0007507804,4.7552658e-05,-0.0008439836,-0.0006575772,8.639402e-05,True
-0.0007459298,-0.00070886506,4.5035235e-05,-0.0007971341,-0.000620596,3.7064718e-05,True
-0.0007642697,-0.0007374129,5.1350424e-05,-0.0008380597,-0.0006367661,2.6856782e-05,True
-0.0009476534,-0.0007584922,4.612029e-05,-0.00084888795,-0.0006680965,0.00018916116,False
-0.00088938465,-0.00089727616,6.528006e-05,-0.001025225,-0.0007693272,7.891504e-06,True
-0.00082299305,-0.0008581711,5.629492e-05,-0.0009685091,-0.00074783305,3.5178033e-05,True
-0.0006655331,-0.0007517737,4.4330485e-05,-0.00083866145,-0.00066488597,8.624059e-05,True
-0.00078471197,-0.00058505946,5.813779e-05,-0.0006990095,-0.0004711094,0.00019965251,False
-0.0007424241,-0.0006693074,5.3375417e-05,-0.00077392324,-0.0005646916,7.311668e-05,True
-0.0006433049,-0.00063875655,4.5135406e-05,-0.00072722195,-0.00055029115,4.5483466e-06,True
-0.0005057062,-0.00055409997,4.5016674e-05,-0.00064233266,-0.00046586728,4.839379e-05,True
-0.00020034307,-0.0004001523,4.676338e-05,-0.0004918085,-0.00030849606,0.00019980922,False
3.9667233e-05,-9.015166e-05,7.875373e-05,-0.00024450896,6.4205655e-05,0.00012981889,True
0.00026218477,0.00016337621,7.81505e-05,1.0201227e-05,0.0003165512,9.880855e-05,True
0.0003329452,0.00038310658,6.579184e-05,0.00025415455,0.0005120586,5.0161383e-05,True
0.0005141382,0.00039306178,4.9673647e-05,0.00029570144,0.0004904221,0.00012107642,False
0.0005687198,0.0005496125,8.452012e-05,0.00038395307,0.0007152719,1.9107305e-05,True
0.00043909097,0.0006006088,5.0910174e-05,0.0005008249,0.00070039276,0.00016151785,False
0.0005194124,0.00046031893,5.093288e-05,0.0003604905,0.0005601474,5.9093465e-05,True
0.00045377106,0.00051993073,5.7345023e-05,0.00040753448,0.000632327,6.615967e-05,True
0.00062531093,0.000448804,4.9465776e-05,0.00035185108,0.0005457569,0.00017650693,False
0.0006468675,0.0005617809,7.365519e-05,0.0004174167,0.0007061451,8.508662e-05,True
0.00065135275,0.00061155314,6.640481e-05,0.0004813997,0.0007417066,3.9799605e-05,True
0.0006515168,0.00058696757,5.2488864e-05,0.0004840894,0.00068984577,6.454921e-05,True
0.0005853852,0.0005733462,4.795148e-05,0.00047936133,0.0006673311,1.2038974e-05,True
0.00045101272,0.0005122626,4.679454e-05,0.0004205453,0.00060397986,6.1249855e-05,True
0.000351292,0.00038461824,5.3356387e-05,0.00028003973,0.00048919674,3.3326243e-05,True
0.00033148518,0.0002913202,3.518574e-05,0.00022235615,0.00036028426,4.0164974e-05,True
0.00023786422,0.00026278227,4.0185514e-05,0.00018401866,0.00034154588,2.4918045e-05,True
0.00023505479,0.00018656506,3.0692136e-05,0.00012640847,0.00024672164,4.8489732e-05,True
0.00017599954,0.00018648969,3.230159e-05,0.00012317859,0.0002498008,1.0490156e-05,True
0.00012773427,0.00013032934,3.408766e-05,6.3517524e-05,0.00019714115,2.5950721e-06,True
-4.840482e-05,6.785503e-05,2.9054736e-05,1.0907745e-05,0.00012480232,0.00011625985,False
-0.00036300378,-9.116862e-05,5.385602e-05,-0.00019672643,1.4389181e-05,0.00027183516,False
-0.00045504668,-0.00039632435,8.516679e-05,-0.00056325126,-0.00022939744,5.8722333e-05,True
-0.0003241283,-0.00048899814,4.3283824e-05,-0.0005738344,-0.00040416184,0.00016486982,False
-0.00044746356,-0.0003575677,3.795056e-05,-0.00043195082,-0.0002831846,8.989585e-05,False
-0.0005673335,-0.00045853775,4.954058e-05,-0.0005556373,-0.0003614382,0.000108795735,False
-0.0005847104,-0.00058462523,5.3715507e-05,-0.00068990764,-0.00047934282,8.515781e-08,True
-0.00071459275,-0.00060603605,4.2715135e-05,-0.0006897577,-0.0005223144,0.000108556706,False
-0.00065136026,-0.0006889816,5.2755884e-05,-0.00079238316,-0.00058558007,3.7621357e-05,True
-0.0005482298,-0.0006502378,5.0301194e-05,-0.0007488281,-0.00055164745,0.000102007994,False
-0.00056741573,-0.0005311562,5.1758514e-05,-0.0006326029,-0.0004297095,3.625953e-05,True
-0.0005816346,-0.0005150968,4.7125144e-05,-0.00060746213,-0.00042273154,6.653776e-05,True
-0.00035605687,-0.00054504705,3.7995294e-05,-0.0006195178,-0.00047057628,0.00018899018,False
-0.00045706859,-0.00034615293,7.182874e-05,-0.00048693726,-0.00020536859,0.00011091566,True
-0.00030534298,-0.00039762002,4.1179297e-05,-0.00047833147,-0.00031690858,9.227704e-05,False
-0.00023444694,-0.00025662375,4.4762604e-05,-0.00034435844,-0.00016888905,2.2176813e-05,True
-0.0001030781,-0.00016863208,3.2414726e-05,-0.00023216494,-0.000105099214,6.555398e-05,False
-9.717434e-06,-2.9920968e-05,3.9510396e-05,-0.00010736135,4.7519414e-05,2.0203533e-05,True
0.00018349916,7.9199526e-05,4.6904897e-05,-1.2734075e-05,0.00017113313,0.00010429963,False
0.00024821033,0.00023767004,7.48189e-05,9.1024995e-05,0.0003843151,1.0540287e-05,True
0.00039401246,0.00030878602,3.6853668e-05,0.00023655283,0.0003810192,8.5226435e-05,False
0.00048819574,0.00040101074,6.12214e-05,0.0002810168,0.00052100467,8.7185006e-05,True
0.00042094893,0.00049572974,6.025552e-05,0.00037762892,0.0006138306,7.478081e-05,True
0.00044696612,0.00042861208,4.9687682e-05,0.00033122423,0.00052599993,1.835404e-05,True
0.0004152402,0.0004595359,5.2984924e-05,0.00035568542,0.00056338636,4.429568e-05,True
0.00046162054,0.00042997755,5.5615244e-05,0.00032097165,0.00053898344,3.1642994e-05,True
0.00074464164,0.000462694,5.2158688e-05,0.000360463,0.000564925,0.00028194764,False
0.0007625574,0.0007058282,0.000111925285,0.00048645464,0.00092520175,5.6729186e-05,True
0.0007196834,0.0007586064,7.54717e-05,0.0006106819,0.00090653094,3.8922997e-05,True
0.0008741295,0.0006794751,6.932946e-05,0.00054358935,0.0008153608,0.00019465439,False
0.000928573,0.0008000953,9.048503e-05,0.0006227447,0.000977446,0.0001284777,True
0.0009681907,0.00084224204,8.003768e-05,0.0006853682,0.0009991159,0.00012594869,True
0.00086024485,0.0008640986,8.49675e-05,0.0006975623,0.0010306349,3.8537546e-06,True
0.0006922736,0.00075932813,6.734657e-05,0.0006273289,0.0008913274,6.705453e-05,True
0.00068048824,0.00062006357,7.261115e-05,0.00047774572,0.0007623814,6.0424674e-05,True
0.00063433393,0.0006037909,5.730427e-05,0.0004914745,0.0007161073,3.0543015e-05,True
0.00042974774,0.00058171124,5.669419e-05,0.00047059063,0.0006928319,0.0001519635,False
0.0004203714,0.00038760688,6.966038e-05,0.00025107252,0.00052414124,3.276451e-05,True
0.0003176438,0.0003531914,4.858552e-05,0.00025796378,0.000448419,3.5547593e-05,True
0.0004736973,0.0002854726,4.6050864e-05,0.00019521291,0.0003757323,0.00018822469,False
0.0004022966,0.00044289674,6.0633938e-05,0.0003240542,0.00056173926,4.0600135e-05,True
0.00044291795,0.00037217367,5.7435675e-05,0.00025959976,0.00048474758,7.074428e-05,True
0.0002392124,0.0004032452,4.5413093e-05,0.00031423554,0.00049225485,0.00016403281,False
0.00021094581,0.00022663736,5.261826e-05,0.00012350557,0.00032976916,1.5691548e-05,True
9.656268e-05,0.00016991304,3.4067867e-05,0.00010314002,0.00023668606,7.3350355e-05,False
7.3407544e-05,7.177438e-05,3.7114263e-05,-9.695723e-07,0.00014451833,1.6331614e-06,True
4.7751324e-05,4.3457818e-05,3.4283104e-05,-2.373707e-05,0.000110652705,4.293506e-06,True
0.00020129868,4.047192e-05,3.243566e-05,-2.310197e-05,0.000104045816,0.00016082676,False
0.00023540584,0.00018341359,5.5339307e-05,7.494855e-05,0.00029187865,5.1992247e-05,True
0.00022803985,0.00022396797,4.714204e-05,0.00013156957,0.00031636638,4.0718733e-06,True
0.00010954522,0.00018839783,2.9913801e-05,0.00012976678,0.0002470289,7.885261e-05,False
0.00022828765,7.037005e-05,4.091329e-05,-9.8200035e-06,0.00015056011,0.0001579176,False
9.98489e-05,0.00016025515,4.672647e-05,6.867127e-05,0.00025183902,6.040625e-05,True
5.3731954e-05,7.206653e-05,4.5811852e-05,-1.7724706e-05,0.00016185775,1.8334573e-05,True
3.1032076e-05,1.8122138e-05,3.7893195e-05,-5.614852e-05,9.23928e-05,1.2909937e-05,True
1.2736704e-05,-3.7735952e-06,2.7699078e-05,-5.806379e-05,5.05166e-05,1.65103e-05,True
-1.36179e-05,-2.4275772e-05,2.966735e-05,-8.242378e-05,3.387223e-05,1.0657873e-05,True
6.367225e-05,-5.75651e-05,2.7501395e-05,-0.00011146783,-3.6623642e-06,0.000121237346,False
0.00010092337,1.348669e-05,3.594303e-05,-5.696165e-05,8.3935025e-05,8.743668e-05,False
9.895531e-06,7.308834e-05,3.9034425e-05,-3.4191326e-06,0.00014959581,6.319281e-05,True
0.00017067844,-2.0623955e-05,4.1698215e-05,-0.00010235246,6.110455e-05,0.00019130239,False
4.2837637e-05,0.00012088997,6.4856344e-05,-6.22846e-06,0.0002480084,7.805233e-05,True
0.00015001661,1.5715668e-05,4.8207577e-05,-7.877118e-05,0.00011020252,0.00013430094,False
0.00011212017,8.8609595e-05,4.2712545e-05,4.8930015e-06,0.0001723262,2.3510576e-05,True
8.083501e-06,4.967826e-05,3.334413e-05,-1.567624e-05,0.00011503276,4.1594758e-05,True
1.1524703e-05,-3.4653458e-05,3.1448522e-05,-9.629256e-05,2.6985646e-05,4.617816e-05,True
4.858556e-05,-3.4870336e-05,2.8361177e-05,-9.045824e-05,2.0717573e-05,8.3455896e-05,False
-4.867101e-05,5.7142834e-06,3.2791857e-05,-5.8557758e-05,6.998632e-05,5.438529e-05,True
0.00017800763,-7.723919e-05,3.613799e-05,-0.00014806964,-6.408729e-06,0.00025524682,False
0.00038155253,0.0001362578,9.003065e-05,-4.020227e-05,0.00031271786,0.0002452947,False
0.00023999675,0.0003429027,6.371737e-05,0.00021801665,0.00046778875,0.00010290595,True
0.00022002106,0.00019106935,6.763797e-05,5.8498932e-05,0.00032363978,2.8951705e-05,True
0.00025996787,0.0001585337,3.513387e-05,8.967131e-05,0.00022739609,0.00010143417,False
0.0003354876,0.00019953096,4.3990865e-05,0.00011330886,0.00028575305,0.00013595664,False
0.00034509297,0.0002853317,5.8561025e-05,0.0001705521,0.0004001113,5.9761252e-05,True
0.0002134335,0.00028771235,4.212321e-05,0.00020515086,0.00037027383,7.4278854e-05,True
0.00024936773,0.00013999587,5.7363588e-05,2.7563234e-05,0.00025242852,0.00010937186,True
0.00016511395,0.00014970628,3.8011945e-05,7.5202865e-05,0.00022420968,1.540767e-05,True
8.805962e-05,9.964929e-05,4.7846832e-05,5.869493e-06,0.00019342909,1.1589669e-05,True
-1.5327122e-06,4.6035195e-05,3.6302798e-05,-2.5118286e-05,0.000117188676,4.7567908e-05,True
3.3167285e-05,-4.693801e-05,4.531767e-05,-0.00013576064,4.1884625e-05,8.0105296e-05,True
0.00016610566,3.5758392e-06,4.35867e-05,-8.1854094e-05,8.900578e-05,0.00016252982,False
0.000106848915,0.00015576754,4.856599e-05,6.0578197e-05,0.0002509569,4.8918628e-05,True
8.73704e-05,0.00010279646,4.1530795e-05,2.1396103e-05,0.00018419682,1.5426063e-05,True
0.0002856663,8.8819375e-05,3.86571e-05,1.3051453e-05,0.0001645873,0.00019684692,False
0.00026141226,0.00025038107,7.883175e-05,9.587084e-05,0.0004048913,1.1031196e-05,True
0.0002553195,0.00026236192,3.8024118e-05,0.00018783465,0.00033688918,7.0424285e-06,True
0.00019911103,0.00023284525,3.476171e-05,0.0001647123,0.0003009782,3.373422e-05,True
0.00022384833,0.00017916842,4.0205658e-05,0.00010036533,0.00025797152,4.467991e-05,True
0.0003735756,0.0002256507,3.890259e-05,0.00014940162,0.0003018998,0.0001479249,False
0.0002453619,0.00033572302,6.0916558e-05,0.00021632656,0.00045511947,9.036111e-05,True
0.0004404872,0.00020538847,6.867089e-05,7.0793525e-05,0.0003399834,0.00023509873,False
0.00047200127,0.00037265898,8.558805e-05,0.00020490639,0.00054041157,9.934229e-05,True
0.0004959619,0.0004309186,5.0966682e-05,0.00033102388,0.0005308133,6.5043336e-05,True
0.0006708466,0.00045112663,5.345894e-05,0.0003463471,0.00055590615,0.00021971998,False
0.0006505129,0.0006187663,8.12283e-05,0.0004595588,0.0007779738,3.1746633e-05,True
0.0006047338,0.000599536,6.4640524e-05,0.00047284056,0.00072623143,5.1978277e-06,True
0.00049867784,0.0005489926,5.1191837e-05,0.0004486566,0.0006493286,5.031476e-05,True
0.00026489573,0.00045338756,6.319162e-05,0.000329532,0.00057724316,0.00018849183,False
0.00043202902,0.00022564083,7.820753e-05,7.235407e-05,0.0003789276,0.00020638818,False
0.00062296883,0.00037013725,7.779885e-05,0.0002176515,0.000522623,0.00025283158,False
0.0007344847,0.00057306193,8.821268e-05,0.0004001651,0.00074595877,0.00016142277,True
0.00056939106,0.000711309,7.002423e-05,0.00057406153,0.0008485565,0.00014191796,False
0.0006117273,0.0005419289,7.2478986e-05,0.0003998701,0.00068398775,6.979838e-05,True
0.0004095509,0.0005192585,4.578198e-05,0.0004295258,0.0006089912,0.00010970759,False
0.00037877515,0.00035532974,6.159175e-05,0.0002346099,0.00047604958,2.3445406e-05,True
0.00052319973,0.00030718392,4.078311e-05,0.00022724902,0.0003871188,0.00021601582,False
0.00043711317,0.00045764155,6.5068736e-05,0.00033010682,0.0005851763,2.0528387e-05,True
0.0005123854,0.0003846787,6.1200975e-05,0.00026472477,0.0005046326,0.0001277067,False
0.00031689226,0.00044861966,6.566011e-05,0.00031992584,0.0005773135,0.0001317274,False
0.00013096869,0.00029324414,6.479001e-05,0.00016625572,0.00042023257,0.00016227545,False
0.00012913911,0.00011028245,5.780595e-05,-3.017216e-06,0.00022358212,1.8856656e-05,True
0.0002385896,9.522128e-05,3.692387e-05,2.2850494e-05,0.00016759206,0.00014336832,False
0.00010604154,0.00021225247,4.978233e-05,0.000114679104,0.00030982585,0.00010621094,False
-9.3047005e-05,7.005792e-05,5.60968e-05,-3.9891813e-05,0.00018000766,0.00016310492,False
-2.9459896e-05,-0.0001292311,4.5086454e-05,-0.00021760055,-4.0861654e-05,9.977121e-05,False
0.00015303702,-7.548775e-05,4.7370104e-05,-0.00016833315,1.7357655e-05,0.00022852476,False
0.00013916373,0.0001163932,6.2250314e-05,-5.6174176e-06,0.00023840382,2.2770531e-05,True
0.00014376223,0.000117677264,4.226274e-05,3.484229e-05,0.00020051224,2.6084963e-05,True
4.027682e-05,0.0001395031,4.267717e-05,5.5855846e-05,0.00022315036,9.922628e-05,False
-4.1923657e-05,5.2309573e-05,3.7551585e-05,-2.1291533e-05,0.00012591068,9.4233226e-05,False
-3.296593e-05,-3.2514243e-05,2.6658441e-05,-8.476479e-05,1.9736304e-05,4.516878e-07,True
-4.4510667e-05,-2.2447413e-05,3.1142343e-05,-8.3486404e-05,3.8591577e-05,2.2063254e-05,True
3.8897582e-05,-1.8503028e-05,3.448659e-05,-8.609675e-05,4.909069e-05,5.740061e-05,True
6.3633335e-05,9.55741e-05,4.0126786e-05,1.6925595e-05,0.0001742226,3.1940763e-05,True
0.00033672884,0.0001249284,4.023646e-05,4.606493e-05,0.00020379186,0.00021180045,False
0.00035384475,0.00036837536,8.9936024e-05,0.00019210075,0.00054464996,1.4530611e-05,True
0.0004189536,0.0004035052,5.9927446e-05,0.0002860474,0.000520963,1.54484e-05,True
0.00046945104,0.0004220425,4.4667362e-05,0.00033449446,0.00050959055,4.740854e-05,True
0.00067476236,0.00044351365,5.739756e-05,0.00033101442,0.00055601285,0.0002312487,False
0.0008024491,0.00064443424,8.989343e-05,0.00046824312,0.00082062534,0.00015801488,True
0.0007508304,0.00078993407,8.023285e-05,0.0006326777,0.00094719045,3.9103674e-05,True
0.0004509803,0.0007277456,6.686178e-05,0.0005966965,0.00085879466,0.0002767653,False
0.00040263307,0.0004402633,9.7958866e-05,0.00024826394,0.0006322627,3.7630234e-05,True
0.00021793309,0.00034609006,4.6021614e-05,0.0002558877,0.00043629244,0.00012815697,False
2.3442804e-05,0.00018040164,6.4460844e-05,5.405837e-05,0.00030674489,0.00015695883,False
-4.1869105e-05,-3.2565633e-05,4.5365196e-05,-0.00012148141,5.635015e-05,9.303472e-06,True
-0.00016902566,-9.1490314e-05,3.674309e-05,-0.00016350677,-1.9473853e-05,7.753535e-05,False
-3.9202816e-05,-0.00018806242,5.1612413e-05,-0.00028922275,-8.690209e-05,0.0001488596,False
-8.009389e-05,-8.818249e-05,5.1280913e-05,-0.00018869308,1.2328099e-05,8.088602e-06,True
5.788284e-07,-9.7553224e-05,3.3432672e-05,-0.00016308126,-3.2025186e-05,9.8132055e-05,False
-5.738188e-05,-2.6175096e-05,3.242694e-05,-8.97319e-05,3.7381702e-05,3.1206786e-05,True
5.0850067e-05,-6.9726506e-05,3.516015e-05,-0.0001386404,-8.126153e-07,0.00012057657,False
-0.00016206961,5.0117127e-05,3.6760517e-05,-2.1933487e-05,0.00012216774,0.00021218674,False
-0.00025106405,-0.00013928252,6.6119246e-05,-0.00026887626,-9.688796e-06,0.000111781526,True
-0.00011047616,-0.0002568643,3.3280077e-05,-0.00032209326,-0.00019163534,0.00014638813,False
-0.0001848851,-0.00014144338,5.161876e-05,-0.00024261615,-4.0270606e-05,4.3441716e-05,True
-0.00022800293,-0.00018996911,2.8281705e-05,-0.00024540126,-0.00013453697,3.8033817e-05,True
-8.176098e-05,-0.00026043376,3.8110375e-05,-0.00033513008,-0.00018573743,0.00017867278,False
0.00014786496,-0.00010948749,5.089685e-05,-0.00020924532,-9.729658e-06,0.00025735245,False
8.404021e-05,0.0001240588,7.9301884e-05,-3.1372896e-05,0.0002794905,4.001859e-05,True
-2.2485197e-05,6.829821e-05,4.0396168e-05,-1.0878277e-05,0.0001474747,9.078341e-05,False
-2.3493336e-05,-5.858757e-05,3.4327215e-05,-0.00012586892,8.693769e-06,3.5094235e-05,True
-0.00018987249,-7.123046e-05,2.9236797e-05,-0.00012853458,-1.3926339e-05,0.00011864203,False
-0.00022759596,-0.00022473506,4.9018898e-05,-0.0003208121,-0.00012865802,2.860892e-06,True
-0.00027879266,-0.00026834567,3.252015e-05,-0.00033208518,-0.00020460617,1.0446995e-05,True
-0.00033474978,-0.00030935978,3.372125e-05,-0.00037545344,-0.00024326611,2.5390007e-05,True
-0.00033418095,-0.00035604433,3.987926e-05,-0.00043420767,-0.000277881,2.186338e-05,True
-0.00044679266,-0.0003486393,2.9314797e-05,-0.0004060963,-0.00029118228,9.815337e-05,False
-0.00040996194,-0.00044202607,5.1034964e-05,-0.0005420546,-0.00034199754,3.2064127e-05,True
-0.0005292967,-0.00044829183,4.0427163e-05,-0.00052752905,-0.0003690546,8.1004866e-05,False
-0.00043641365,-0.00055519317,5.0419025e-05,-0.00065401447,-0.00045637187,0.00011877951,False
-0.00049084384,-0.0004866925,4.9565817e-05,-0.0005838415,-0.0003895435,4.1513413e-06,True
-0.0004166147,-0.0005217796,3.8931772e-05,-0.00059808587,-0.0004454733,0.00010516489,False
-0.0007247196,-0.0004574583,4.5612273e-05,-0.00054685835,-0.00036805827,0.0002672613,False
-0.0007488744,-0.00070989534,7.920449e-05,-0.00086513616,-0.0005546545,3.897905e-05,True
-0.00084565755,-0.0007673329,5.8956153e-05,-0.000882887,-0.0006517788,7.8324636e-05,True
-0.00090168574,-0.0008335501,5.9861017e-05,-0.00095087773,-0.0007162225,6.813562e-05,True
-0.00089540664,-0.00089932745,5.488463e-05,-0.0010069014,-0.0007917536,3.92081e-06,True
-0.00075273943,-0.00089014566,4.6213005e-05,-0.0009807232,-0.00079956814,0.00013740623,False
-0.00058728724,-0.00071644154,5.5757922e-05,-0.00082572707,-0.000607156,0.0001291543,False
-0.0006544485,-0.0005519523,5.4979726e-05,-0.00065971253,-0.00044419203,0.00010249624,True
-0.00038601435,-0.0005798965,4.2231422e-05,-0.0006626701,-0.0004971229,0.00019388215,False
-0.00025127848,-0.00032170463,7.604759e-05,-0.0004707579,-0.00017265136,7.042615e-05,True
-0.00013684291,-0.00015776411,4.6529218e-05,-0.00024896138,-6.656684e-05,2.0921201e-05,True
1.1649447e-05,-4.592145e-05,4.1909112e-05,-0.00012806332,3.622041e-05,5.75709e-05,True
0.00010814731,9.8714074e-05,5.0618226e-05,-4.976537e-07,0.00019792581,9.433235e-06,True
0.00011655547,0.00019193436,3.526141e-05,0.00012282199,0.00026104675,7.537889e-05,False
2.5715175e-05,0.0001914997,4.315889e-05,0.00010690827,0.00027609113,0.00016578453,False
-2.871115e-05,9.8166e-05,4.2386757e-05,1.508795e-05,0.00018124405,0.00012687714,False
-3.3128905e-05,4.1419804e-05,3.2807446e-05,-2.2882788e-05,0.0001057224,7.4548705e-05,False
0.00011086148,1.4332496e-05,3.2954682e-05,-5.0258684e-05,7.892367e-05,9.652899e-05,False
0.00014302065,0.0001406922,5.2214506e-05,3.835176e-05,0.00024303263,2.328452e-06,True
0.00021347424,0.0001700929,4.5500732e-05,8.0911464e-05,0.00025927433,4.338134e-05,True
0.00011592167,0.00023152264,4.2759613e-05,0.0001477138,0.0003153315,0.000115600975,False
5.447957e-05,0.00012922788,5.0854003e-05,2.955403e-05,0.00022890171,7.4748306e-05,True
-2.9313029e-05,5.4252032e-05,3.33548e-05,-1.11233785e-05,0.00011962744,8.356506e-05,False
-0.00016157127,-1.2635314e-05,3.7852347e-05,-8.6825916e-05,6.155529e-05,0.00014893596,False
-0.00020202767,-0.0001467667,4.597677e-05,-0.00023688117,-5.6652236e-05,5.526097e-05,True
-0.00022832149,-0.00019225384,2.9588824e-05,-0.00025024795,-0.00013425974,3.606765e-05,True
-0.00016035883,-0.00020593985,3.3689063e-05,-0.0002719704,-0.00013990929,4.5581022e-05,True
4.213924e-05,-0.00013611295,3.2912765e-05,-0.00020062197,-7.1603936e-05,0.0001782522,False
0.00021409361,3.9326682e-05,6.597767e-05,-8.998955e-05,0.00016864292,0.00017476693,False
0.00019966614,0.00021728175,5.6957317e-05,0.000105645406,0.0003289181,1.7615603e-05,True
0.00013200942,0.00020636851,4.2556105e-05,0.00012295853,0.0002897785,7.435909e-05,True
-3.2489093e-05,0.00013485024,3.7945894e-05,6.047629e-05,0.00020922419,0.00016733934,False
-1.4209408e-05,-1.1324263e-05,4.924269e-05,-0.000107839944,8.5191416e-05,2.8851446e-06,True
-7.943823e-05,-2.9802175e-05,3.5000572e-05,-9.84033e-05,3.879895e-05,4.963605e-05,True
-8.0900754e-05,-7.9550555e-05,2.7838045e-05,-0.00013411313,-2.4987985e-05,1.3501995e-06,True
-8.83461e-05,-7.3393545e-05,3.3396685e-05,-0.00013885106,-7.93604e-06,1.4952559e-05,True
4.1366962e-05,-6.895887e-05,2.9454422e-05,-0.00012668954,-1.12282e-05,0.00011032583,False
-6.944786e-05,4.716956e-05,4.8725065e-05,-4.8331567e-05,0.00014267069,0.00011661742,False
-0.00031240107,-5.895671e-05,4.1594376e-05,-0.00014048169,2.256827e-05,0.00025344436,False
-0.00046498823,-0.00027609387,5.239695e-05,-0.00037879188,-0.00017339585,0.00018889437,False
-0.00032667205,-0.00044475534,4.686202e-05,-0.0005366049,-0.00035290577,0.00011808329,False
-9.202677e-05,-0.00034687482,5.1018193e-05,-0.0004468705,-0.00024687915,0.00025484804,False
7.855015e-06,-0.00011886335,6.922973e-05,-0.00025455363,1.6826933e-05,0.00012671837,True
-0.00019446027,-2.0036714e-05,3.8286762e-05,-9.507877e-05,5.5005345e-05,0.00017442356,False
-0.00032237716,-0.00019443559,7.05442e-05,-0.00033270224,-5.6168952e-05,0.00012794157,True
-0.00015634303,-0.00035765072,5.03616e-05,-0.00045635944,-0.000258942,0.00020130769,False
-0.0003114738,-0.00022142373,6.0190287e-05,-0.0003393967,-0.000103450766,9.005006e-05,True
-0.00044070175,-0.0003289532,5.4699976e-05,-0.00043616517,-0.00022174124,0.00011174855,False
-0.00044129512,-0.00045132358,3.5841775e-05,-0.0005215735,-0.00038107368,1.0028452e-05,True
-0.00037998948,-0.00045556374,3.3838052e-05,-0.00052188634,-0.00038924115,7.5574266e-05,False
-0.00035023925,-0.000372065,3.0724856e-05,-0.0004322857,-0.00031184428,2.1825748e-05,True
-0.00037955557,-0.00033706232,3.8079575e-05,-0.0004116983,-0.00026242633,4.249325e-05,True
-0.00034865353,-0.0003607286,3.3880475e-05,-0.00042713434,-0.00029432285,1.2075063e-05,True
-0.00030085433,-0.00032707342,3.4720415e-05,-0.00039512542,-0.0002590214,2.6219088e-05,True
-9.102105e-05,-0.00029304775,3.2240212e-05,-0.00035623857,-0.00022985693,0.0002020267,False
0.0001396416,-5.9452454e-05,6.26724e-05,-0.00018229036,6.338546e-05,0.00019909407,False
-3.5710396e-05,0.00018338581,6.896455e-05,4.8215283e-05,0.00031855633,0.00021909621,False
3.874581e-05,6.382177e-07,6.466419e-05,-0.00012610361,0.00012738004,3.810759e-05,True
6.232245e-05,5.29627e-05,5.2470543e-05,-4.9879563e-05,0.00015580497,9.359748e-06,True
9.966436e-05,9.6162286e-05,3.5730416e-05,2.613067e-05,0.0001661939,3.5020712e-06,True
0.00017638874,0.00012841591,3.982881e-05,5.035144e-05,0.00020648038,4.7972833e-05,True
0.00027170236,0.00020157754,4.2323692e-05,0.0001186231,0.00028453197,7.012482e-05,True
0.00032815948,0.00030011465,5.9777554e-05,0.00018295064,0.00041727867,2.804483e-05,True
0.00016431509,0.00036865688,5.2671337e-05,0.00026542105,0.0004718927,0.00020434179,False
0.0002614249,0.00020546606,6.527242e-05,7.753211e-05,0.0003334,5.5958837e-05,True
0.0002826729,0.00027762642,5.6238376e-05,0.0001673992,0.00038785365,5.046488e-06,True
0.0001980566,0.00031125612,6.2425126e-05,0.00018890288,0.00043360936,0.00011319952,True
0.000118130185,0.00024549925,4.601896e-05,0.00015530208,0.00033569642,0.00012736907,False
0.00023593027,0.00015980579,4.0379942e-05,8.06611e-05,0.00023895048,7.612449e-05,True
0.00035158597,0.00022242538,5.293285e-05,0.000118676995,0.0003261738,0.00012916059,False
0.00047919428,0.00034385492,5.2793508e-05,0.00024037964,0.00044733018,0.00013533936,False
0.00021695883,0.0004472444,7.226469e-05,0.00030560562,0.0005888832,0.00023028559,False
0.0002555572,0.00019824693,7.819048e-05,4.4993576e-05,0.0003515003,5.7310288e-05,True
0.00016987944,0.00019880642,5.015314e-05,0.000100506266,0.00029710657,2.8926981e-05,True
0.00020603264,0.00013789989,4.1463405e-05,5.663161e-05,0.00021916817,6.813275e-05,True
5.952719e-05,0.00016198383,4.3645443e-05,7.643876e-05,0.0002475289,0.000102456645,False
-7.4322666e-06,2.6542595e-05,5.0288447e-05,-7.202277e-05,0.00012510795,3.3974862e-05,True
-0.0001525779,-5.1018495e-05,3.6295878e-05,-0.00012215841,2.0121424e-05,0.0001015594,False
-0.00013226227,-0.0001775675,4.89302e-05,-0.0002734707,-8.166431e-05,4.5305234e-05,True
-0.00010330141,-0.00017673387,3.320795e-05,-0.00024182146,-0.00011164628,7.343246e-05,False
8.545086e-05,-0.00013734844,4.3407574e-05,-0.00022242729,-5.2269592e-05,0.00022279931,False
0.00028909135,5.450492e-05,6.686496e-05,-7.65504e-05,0.00018556023,0.00023458642,False
0.00024565088,0.0002494884,7.837693e-05,9.586962e-05,0.00040310717,3.8375147e-06,True
0.00019519703,0.00018994938,4.6480804e-05,9.8847006e-05,0.00028105176,5.2476535e-06,True
0.00022841284,0.00014152616,3.4533336e-05,7.384083e-05,0.0002092115,8.688668e-05,False
4.756321e-05,0.00014987364,4.2218526e-05,6.712533e-05,0.00023262194,0.00010231043,False
6.857969e-05,-9.298441e-06,5.0197323e-05,-0.0001076852,8.908832e-05,7.787813e-05,True
-0.00014505364,-3.5859524e-05,3.7983824e-05,-0.000110307825,3.8588772e-05,0.00010919411,False
-0.00027411807,-0.00021774677,5.8439666e-05,-0.0003322885,-0.00010320502,5.6371297e-05,True
-0.000353961,-0.00035069007,4.1976025e-05,-0.00043296308,-0.00026841706,3.2709213e-06,True
-0.0005843912,-0.0004241138,4.451887e-05,-0.0005113708,-0.0003368568,0.00016027738,False
-0.00064148585,-0.00061244454,6.815257e-05,-0.0007460236,-0.0004788655,2.9041315e-05,True
-0.0008146861,-0.00069477624,5.221804e-05,-0.0007971236,-0.0005924289,0.00011990988,False
-0.00078524614,-0.000819854,7.899362e-05,-0.00097468146,-0.0006650265,3.460783e-05,True
-0.00074447633,-0.0008027485,5.3738197e-05,-0.00090807537,-0.0006974216,5.8272155e-05,True
-0.000588739,-0.0007696473,5.413772e-05,-0.00087575725,-0.00066353736,0.0001809083,False
-0.00049001863,-0.0006265765,5.1824554e-05,-0.00072815263,-0.00052500033,0.00013655785,False
-0.0005046013,-0.00052269053,4.4066448e-05,-0.00060906075,-0.0004363203,1.8089253e-05,True
-0.00031345655,-0.0005127743,4.0431198e-05,-0.0005920194,-0.00043352915,0.00019931773,False
-0.00026949678,-0.00032759493,6.943422e-05,-0.000463686,-0.00019150384,5.8098143e-05,True
-0.0003915243,-0.00027226686,3.8843427e-05,-0.00034839998,-0.00019613374,0.00011925746,False
-0.00039534373,-0.00037815317,5.660008e-05,-0.00048908935,-0.000267217,1.7190556e-05,True
-0.0002433658,-0.0004079757,3.68558e-05,-0.00048021306,-0.00033573832,0.0001646099,False
-0.00029466627,-0.00026606672,4.8411883e-05,-0.00036095403,-0.00017117943,2.8599548e-05,True
-0.0003974943,-0.00028687794,3.0920568e-05,-0.00034748224,-0.00022627362,0.000110616355,False
-0.00032924433,-0.00038605998,3.4692068e-05,-0.00045405643,-0.00031806354,5.6815654e-05,True
-0.00024573112,-0.0003247611,4.0117975e-05,-0.0004033923,-0.00024612987,7.902997e-05,False
-0.000270841,-0.0002467151,4.097726e-05,-0.00032703052,-0.00016639967,2.4125911e-05,True
-0.00035723965,-0.00025264593,3.5345074e-05,-0.00032192227,-0.00018336959,0.000104593724,False
-0.00031778408,-0.00032877646,3.8862654e-05,-0.00040494726,-0.00025260565,1.0992371e-05,True
-0.00022427885,-0.0003073518,3.660886e-05,-0.00037910516,-0.00023559842,8.307294e-05,False
-0.00018720473,-0.0002042,3.915248e-05,-0.00028093887,-0.00012746113,1.699527e-05,True
-1.230461e-05,-0.00016235556,3.8738148e-05,-0.00023828233,-8.642879e-05,0.00015005095,False
-7.8726654e-05,8.788009e-06,4.9523358e-05,-8.8277775e-05,0.0001058538,8.7514665e-05,True
-9.483518e-05,-2.7062524e-05,4.754223e-05,-0.0001202453,6.612025e-05,6.777266e-05,True
-7.247136e-05,-5.8296922e-05,3.832879e-05,-0.00013342136,1.6827507e-05,1.4174439e-05,True
-0.00013818734,-2.4708559e-05,2.7183789e-05,-7.7988785e-05,2.8571667e-05,0.00011347879,False
-5.6402827e-05,-8.8159504e-05,3.0802476e-05,-0.00014853236,-2.778665e-05,3.1756677e-05,True
-0.00018896916,-3.6611484e-05,4.4934994e-05,-0.00012468407,5.1461102e-05,0.00015235768,False
-0.00016723,-0.00014798537,5.0432915e-05,-0.0002468339,-4.9136856e-05,1.9244631e-05,True
-0.00017542359,-0.0001314553,3.1848303e-05,-0.00019387796,-6.903262e-05,4.396829e-05,True
-0.000108352135,-0.00014347507,3.15286e-05,-0.00020527114,-8.167901e-05,3.512294e-05,True
-3.5584006e-05,-0.00010228869,3.7787122e-05,-0.00017635146,-2.8225935e-05,6.6704684e-05,True
5.9035985e-05,-2.358665e-05,3.5445944e-05,-9.3060706e-05,4.5887402e-05,8.262263e-05,False
-5.9317586e-05,3.9274735e-05,3.3585504e-05,-2.6552854e-05,0.00010510233,9.8592325e-05,False
-4.4247987e-05,-7.711522e-05,4.937142e-05,-0.0001738832,1.9652769e-05,3.2867232e-05,True
-0.000119574834,-7.286116e-05,3.7946324e-05,-0.00014723596,1.513632e-06,4.671367e-05,True
-6.818811e-05,-0.00013792295,3.565752e-05,-0.00020781168,-6.803421e-05,6.9734844e-05,True
-5.7486115e-05,-9.800388e-05,4.1916945e-05,-0.00018016109,-1.5846672e-05,4.0517767e-05,True
2.13092e-05,-6.201389e-05,3.648052e-05,-0.00013351571,9.487929e-06,8.332309e-05,False
7.059836e-05,2.8307966e-05,4.7490234e-05,-6.4772896e-05,0.000121388824,4.2290398e-05,True
-7.2760246e-05,5.5988363e-05,4.5148336e-05,-3.250238e-05,0.0001444791,0.00012874861,False
-3.319679e-05,-8.6248125e-05,6.1736195e-05,-0.00020725107,3.475482e-05,5.3051335e-05,True
-0.00015934302,-7.575499e-05,4.4524855e-05,-0.00016302371,1.1513723e-05,8.358803e-05,True
-0.00016444738,-0.0001670112,4.4303346e-05,-0.00025384576,-8.017664e-05,2.5638146e-06,True
-0.00015667678,-0.00018441943,3.1130847e-05,-0.0002454359,-0.00012340298,2.7742659e-05,True
-0.00013713718,-0.00019116391,2.7962651e-05,-0.0002459707,-0.00013635712,5.4026736e-05,True
-0.0002612883,-0.00016855757,3.232697e-05,-0.00023191844,-0.000105196705,9.273074e-05,False
-0.00047791013,-0.00028029588,3.9181643e-05,-0.0003570919,-0.00020349986,0.00019761425,False
-0.00057195534,-0.00047723562,6.852814e-05,-0.00061155076,-0.00034292048,9.4719726e-05,True
-0.00054796005,-0.00058731186,5.3052325e-05,-0.00069129444,-0.0004833293,3.9351813e-05,True
-0.0005380484,-0.0005688144,4.4876597e-05,-0.0006567725,-0.00048085628,3.076601e-05,True
-0.00038122246,-0.00054646865,3.8380287e-05,-0.000621694,-0.0004712433,0.0001652462,False
-0.0003463411,-0.00037933578,5.703252e-05,-0.0004911195,-0.00026755204,3.2994663e-05,True
-0.00021518819,-0.00034413085,2.8330758e-05,-0.00039965913,-0.00028860258,0.00012894266,False
-0.00027319128,-0.00024157712,4.5383335e-05,-0.00033052845,-0.00015262578,3.1614167e-05,True
-0.00032027284,-0.00028552389,3.785382e-05,-0.00035971738,-0.00021133039,3.4748955e-05,True
-0.00020066298,-0.0003407261,3.085665e-05,-0.00040120515,-0.00028024707,0.00014006313,False
-0.0002865232,-0.00023670885,4.2005577e-05,-0.00031903977,-0.00015437792,4.981435e-05,True
-0.00021504296,-0.00031269793,4.4307097e-05,-0.00039953983,-0.00022585603,9.765496e-05,False
-0.00019221945,-0.0002850039,3.6315054e-05,-0.0003561814,-0.00021382638,9.278444e-05,False
-0.0001716979,-0.00024592868,3.4044046e-05,-0.000312655,-0.00017920235,7.4230775e-05,False
-0.00029590033,-0.00022460292,3.1980402e-05,-0.0002872845,-0.00016192133,7.1297414e-05,False
-0.0003385857,-0.00033688746,4.1114632e-05,-0.00041747215,-0.00025630277,1.6982376e-06,True
-0.00021710781,-0.0003827824,3.298597e-05,-0.0004474349,-0.0003181299,0.00016567459,False
-0.000113303024,-0.00025173335,4.5120167e-05,-0.0003401689,-0.00016329782,0.00013843033,False
-9.68927e-05,-0.00015847226,3.6903333e-05,-0.0002308028,-8.614173e-05,6.1579565e-05,True
-0.00029358675,-0.00014986226,3.4681583e-05,-0.00021783815,-8.1886355e-05,0.0001437245,False
-0.00021342425,-0.00033493052,5.3907435e-05,-0.0004405891,-0.00022927194,0.000121506266,False
-0.00017847963,-0.00029109663,3.7030968e-05,-0.00036367733,-0.00021851592,0.000112616995,False
-4.996151e-05,-0.00024940135,3.33563e-05,-0.0003147797,-0.000184023,0.00019943983,False
-0.00011638146,-0.00011327514,4.2668387e-05,-0.00019690518,-2.9645103e-05,3.1063173e-06,True
-0.00024153525,-0.00015975669,3.7498517e-05,-0.00023325378,-8.625959e-05,8.177856e-05,False
-0.00027030622,-0.0002705742,4.04261e-05,-0.00034980936,-0.00019133906,2.6798807e-07,True
-0.00030123725,-0.00031659336,4.435441e-05,-0.00040352799,-0.00022965872,1.5356112e-05,True
-0.0002840544,-0.0003408776,3.0906427e-05,-0.0004014542,-0.000280301,5.682319e-05,True
-0.00036031107,-0.0003213715,3.43362e-05,-0.00038867048,-0.00025407254,3.8939557e-05,True
-0.0004849072,-0.00037662475,4.3862023e-05,-0.00046259433,-0.00029065518,0.00010828246,False
-0.0005127476,-0.00049996993,4.9609407e-05,-0.0005972044,-0.0004027355,1.27776875e-05,True
-0.00055577076,-0.0005338039,3.307944e-05,-0.0005986396,-0.00046896818,2.1966873e-05,True
-0.0007110354,-0.0005792006,4.603263e-05,-0.0006694246,-0.00048897666,0.00013183476,False
-0.00069874624,-0.00071200845,6.712078e-05,-0.0008435652,-0.0005804517,1.3262208e-05,True
-0.00045602856,-0.0007087484,4.240426e-05,-0.00079186074,-0.0006256361,0.00025271985,False
-0.0003110307,-0.00048600129,6.583335e-05,-0.00061503466,-0.0003569679,0.0001749706,False
-0.0002623759,-0.0003107741,4.3374144e-05,-0.0003957874,-0.00022576078,4.8398215e-05,True
-0.00015705456,-0.00027346128,3.1844607e-05,-0.0003358767,-0.00021104584,0.00011640672,False
-0.00027692126,-0.0002190869,4.4366265e-05,-0.00030604476,-0.00013212902,5.783436e-05,True
-0.00045700645,-0.00034601003,5.503132e-05,-0.0004538714,-0.00023814864,0.00011099642,False
-0.00052933564,-0.0005014512,7.2286726e-05,-0.0006431332,-0.0003597692,2.7884438e-05,True
-0.00056576467,-0.0005811828,5.738969e-05,-0.0006936666,-0.00046869897,1.5418103e-05,True
-0.0006646417,-0.000617936,5.1196137e-05,-0.00071828044,-0.0005175916,4.6705652e-05,True
-0.00055314996,-0.0006987844,6.306111e-05,-0.0008223842,-0.00057518465,0.00014563446,False
-0.0005660622,-0.00064625184,5.22843e-05,-0.00074872904,-0.00054377463,8.018961e-05,True
-0.0006253406,-0.00064071926,4.8169055e-05,-0.0007351306,-0.0005463079,1.5378639e-05,True
-0.00079385616,-0.0006862564,5.5891203e-05,-0.00079580315,-0.00057670963,0.00010759977,True
-0.0008075967,-0.0008218691,6.718126e-05,-0.0009535444,-0.00069019385,1.4272402e-05,True
-0.0008493272,-0.0008341202,5.8811645e-05,-0.00094939105,-0.00071884936,1.5206984e-05,True
-0.0010893021,-0.00086703466,5.253162e-05,-0.0009699966,-0.0007640727,0.00022226747,False
-0.0012400027,-0.0010243384,9.993425e-05,-0.0012202095,-0.0008284673,0.00021566427,False
-0.0011290765,-0.0011473595,8.739898e-05,-0.0013186615,-0.0009760575,1.8283026e-05,True
-0.0011030278,-0.0010808571,9.0487825e-05,-0.0012582133,-0.000903501,2.2170716e-05,True
-0.0010903882,-0.0009993394,7.00586e-05,-0.0011366543,-0.0008620245,9.104877e-05,True
-0.0009365724,-0.0010091249,6.559301e-05,-0.0011376872,-0.0008805626,7.255253e-05,True
-0.0008244595,-0.000863654,7.352197e-05,-0.0010077571,-0.00071955094,3.9194536e-05,True
-0.000740404,-0.00076043117,6.489479e-05,-0.000887625,-0.00063323736,2.002716e-05,True
-0.00081760134,-0.00067859405,5.9079834e-05,-0.0007943905,-0.0005627976,0.00013900729,False
-0.0007076676,-0.00073483516,6.27174e-05,-0.00085776125,-0.0006119091,2.7167553e-05,True
-0.0005965153,-0.00065705436,5.8577993e-05,-0.0007718672,-0.0005422415,6.0539052e-05,True
-0.00069747824,-0.000573898,4.1858988e-05,-0.00065594167,-0.0004918544,0.00012358022,False
-0.0006508929,-0.0006292523,5.7776233e-05,-0.0007424937,-0.00051601086,2.1640619e-05,True
-0.00057429273,-0.0005785337,4.7274345e-05,-0.0006711914,-0.00048587596,4.240952e-06,True
-0.00036474873,-0.0005020154,5.1742383e-05,-0.0006034305,-0.00040060031,0.00013726667,False
-0.00020862935,-0.00031442492,6.662947e-05,-0.0004450187,-0.00018383116,0.00010579557,True
-0.00018865483,-0.0001738311,4.766198e-05,-0.00026724857,-8.0413614e-05,1.482373e-05,True
-7.3426204e-06,-0.00016806275,4.248587e-05,-0.00025133506,-8.479044e-05,0.00016072013,False
1.3082865e-06,-9.941951e-06,7.478261e-05,-0.00015651587,0.00013663196,1.1250238e-05,True
0.00010735421,3.8485854e-05,3.860355e-05,-3.7177106e-05,0.00011414882,6.886835e-05,True
0.0003043496,0.00012533156,4.4473974e-05,3.8162565e-05,0.00021250054,0.00017901805,False
0.00042563165,0.00029038882,7.450145e-05,0.00014436599,0.00043641165,0.00013524282,True
0.00040162366,0.00041862126,6.33922e-05,0.00029437256,0.00054286997,1.6997597e-05,True
0.00043153824,0.00039228154,5.964094e-05,0.00027538528,0.0005091778,3.92567e-05,True
0.00038931874,0.00043297635,4.544499e-05,0.00034390416,0.00052204856,4.365761e-05,True
0.00037617557,0.0003783775,4.306036e-05,0.0002939792,0.00046277582,2.2019376e-06,True
0.0003427846,0.00035585056,4.680836e-05,0.00026410617,0.00044759494,1.3065961e-05,True
0.00036128666,0.0003165141,4.3447642e-05,0.00023135674,0.00040167148,4.4772547e-05,True
0.0003323938,0.0003233928,4.709634e-05,0.00023108398,0.00041570162,9.001e-06,True
0.00038437068,0.00028336942,4.384955e-05,0.00019742429,0.00036931454,0.000101001264,False
0.00031618084,0.00033618428,4.8709295e-05,0.00024071406,0.0004316545,2.0003441e-05,True
0.0003976057,0.00028081777,4.1167095e-05,0.00020013025,0.00036150528,0.00011678794,False
0.0003238213,0.00034089372,5.8286136e-05,0.00022665289,0.00045513455,1.7072423e-05,True
0.00043278714,0.00028682104,4.7857655e-05,0.00019302004,0.00038062205,0.0001459661,False
0.0005565728,0.00035277885,7.574015e-05,0.00020432816,0.00050122954,0.00020379396,False
0.0005673338,0.0004965076,7.989115e-05,0.00033992098,0.00065309426,7.082615e-05,True
0.00044927222,0.000507561,5.787126e-05,0.00039413336,0.0006209887,5.8288802e-05,True
0.0004215956,0.0003983634,6.79862e-05,0.00026511046,0.00053161633,2.323222e-05,True
0.00026680232,0.00032490346,4.2639153e-05,0.00024133072,0.00040847622,5.810114e-05,True
0.00027797083,0.00019151879,4.927387e-05,9.494201e-05,0.00028809556,8.645204e-05,True
0.00022202724,0.00017210172,3.4747383e-05,0.00010399685,0.00024020659,4.9925526e-05,True
-0.00010897573,0.00010195686,4.27631e-05,1.8141181e-05,0.00018577254,0.00021093259,False
-0.00016026839,-0.00018263258,9.147655e-05,-0.00036192662,-3.338544e-06,2.2364184e-05,True
-0.00031268553,-0.00026581873,3.7999067e-05,-0.0003402969,-0.00019134056,4.68668e-05,True
-0.00027720147,-0.00037851147,5.5403536e-05,-0.0004871024,-0.00026992054,0.00010131,True
-0.00010337849,-0.00035967547,3.5789053e-05,-0.00042982202,-0.00028952892,0.00025629697,False
-0.00026994522,-0.00017464884,6.3834974e-05,-0.00029976538,-4.953229e-05,9.5296375e-05,True
-0.00040359158,-0.00031479343,4.7305482e-05,-0.00040751218,-0.00022207468,8.8798144e-05,True
-0.0004625396,-0.00044268623,4.4350814e-05,-0.0005296138,-0.00035575865,1.9853382e-05,True
-0.00050869404,-0.0004858909,4.734529e-05,-0.00057868764,-0.00039309412,2.2803142e-05,True
-0.0006688907,-0.00051772833,4.192582e-05,-0.00059990294,-0.00043555372,0.00015116239,False
-0.0008050257,-0.00066257373,5.5463926e-05,-0.00077128306,-0.0005538644,0.00014245196,False
-0.0011056602,-0.00077440165,5.658997e-05,-0.000885318,-0.0006634853,0.00033125858,False
-0.0010926415,-0.0010390853,0.00010161375,-0.0012382483,-0.00083992234,5.355617e-05,True
-0.0011684907,-0.0010339752,7.848858e-05,-0.0011878128,-0.00088013755,0.00013451558,True
-0.0009834543,-0.0010998475,7.442146e-05,-0.0012457136,-0.0009539814,0.0001163932,True
-0.00077258033,-0.0009373549,8.054806e-05,-0.0010952291,-0.00077948073,0.0001647746,False
-0.0006893613,-0.0006974753,5.5604978e-05,-0.00080646103,-0.0005884895,8.113973e-06,True
-0.0005264116,-0.0006019327,4.95995e-05,-0.0006991477,-0.0005047177,7.552112e-05,True
-0.00043994802,-0.00042900842,5.3312568e-05,-0.00053350104,-0.0003245158,1.0939606e-05,True
-0.00038410362,-0.0003555927,4.7840687e-05,-0.00044936044,-0.00026182496,2.8510927e-05,True
-0.00047855516,-0.00028599557,3.946831e-05,-0.00036335347,-0.00020863768,0.00019255959,False
-0.00044607467,-0.0003759836,4.6703914e-05,-0.00046752326,-0.00028444393,7.0091075e-05,True
-0.00019627818,-0.00036058013,3.5897086e-05,-0.00043093844,-0.00029022183,0.00016430195,False
-0.00020085508,-0.00011646537,6.805769e-05,-0.00024985845,1.6927712e-05,8.438971e-05,True
1.2221329e-05,-0.000119149176,5.272355e-05,-0.00022248733,-1.581102e-05,0.0001313705,False
0.00010239985,3.6721372e-05,7.7498924e-05,-0.000115176525,0.00018861928,6.5678476e-05,True
5.168893e-05,0.00012838337,4.530739e-05,3.9580882e-05,0.00021718585,7.669444e-05,True
-2.4568158e-06,9.634657e-05,3.5961e-05,2.586301e-05,0.00016683014,9.8803386e-05,False
0.00013999929,5.382657e-05,3.9848328e-05,-2.4276156e-05,0.0001319293,8.617272e-05,False
0.00012113503,0.00016857735,6.0357357e-05,5.0276925e-05,0.00028687777,4.7442314e-05,True
-3.17963e-05,0.00015465658,4.7187994e-05,6.21681e-05,0.00024714504,0.00018645287,False
-1.2981037e-05,-1.0866298e-05,5.5577915e-05,-0.00011979901,9.806641e-05,2.114739e-06,True
-5.890059e-05,-1.5143338e-05,3.4919827e-05,-8.35862e-05,5.3299522e-05,4.3757253e-05,True
-0.00010667325,-6.3044325e-05,3.70392e-05,-0.00013564117,9.55251e-06,4.3628927e-05,True
-0.00026944163,-0.0001235308,3.6751844e-05,-0.00019556441,-5.1497183e-05,0.00014591083,False
-0.0003374356,-0.00026106433,5.222681e-05,-0.00036342887,-0.00015869978,7.6371274e-05,True
-0.0002008019,-0.0003342921,3.1953234e-05,-0.00039692043,-0.00027166377,0.0001334902,False
-0.00032503225,-0.00021903079,5.269608e-05,-0.0003223151,-0.000115746465,0.00010600146,False
-0.00017043708,-0.00032367717,5.6616256e-05,-0.00043464504,-0.0002127093,0.0001532401,False
-0.00019213698,-0.00020446123,5.2402607e-05,-0.00030717035,-0.00010175212,1.232425e-05,True
-0.00011151873,-0.0002027071,3.2412994e-05,-0.00026623657,-0.00013917763,9.118837e-05,False
-0.00027041195,-0.00013585859,3.1581745e-05,-0.00019775881,-7.395836e-05,0.00013455337,False
-0.00019970867,-0.0003033203,5.287655e-05,-0.00040695834,-0.00019968225,0.00010361163,True
-0.0003782412,-0.00024661177,5.1289207e-05,-0.00034713862,-0.00014608493,0.00013162944,False
-0.00047089983,-0.00037456042,5.115551e-05,-0.0004748252,-0.00027429563,9.633941e-05,True
-0.0005040883,-0.00045199608,4.2421474e-05,-0.00053514214,-0.00036885,5.209222e-05,True
-0.00057117833,-0.00050713046,4.4237022e-05,-0.000593835,-0.0004204259,6.404787e-05,True
-0.0005493513,-0.000544963,3.9423405e-05,-0.00062223285,-0.0004676931,4.3882756e-06,True
-0.00040770406,-0.0005276745,4.2006875e-05,-0.00061000796,-0.00044534102,0.00011997044,False
-0.0005015996,-0.0004055789,5.2025494e-05,-0.00050754886,-0.00030360895,9.6020725e-05,True
-0.0004774462,-0.00046755484,4.9652135e-05,-0.00056487304,-0.00037023664,9.891373e-06,True
-0.00059478194,-0.00047049054,4.020339e-05,-0.00054928917,-0.0003916919,0.0001242914,False
-0.00044304295,-0.0005618936,5.1790732e-05,-0.0006634035,-0.00046038377,0.00011885067,False
-0.00038042667,-0.00046294634,4.6792284e-05,-0.00055465923,-0.00037123344,8.251966e-05,True
-0.000487952,-0.00036412594,3.7278227e-05,-0.00043719128,-0.0002910606,0.00012382606,False
-0.00053606153,-0.000465007,5.199049e-05,-0.0005669084,-0.00036310565,7.105453e-05,True
-0.00041600305,-0.0005185783,4.1235377e-05,-0.0005993996,-0.00043775694,0.00010257523,False
-0.00026206297,-0.00039827992,4.422019e-05,-0.00048495148,-0.00031160837,0.00013621696,False
-0.00015900953,-0.00024207178,5.265285e-05,-0.00034527137,-0.00013887219,8.3062245e-05,True
-0.0002156564,-0.00011374565,4.0873845e-05,-0.00019385839,-3.363291e-05,0.00010191075,False
-1.3968328e-05,-0.0001786397,3.773485e-05,-0.0002526,-0.00010467939,0.00016467138,False
-1.5236583e-05,9.164092e-06,8.643479e-05,-0.00016024809,0.00017857629,2.4400675e-05,True
-6.0933366e-05,1.1334218e-05,4.0576477e-05,-6.819568e-05,9.0864116e-05,7.226758e-05,True
0.00012618041,-5.2287625e-05,3.609634e-05,-0.00012303644,1.8461196e-05,0.00017846804,False
9.141581e-05,8.790846e-05,7.3310126e-05,-5.577939e-05,0.00023159632,3.5073463e-06,True
0.00033007225,7.6951306e-05,4.716346e-05,-1.5489073e-05,0.00016939169,0.00025312093,False
0.00031687215,0.00028952703,8.2085746e-05,0.00012863896,0.0004504151,2.7345115e-05,True
0.00042654417,0.00028832626,5.5512064e-05,0.00017952261,0.00039712992,0.0001382179,False
0.0003742642,0.00037950583,6.194548e-05,0.00025809268,0.00050091895,5.241629e-06,True
0.00031139114,0.00032745046,5.7031582e-05,0.00021566855,0.00043923236,1.6059319e-05,True
0.00022593082,0.00028298184,4.1397303e-05,0.00020184313,0.00036412055,5.7051016e-05,True
0.00015931754,0.00018281098,3.9214166e-05,0.000105951214,0.00025967075,2.3493441e-05,True
-3.3651468e-06,0.00012117458,3.9399067e-05,4.39524e-05,0.00019839675,0.00012453973,False
0.00013236601,-1.6289849e-05,4.7352907e-05,-0.00010910155,7.652185e-05,0.00014865586,False
0.00023541076,8.960244e-05,6.5224136e-05,-3.823686e-05,0.00021744175,0.00014580831,False
0.0002528756,0.00020977974,5.5671804e-05,0.000100663005,0.0003188965,4.3095846e-05,True
0.00021507172,0.00022165843,4.0822353e-05,0.00014164661,0.00030167022,6.586706e-06,True
0.0003083588,0.00017746903,4.0857114e-05,9.7389086e-05,0.000257549,0.00013088978,False
0.00049426995,0.00028725073,5.233947e-05,0.00018466538,0.0003898361,0.00020701921,False
0.000508902,0.000436968,8.730437e-05,0.00026585144,0.00060808455,7.193402e-05,True
0.00045104444,0.0004620067,4.842967e-05,0.00036708455,0.00055692886,1.0962249e-05,True
0.00047916747,0.00041208763,4.9914295e-05,0.0003142556,0.00050991966,6.707985e-05,True
0.0005271429,0.00042946465,5.745881e-05,0.00031684537,0.00054208393,9.767825e-05,True
0.00021095376,0.0004781176,4.205164e-05,0.00039569638,0.00056053884,0.00026716385,False
6.1660496e-05,0.00019402239,8.5458e-05,2.6524707e-05,0.00036152007,0.00013236189,True
-1.3580583e-06,2.3177767e-05,4.5563676e-05,-6.612704e-05,0.00011248257,2.4535824e-05,True
2.3435312e-06,-4.231082e-05,3.3347475e-05,-0.00010767187,2.3050226e-05,4.4654353e-05,True
-0.00010642791,-2.9998364e-05,3.0798994e-05,-9.0364396e-05,3.0367666e-05,7.642955e-05,False
-0.0002715719,-0.00013165518,4.3712513e-05,-0.0002173317,-4.5978653e-05,0.00013991671,False
-0.00016009135,-0.00027676797,4.132204e-05,-0.00035775919,-0.00019577677,0.000116676616,False
-0.00016472203,-0.00019116356,4.546517e-05,-0.0002802753,-0.000102051825,2.6441528e-05,True
-0.00028497883,-0.00016909296,2.7551843e-05,-0.00022309458,-0.000115091345,0.000115885865,False
-0.00027365124,-0.00028281732,4.5692468e-05,-0.00037237455,-0.00019326009,9.166077e-06,True
-0.00029460556,-0.0002848281,3.5592573e-05,-0.00035458955,-0.00021506666,9.777461e-06,True
-0.0003670263,-0.00030209485,3.5330417e-05,-0.00037134247,-0.00023284723,6.493146e-05,True
-0.0005839012,-0.00036398313,3.9391598e-05,-0.00044119067,-0.00028677558,0.00021991806,False
-0.0005846291,-0.0005561887,6.2253064e-05,-0.0006782047,-0.0004341727,2.844038e-05,True
-0.0006219586,-0.00056369894,3.9029637e-05,-0.000640197,-0.00048720086,5.825964e-05,True
-0.00045316786,-0.00058550294,5.0104547e-05,-0.0006837079,-0.00048729804,0.00013233509,False
-0.00045103193,-0.00041850057,4.846604e-05,-0.000513494,-0.00032350712,3.253136e-05,True
-0.0004867589,-0.000416724,3.0796415e-05,-0.00047708498,-0.00035636305,7.0034876e-05,False
-0.00029322924,-0.00045773777,4.4495304e-05,-0.00054494856,-0.00037052698,0.00016450853,False
-0.00034686207,-0.00029776755,5.4267653e-05,-0.00040413215,-0.00019140294,4.9094524e-05,True
-0.00036902312,-0.00032860943,4.40843e-05,-0.00041501466,-0.0002422042,4.0413695e-05,True
-0.0002820631,-0.0003478858,4.0378352e-05,-0.00042702738,-0.00026874422,6.582271e-05,True
-0.00031130633,-0.00026090528,4.860598e-05,-0.000356173,-0.00016563755,5.0401053e-05,True
-0.00025409544,-0.00027097305,3.8953545e-05,-0.000347322,-0.0001946241,1.6877602e-05,True
-0.000119655444,-0.00019902173,4.035061e-05,-0.00027810893,-0.000119934535,7.9366284e-05,False
-0.00019441907,-5.3714368e-05,4.809731e-05,-0.00014798509,4.055636e-05,0.00014070471,False
-0.00017634068,-0.00014163087,3.530902e-05,-0.00021083656,-7.242518e-05,3.470981e-05,True
-0.00022858747,-0.0001444708,3.913614e-05,-0.00022117764,-6.776397e-05,8.411666e-05,False
-0.00022543586,-0.00018821094,2.9511359e-05,-0.0002460532,-0.00013036867,3.722492e-05,True
-6.64936e-05,-0.00017088294,3.4729168e-05,-0.00023895211,-0.00010281376,0.000104389335,False
-4.5506386e-05,-2.562561e-05,4.4046446e-05,-0.000111956644,6.0705424e-05,1.9880776e-05,True
9.36568e-05,-3.0745227e-06,3.740587e-05,-7.6390024e-05,7.024098e-05,9.6731324e-05,False
0.00014970015,0.0001257312,6.512257e-05,-1.9090512e-06,0.00025337143,2.3968954e-05,True
0.00015633,0.00018723473,4.223136e-05,0.000104461265,0.0002700082,3.0904732e-05,True
0.00034878962,0.00016386296,3.6931484e-05,9.147725e-05,0.00023624867,0.00018492666,False
0.0004890694,0.00031593197,7.83936e-05,0.00016228051,0.00046958344,0.0001731374,False
0.0006473767,0.00047198686,6.140693e-05,0.00035162928,0.00059234444,0.00017538984,False
0.0005487689,0.0006116515,6.954235e-05,0.0004753485,0.00074795453,6.288261e-05,True
0.0004093438,0.00052643975,6.554817e-05,0.0003979653,0.0006549142,0.000117095944,True
0.00042594323,0.00039118368,5.6518802e-05,0.00028040682,0.0005019605,3.475955e-05,True
0.00047020067,0.00037813198,5.0182105e-05,0.00027977506,0.0004764889,9.206869e-05,True
0.00035988586,0.0004382333,5.5980167e-05,0.0003285122,0.00054795446,7.834745e-05,True
0.00043369387,0.00033411168,4.797787e-05,0.00024007505,0.0004281483,9.958219e-05,False
0.0005370846,0.00036026325,6.048469e-05,0.00024171325,0.00047881325,0.00017682134,False
0.0007289833,0.00046041433,6.464502e-05,0.0003337101,0.00058711856,0.00026856898,False
0.0005881511,0.0006409948,8.983013e-05,0.00046492775,0.00081706187,5.284371e-05,True
0.0004212633,0.00051606575,6.5029184e-05,0.00038860855,0.00064352294,9.480244e-05,True
0.00032681617,0.00035195702,6.207083e-05,0.00023029819,0.00047361583,2.514085e-05,True
0.0002629765,0.0002673391,3.2168897e-05,0.00020428808,0.00033039015,4.362606e-06,True
0.00021581374,0.00021745471,4.4607685e-05,0.00013002365,0.0003048858,1.6409758e-06,True
0.0002207555,0.00015682592,3.937732e-05,7.964637e-05,0.00023400546,6.3929576e-05,True
-0.000113561524,0.00015351643,4.0743114e-05,7.3659925e-05,0.00023337294,0.00026707796,False
-0.00032601273,-0.00013834573,8.743135e-05,-0.00030971118,3.301972e-05,0.000187667,False
-0.0006022027,-0.00037217504,5.944117e-05,-0.00048867974,-0.00025567034,0.00023002768,False
-0.00046807868,-0.0006153911,7.86043e-05,-0.00076945557,-0.00046132668,0.00014731244,True
-0.0006582442,-0.0005168866,5.5997018e-05,-0.00062664074,-0.00040713244,0.0001413576,False
-0.00057825923,-0.0006618752,6.0088645e-05,-0.0007796489,-0.00054410147,8.3615945e-05,True
-0.00067520456,-0.0006128372,5.1676914e-05,-0.00071412395,-0.00051155046,6.2367355e-05,True
-0.0007822197,-0.00067150546,5.885272e-05,-0.0007868568,-0.0005561541,0.00011071423,True
-0.0008707578,-0.0007238829,5.4262342e-05,-0.0008302371,-0.00061752874,0.00014687487,False
-0.0007124807,-0.0008058024,4.8171227e-05,-0.00090021803,-0.0007113868,9.332172e-05,True
-0.00057260867,-0.0006827719,6.5996e-05,-0.00081212405,-0.00055341976,0.00011016324,True
-0.00061703427,-0.00051845243,4.640027e-05,-0.00060939696,-0.0004275079,9.858183e-05,False
-0.0004340266,-0.0005263656,4.6818303e-05,-0.00061812944,-0.0004346017,9.2339e-05,False
-0.0005502276,-0.00039961937,5.834315e-05,-0.00051397196,-0.00028526678,0.00015060822,False
-0.0005291715,-0.000468462,5.8202433e-05,-0.0005825388,-0.00035438524,6.0709484e-05,True
-0.00021218481,-0.0004320855,4.6857363e-05,-0.00052392593,-0.00034024508,0.0002199007,False
-0.00020130615,-0.00013420818,9.849951e-05,-0.00032726722,5.885087e-05,6.7097964e-05,True
-5.7465095e-05,-8.60376e-05,4.4481352e-05,-0.00017322105,1.1458469e-06,2.8572507e-05,True
-3.0572515e-05,3.527629e-05,4.215974e-05,-4.7356803e-05,0.00011790938,6.5848806e-05,True
5.3888187e-05,5.47159e-05,3.6404082e-05,-1.6636106e-05,0.0001260679,8.2771294e-07,True
5.9223476e-05,0.000112348476,4.1003423e-05,3.1981763e-05,0.00019271519,5.3125e-05,True
0.00010604468,0.0001047107,4.0985553e-05,2.4379013e-05,0.00018504239,1.3339813e-06,True
0.00011589225,0.00012091075,3.3560565e-05,5.513204e-05,0.00018668946,5.018497e-06,True
-5.3451695e-05,0.00011518245,3.4771994e-05,4.7029338e-05,0.00018333556,0.00016863414,False
-0.00014854786,-4.2619784e-05,5.4010725e-05,-0.0001484808,6.324124e-05,0.00010592808,False
-5.9568632e-05,-0.00016456851,4.357783e-05,-0.00024998107,-7.915596e-05,0.00010499988,False
-8.774286e-06,-0.000104248014,3.9309372e-05,-0.0001812944,-2.720164e-05,9.5473726e-05,False
0.00013226255,-3.9602884e-05,3.665514e-05,-0.000111446956,3.2241187e-05,0.00017186542,False
0.00011437763,9.174875e-05,5.1143445e-05,-8.492403e-06,0.00019198991,2.2628883e-05,True
-5.742911e-05,8.295311e-05,4.151918e-05,1.5755213e-06,0.0001643307,0.00014038222,False
-0.00014971901,-7.1999726e-05,4.8025686e-05,-0.00016613008,2.2130618e-05,7.771928e-05,True
-6.867753e-05,-0.00016690715,4.305512e-05,-0.0002512952,-8.251912e-05,9.822962e-05,False
-2.1544722e-06,-0.00010905514,4.6411395e-05,-0.00020002147,-1.8088802e-05,0.00010690067,False
0.0002010147,-3.021864e-05,4.112614e-05,-0.00011082587,5.0388597e-05,0.00023123334,False
0.0002240485,0.00014897899,7.2885974e-05,6.122471e-06,0.00029183552,7.506952e-05,True
0.00031412434,0.00019839412,4.9468686e-05,0.00010143549,0.00029535274,0.00011573022,False
0.0002974682,0.0002476397,4.4604258e-05,0.00016021534,0.00033506405,4.9828523e-05,True
0.00018336994,0.0002291271,4.016553e-05,0.00015040266,0.00030785153,4.575716e-05,True
0.00038332143,0.00012596382,3.8728842e-05,5.0055292e-05,0.00020187235,0.0002573576,False
0.00012539652,0.0003068404,9.566991e-05,0.00011932738,0.0004943534,0.00018144389,True
0.00021344099,0.00012377278,8.9338384e-05,-5.1330455e-05,0.00029887602,8.96682e-05,True
0.00023912273,0.00017520768,5.1166382e-05,7.492157e-05,0.00027549377,6.391505e-05,True
0.00025282404,0.00020458896,4.4297773e-05,0.00011776532,0.00029141258,4.8235088e-05,True
6.431279e-05,0.00022360361,3.383534e-05,0.00015728635,0.00028992086,0.00015929082,False
2.0150612e-05,2.2737577e-05,5.052384e-05,-7.628915e-05,0.00012176431,2.586965e-06,True
3.0039326e-05,-2.6500456e-05,2.8785174e-05,-8.29194e-05,2.9918487e-05,5.6539782e-05,False
-0.00010527384,-7.31363e-06,3.446879e-05,-7.487246e-05,6.0245202e-05,9.7960205e-05,False
-0.0002672483,-0.00012630425,4.6249657e-05,-0.00021695357,-3.565492e-05,0.00014094406,False
-0.00030850185,-0.0002812136,5.575938e-05,-0.00039050198,-0.00017192522,2.7288246e-05,True
-0.00030846195,-0.00033626056,4.0746392e-05,-0.00041612348,-0.00025639764,2.7798611e-05,True
-0.0003169325,-0.0003456005,3.386781e-05,-0.00041198143,-0.0002792196,2.8668e-05,True
-0.00025248676,-0.0003470132,3.9187245e-05,-0.00042382022,-0.0002702062,9.452645e-05,False
-0.00025136594,-0.00026703862,3.5763507e-05,-0.0003371351,-0.00019694214,1.5672675e-05,True
-0.00022513686,-0.0002519734,3.108876e-05,-0.00031290736,-0.00019103943,2.683654e-05,True
-0.00037528877,-0.00022435488,3.661944e-05,-0.00029612897,-0.00015258077,0.00015093389,False
-0.00021483186,-0.00034654152,4.7767993e-05,-0.0004401668,-0.00025291624,0.00013170966,False
-0.00012578274,-0.0001882547,5.8629746e-05,-0.000303169,-7.334039e-05,6.2471954e-05,True
0.00018025201,-8.872819e-05,4.4709945e-05,-0.0001763597,-1.0966978e-06,0.00026898022,False
0.0003095685,0.00022947203,9.2273156e-05,4.861664e-05,0.00041032743,8.009648e-05,True
0.00047598648,0.0003642524,6.430275e-05,0.000238219,0.0004902858,0.00011173409,True
0.0006584847,0.0005091604,8.3111925e-05,0.00034626102,0.0006720598,0.0001493243,True
0.00088236004,0.0006626793,7.269141e-05,0.00052020414,0.0008051545,0.00021968072,False
0.00092429854,0.0008784761,0.0001221469,0.00063906814,0.001117884,4.5822468e-05,True
0.0009760207,0.0009000368,8.281593e-05,0.00073771755,0.001062356,7.598393e-05,True
0.0008322269,0.00094743917,6.885048e-05,0.0008124922,0.0010823861,0.000115212286,True
0.0006707321,0.0007869813,9.6674215e-05,0.00059749983,0.0009764628,0.0001162492,True
0.0006601008,0.0006244447,8.298533e-05,0.00046179345,0.0007870959,3.5656092e-05,True
0.0006878555,0.0005847882,5.929045e-05,0.00046857892,0.0007009975,0.000103067316,True
0.000715982,0.000610061,5.7723035e-05,0.0004969238,0.0007231982,0.000105921004,True
0.0007828244,0.0006545997,6.3018175e-05,0.0005310841,0.0007781153,0.00012822472,False
0.00076647877,0.00072074344,7.043605e-05,0.0005826888,0.0008587981,4.573533e-05,True
0.00073469005,0.00069393346,5.976019e-05,0.00057680346,0.00081106345,4.0756597e-05,True
0.00047819354,0.000663943,5.0576822e-05,0.00056481245,0.00076307356,0.00018574946,False
0.0003810823,0.00041199234,8.117468e-05,0.00025288996,0.0005710947,3.0910043e-05,True
0.00034347747,0.00028939446,4.640726e-05,0.00019843623,0.0003803527,5.4083008e-05,True
0.00032153752,0.0002601002,3.5686717e-05,0.00019015424,0.00033004617,6.143731e-05,True
0.00028900156,0.00025299672,4.157177e-05,0.00017151605,0.0003344774,3.6004843e-05,True
4.687565e-05,0.00023154913,4.09839e-05,0.00015122068,0.00031187758,0.00018467348,False
4.2477535e-05,9.426085e-06,7.2853494e-05,-0.00013336676,0.00015221894,3.3051452e-05,True
-3.712172e-05,-3.3156193e-05,3.4482266e-05,-0.00010074144,3.442905e-05,3.965528e-06,True
0.00011690713,-9.206103e-05,3.5401303e-05,-0.00016144759,-2.2674481e-05,0.00020896817,False
8.522672e-05,7.3153235e-05,5.7093483e-05,-3.8749997e-05,0.00018505647,1.2073484e-05,True
0.00010677357,4.6403857e-05,4.4578002e-05,-4.096903e-05,0.00013377675,6.0369715e-05,True
0.00010064126,5.2923955e-05,3.3936376e-05,-1.3591343e-05,0.00011943925,4.77173e-05,True
-2.7456193e-05,6.9633345e-05,3.0347319e-05,1.0152598e-05,0.0001291141,9.7089534e-05,False
-6.021293e-05,-6.752152e-05,4.4602253e-05,-0.00015494194,1.98989e-05,7.3085903e-06,True
-0.00013377944,-0.00011728151,3.107283e-05,-0.00017818426,-5.6378765e-05,1.6497928e-05,True
-9.973538e-06,-0.00019060117,4.029458e-05,-0.00026957854,-0.0001116238,0.00018062764,False
-0.0002671804,-8.0008125e-05,5.508313e-05,-0.00018797106,2.7954811e-05,0.00018717229,False
